customerID,gender,SeniorCitizen,Partner,Dependents,tenure,PhoneService,MultipleLines,InternetService,OnlineSecurity,OnlineBackup,DeviceProtection,TechSupport,StreamingTV,StreamingMovies,Contract,PaperlessBilling,PaymentMethod,MonthlyCharges,TotalCharges,Churn
CUST-1000,Male,0,Yes,No,2,Yes,No,Fiber optic,Yes,No,Yes,Yes,No,No,Month-to-month,Yes,Bank transfer (automatic),87.87,180.44,Yes
CUST-1001,Female,0,Yes,No,4,No,No phone service,No,No internet service,No internet service,No internet service,No internet service,No internet service,No internet service,One year,Yes,Mailed check,18.86,68.08,No
CUST-1002,Female,1,Yes,No,45,Yes,Yes,Fiber optic,Yes,No,No,Yes,No,Yes,Month-to-month,Yes,Credit card (automatic),77.18,3464.37,Yes
CUST-1003,Female,0,No,Yes,13,No,No phone service,DSL,Yes,Yes,Yes,No,Yes,No,Month-to-month,No,Mailed check,69.39,893.36,No
CUST-1004,Male,1,Yes,Yes,55,Yes,No,Fiber optic,No,No,No,No,Yes,No,Two year,Yes,Credit card (automatic),90.41,4978.59,No
CUST-1005,Male,0,No,Yes,32,Yes,No,No,No internet service,No internet service,No internet service,No internet service,No internet service,No internet service,Month-to-month,Yes,Credit card (automatic),21.98,706.5,No
CUST-1006,Male,0,Yes,Yes,22,Yes,No,DSL,No,Yes,No,No,Yes,No,One year,No,Electronic check,62.06,1374.94,No
CUST-1007,Female,1,No,No,55,No,No phone service,DSL,Yes,Yes,No,No,Yes,No,Month-to-month,No,Electronic check,66.99,3687.32,Yes
CUST-1008,Female,0,No,No,17,No,No phone service,DSL,No,No,Yes,No,No,No,Month-to-month,No,Mailed check,49.29,832.92,Yes
CUST-1009,Female,0,No,Yes,70,Yes,No,Fiber optic,No,No,Yes,No,Yes,Yes,Month-to-month,Yes,Electronic check,90.36,6316.99,Yes
CUST-1010,Male,0,No,Yes,51,Yes,No,Fiber optic,Yes,No,Yes,Yes,Yes,Yes,One year,No,Bank transfer (automatic),110.51,5633.32,No
CUST-1011,Female,0,No,Yes,8,Yes,No,No,No internet service,No internet service,No internet service,No internet service,No internet service,No internet service,Two year,Yes,Bank transfer (automatic),21.84,168.71,Yes
CUST-1012,Female,0,No,No,61,Yes,Yes,DSL,No,No,Yes,Yes,No,No,Two year,Yes,Electronic check,57.53,3511.9,No
CUST-1013,Male,0,Yes,No,10,No,No phone service,Fiber optic,No,Yes,No,No,No,Yes,One year,Yes,Bank transfer (automatic),74.56,737.52,Yes
CUST-1014,Male,0,No,No,19,Yes,No,No,No internet service,No internet service,No internet service,No internet service,No internet service,No internet service,One year,Yes,Electronic check,25.99,499.26,Yes
CUST-1015,Male,0,Yes,No,14,Yes,No,DSL,Yes,No,Yes,Yes,No,No,Two year,Yes,Electronic check,64.01,900.07,No
CUST-1016,Male,0,Yes,No,67,Yes,No,Fiber optic,No,No,No,No,No,No,Month-to-month,No,Bank transfer (automatic),78.79,5283.66,No
CUST-1017,Female,0,Yes,No,55,Yes,No,Fiber optic,No,Yes,No,Yes,No,Yes,One year,Yes,Electronic check,97.71,5383.36,No
CUST-1018,Male,0,Yes,Yes,61,Yes,No,DSL,No,Yes,No,Yes,Yes,No,Two year,Yes,Mailed check,84.39,5150.8,No
CUST-1019,Male,1,Yes,No,56,Yes,No,DSL,Yes,Yes,No,No,Yes,Yes,One year,Yes,Bank transfer (automatic),67.55,3788.57,No
CUST-1020,Female,0,Yes,Yes,63,Yes,Yes,Fiber optic,No,Yes,No,No,Yes,No,Month-to-month,Yes,Electronic check,91.09,5730.38,Yes
CUST-1021,Male,0,Yes,No,11,Yes,Yes,DSL,No,No,No,No,No,No,One year,Yes,Electronic check,48.89,546.65,No
CUST-1022,Male,1,No,Yes,47,Yes,No,DSL,Yes,Yes,No,No,Yes,No,Month-to-month,No,Bank transfer (automatic),64.49,3025.4,No
CUST-1023,Male,0,Yes,No,6,Yes,Yes,No,No internet service,No internet service,No internet service,No internet service,No internet service,No internet service,Two year,Yes,Mailed check,26.96,161.62,No
CUST-1024,Male,1,No,Yes,34,Yes,No,Fiber optic,No,Yes,Yes,Yes,No,No,One year,Yes,Bank transfer (automatic),93.38,3184.06,No
CUST-1025,Female,0,Yes,No,65,Yes,No,Fiber optic,Yes,No,No,No,Yes,No,Two year,Yes,Credit card (automatic),89.24,5794.19,Yes
CUST-1026,Male,0,No,No,64,Yes,Yes,DSL,Yes,Yes,Yes,Yes,No,No,Month-to-month,Yes,Electronic check,63.6,4061.11,No
CUST-1027,Female,0,No,No,66,Yes,No,No,No internet service,No internet service,No internet service,No internet service,No internet service,No internet service,Two year,Yes,Electronic check,20.42,1343.66,No
CUST-1028,Female,0,No,No,31,Yes,No,Fiber optic,No,Yes,No,No,Yes,Yes,One year,Yes,Bank transfer (automatic),91.64,2833.97,Yes
CUST-1029,Male,0,No,No,62,Yes,Yes,Fiber optic,No,Yes,No,No,Yes,No,Two year,Yes,Bank transfer (automatic),88.22,5473.0,No
CUST-1030,Female,0,Yes,No,54,Yes,Yes,DSL,Yes,Yes,Yes,No,Yes,No,One year,Yes,Mailed check,59.2,3192.37,No
CUST-1031,Male,0,No,No,8,Yes,No,Fiber optic,Yes,Yes,Yes,No,No,No,Month-to-month,Yes,Mailed check,77.67,612.62,Yes
CUST-1032,Male,0,No,Yes,42,No,No phone service,Fiber optic,Yes,Yes,No,Yes,Yes,Yes,Month-to-month,No,Bank transfer (automatic),102.98,4333.02,No
CUST-1033,Female,0,No,No,41,Yes,Yes,Fiber optic,No,No,Yes,No,No,Yes,Month-to-month,Yes,Mailed check,71.95,2940.94,No
CUST-1034,Female,0,No,No,59,Yes,Yes,Fiber optic,Yes,No,No,Yes,No,No,Month-to-month,No,Mailed check,87.82,5176.81,Yes
CUST-1035,Female,0,Yes,No,40,Yes,Yes,DSL,No,Yes,Yes,No,No,Yes,Month-to-month,No,Credit card (automatic),46.73,1864.01,No
CUST-1036,Male,0,No,No,22,Yes,Yes,No,No internet service,No internet service,No internet service,No internet service,No internet service,No internet service,One year,Yes,Electronic check,23.69,511.65,No
CUST-1037,Male,1,Yes,No,24,Yes,No,No,No internet service,No internet service,No internet service,No internet service,No internet service,No internet service,One year,Yes,Bank transfer (automatic),24.74,587.06,No
CUST-1038,Female,0,No,No,38,Yes,Yes,Fiber optic,No,No,No,Yes,No,No,Month-to-month,Yes,Bank transfer (automatic),93.63,3564.24,No
CUST-1039,Male,1,Yes,No,2,Yes,No,DSL,Yes,Yes,Yes,No,Yes,No,Month-to-month,Yes,Credit card (automatic),66.15,123.05,Yes
CUST-1040,Male,0,No,No,41,Yes,Yes,Fiber optic,No,No,No,No,Yes,No,Month-to-month,Yes,Credit card (automatic),83.67,3420.93,No
CUST-1041,Male,0,Yes,Yes,19,Yes,No,Fiber optic,No,Yes,Yes,No,Yes,No,Two year,No,Mailed check,92.58,1761.7,No
CUST-1042,Male,0,Yes,Yes,2,Yes,Yes,Fiber optic,No,Yes,No,No,Yes,No,Month-to-month,No,Mailed check,99.89,191.56,Yes
CUST-1043,Female,0,No,No,62,Yes,No,Fiber optic,No,Yes,Yes,No,No,Yes,Month-to-month,Yes,Mailed check,74.07,4589.77,No
CUST-1044,Male,0,No,No,16,Yes,No,DSL,Yes,No,Yes,No,No,No,One year,No,Bank transfer (automatic),41.99,661.88,Yes
CUST-1045,Female,0,No,No,22,Yes,No,Fiber optic,Yes,No,Yes,Yes,No,No,One year,Yes,Electronic check,93.64,2057.33,No
CUST-1046,Male,0,Yes,Yes,14,Yes,No,Fiber optic,No,No,Yes,No,No,Yes,Month-to-month,Yes,Electronic check,66.13,922.18,Yes
CUST-1047,Female,0,Yes,No,56,Yes,No,No,No internet service,No internet service,No internet service,No internet service,No internet service,No internet service,Month-to-month,No,Credit card (automatic),18.5,1038.25,No
CUST-1048,Female,0,No,No,65,Yes,No,DSL,No,No,No,No,Yes,Yes,Month-to-month,No,Electronic check,63.74,4143.08,No
CUST-1049,Male,0,No,No,45,Yes,Yes,DSL,No,Yes,No,Yes,No,Yes,Month-to-month,No,Electronic check,70.55,3178.32,No
CUST-1050,Female,0,No,No,54,Yes,No,No,No internet service,No internet service,No internet service,No internet service,No internet service,No internet service,Month-to-month,No,Credit card (automatic),20.81,1132.46,No
CUST-1051,Female,0,Yes,No,66,No,No phone service,DSL,No,Yes,No,Yes,Yes,No,Month-to-month,Yes,Electronic check,77.01,5088.56,Yes
CUST-1052,Female,0,No,Yes,46,No,No phone service,Fiber optic,No,No,No,No,No,No,Month-to-month,Yes,Electronic check,72.11,3325.73,Yes
CUST-1053,Female,0,Yes,No,33,Yes,Yes,DSL,Yes,No,No,No,No,Yes,Month-to-month,Yes,Credit card (automatic),44.58,1462.22,Yes
CUST-1054,Female,0,No,No,50,Yes,No,Fiber optic,No,No,No,No,Yes,Yes,One year,No,Mailed check,87.36,4377.81,No
CUST-1055,Female,0,Yes,No,22,Yes,No,Fiber optic,No,Yes,No,No,Yes,Yes,Month-to-month,Yes,Mailed check,88.93,1952.9,No
CUST-1056,Male,0,Yes,Yes,40,Yes,No,DSL,No,Yes,Yes,No,No,No,Two year,Yes,Bank transfer (automatic),50.32,2008.33,No
CUST-1057,Male,0,No,No,39,Yes,Yes,No,No internet service,No internet service,No internet service,No internet service,No internet service,No internet service,Two year,Yes,Credit card (automatic),23.11,899.36,Yes
CUST-1058,Male,0,No,Yes,41,Yes,Yes,DSL,No,No,No,No,No,Yes,Two year,No,Electronic check,50.96,2095.03,Yes
CUST-1059,Male,0,Yes,No,68,Yes,Yes,DSL,No,No,Yes,Yes,No,Yes,Month-to-month,No,Electronic check,59.06,4025.17,No
CUST-1060,Male,1,Yes,Yes,7,Yes,Yes,DSL,Yes,Yes,No,No,No,No,Month-to-month,Yes,Bank transfer (automatic),39.88,280.24,Yes
CUST-1061,Male,1,Yes,Yes,71,Yes,Yes,Fiber optic,No,No,Yes,No,Yes,Yes,Month-to-month,Yes,Mailed check,86.84,6158.73,Yes
CUST-1062,Female,0,No,Yes,4,Yes,Yes,DSL,No,No,No,No,Yes,Yes,Two year,Yes,Electronic check,75.2,295.08,Yes
CUST-1063,Male,0,Yes,Yes,59,Yes,No,DSL,No,No,No,No,No,Yes,One year,Yes,Mailed check,48.34,2850.17,No
CUST-1064,Male,0,Yes,Yes,26,Yes,No,No,No internet service,No internet service,No internet service,No internet service,No internet service,No internet service,Month-to-month,Yes,Credit card (automatic),20.89,540.46,No
CUST-1065,Female,0,No,No,31,Yes,No,DSL,No,No,No,Yes,No,Yes,Month-to-month,No,Electronic check,57.97,1791.84,Yes
CUST-1066,Male,0,No,Yes,69,Yes,No,DSL,No,No,Yes,Yes,No,No,Month-to-month,No,Electronic check,62.2,4298.8,No
CUST-1067,Female,0,No,No,52,Yes,No,Fiber optic,No,No,No,No,No,No,Two year,Yes,Electronic check,78.16,4059.92,No
CUST-1068,Male,1,No,Yes,72,Yes,No,DSL,Yes,Yes,Yes,No,No,Yes,One year,Yes,Bank transfer (automatic),52.65,3792.66,No
CUST-1069,Female,0,No,No,21,Yes,No,DSL,No,No,Yes,Yes,No,Yes,One year,Yes,Electronic check,65.09,1366.48,No
CUST-1070,Female,0,No,No,16,Yes,Yes,DSL,Yes,Yes,Yes,Yes,Yes,No,Month-to-month,Yes,Mailed check,82.01,1320.63,No
CUST-1071,Male,0,No,Yes,51,Yes,No,DSL,Yes,No,Yes,Yes,No,Yes,One year,Yes,Credit card (automatic),71.5,3649.08,No
CUST-1072,Male,0,No,No,16,Yes,No,DSL,Yes,No,Yes,No,Yes,Yes,Month-to-month,Yes,Electronic check,65.85,1050.24,Yes
CUST-1073,Female,0,Yes,Yes,18,Yes,Yes,DSL,Yes,No,No,No,No,No,One year,Yes,Mailed check,58.27,1051.63,No
CUST-1074,Female,1,No,No,47,Yes,No,Fiber optic,No,No,No,No,No,No,Two year,Yes,Mailed check,76.9,3610.68,Yes
CUST-1075,Female,0,Yes,No,56,Yes,Yes,Fiber optic,Yes,No,No,Yes,No,No,One year,No,Mailed check,86.79,4852.06,No
CUST-1076,Female,0,Yes,Yes,28,No,No phone service,DSL,No,Yes,Yes,Yes,Yes,No,Month-to-month,Yes,Bank transfer (automatic),76.08,2129.94,No
CUST-1077,Male,0,Yes,No,56,Yes,Yes,No,No internet service,No internet service,No internet service,No internet service,No internet service,No internet service,Two year,No,Electronic check,18.5,1043.2,No
CUST-1078,Male,0,Yes,Yes,37,Yes,No,Fiber optic,No,No,Yes,Yes,No,Yes,Month-to-month,Yes,Bank transfer (automatic),89.42,3316.72,Yes
CUST-1079,Male,0,No,No,16,Yes,Yes,No,No internet service,No internet service,No internet service,No internet service,No internet service,No internet service,Month-to-month,Yes,Credit card (automatic),24.88,398.95,No
CUST-1080,Female,0,No,No,65,Yes,Yes,DSL,No,No,No,Yes,No,Yes,One year,No,Mailed check,71.37,4643.04,No
CUST-1081,Female,0,No,No,60,Yes,Yes,Fiber optic,No,No,No,Yes,No,Yes,Month-to-month,Yes,Credit card (automatic),88.87,5334.41,Yes
CUST-1082,Male,0,No,No,61,Yes,No,DSL,Yes,No,No,No,No,Yes,Month-to-month,No,Mailed check,52.43,3204.45,No
CUST-1083,Male,0,No,Yes,11,Yes,Yes,Fiber optic,Yes,Yes,No,No,No,No,Month-to-month,No,Bank transfer (automatic),76.13,829.49,Yes
CUST-1084,Male,0,Yes,Yes,66,Yes,No,DSL,No,No,Yes,No,No,No,One year,Yes,Mailed check,49.15,3241.93,No
CUST-1085,Male,0,No,Yes,32,Yes,Yes,DSL,Yes,Yes,No,Yes,No,Yes,Month-to-month,Yes,Electronic check,67.01,2139.38,No
CUST-1086,Female,0,No,No,19,Yes,No,Fiber optic,No,No,No,No,No,No,Month-to-month,Yes,Electronic check,77.94,1470.99,No
CUST-1087,Female,0,Yes,Yes,56,Yes,No,Fiber optic,No,Yes,Yes,Yes,Yes,No,Month-to-month,Yes,Mailed check,115.44,6471.24,No
CUST-1088,Female,0,No,No,5,Yes,Yes,Fiber optic,No,No,Yes,No,No,No,One year,Yes,Credit card (automatic),83.53,410.33,No
CUST-1089,Male,0,Yes,No,3,Yes,Yes,DSL,No,No,No,No,No,No,Month-to-month,No,Electronic check,56.52,166.03,Yes
CUST-1090,Male,0,Yes,Yes,28,Yes,Yes,DSL,Yes,No,No,Yes,Yes,No,Two year,Yes,Credit card (automatic),78.86,2215.42,Yes
CUST-1091,Female,0,Yes,No,72,Yes,No,No,No internet service,No internet service,No internet service,No internet service,No internet service,No internet service,One year,Yes,Credit card (automatic),18.5,1336.43,Yes
CUST-1092,Female,0,Yes,No,29,Yes,Yes,Fiber optic,No,No,Yes,No,Yes,No,Month-to-month,Yes,Mailed check,92.3,2678.05,Yes
CUST-1093,Female,0,No,No,59,No,No phone service,Fiber optic,No,No,Yes,Yes,Yes,No,One year,Yes,Mailed check,96.1,5666.11,No
CUST-1094,Female,0,No,No,25,Yes,Yes,Fiber optic,Yes,Yes,No,No,Yes,Yes,Month-to-month,Yes,Mailed check,89.53,2238.56,Yes
CUST-1095,Male,0,Yes,No,22,Yes,Yes,DSL,No,No,No,Yes,No,No,Two year,No,Bank transfer (automatic),67.46,1475.24,No
CUST-1096,Female,1,No,No,71,Yes,Yes,DSL,No,Yes,No,No,No,No,Month-to-month,No,Electronic check,44.81,3186.06,Yes
CUST-1097,Male,0,No,No,23,Yes,Yes,DSL,Yes,No,Yes,Yes,No,Yes,Month-to-month,Yes,Electronic check,66.49,1524.02,No
CUST-1098,Male,0,Yes,No,70,Yes,No,Fiber optic,Yes,No,Yes,No,No,No,One year,No,Electronic check,79.23,5545.68,No
CUST-1099,Male,0,Yes,Yes,40,Yes,No,Fiber optic,No,No,Yes,No,No,Yes,Month-to-month,No,Credit card (automatic),74.62,2976.69,No
CUST-1100,Male,0,No,No,14,Yes,Yes,Fiber optic,No,Yes,Yes,Yes,Yes,No,One year,Yes,Electronic check,105.4,1479.82,No
CUST-1101,Female,0,No,Yes,29,Yes,No,DSL,No,No,No,No,No,No,Two year,Yes,Bank transfer (automatic),53.71,1565.51,No
CUST-1102,Male,0,No,Yes,16,Yes,No,DSL,Yes,No,No,No,No,No,One year,No,Mailed check,58.62,937.04,No
CUST-1103,Female,0,Yes,No,10,Yes,No,DSL,No,No,No,No,Yes,No,Month-to-month,No,Bank transfer (automatic),66.17,653.36,No
CUST-1104,Female,0,No,No,47,Yes,No,Fiber optic,Yes,Yes,No,No,No,No,Two year,Yes,Credit card (automatic),78.41,3694.17,No
CUST-1105,Male,0,Yes,No,4,Yes,No,DSL,No,No,No,No,Yes,No,Month-to-month,No,Electronic check,63.55,253.14,Yes
CUST-1106,Male,0,Yes,Yes,12,Yes,No,Fiber optic,No,Yes,No,No,Yes,No,Month-to-month,No,Electronic check,93.49,1113.49,Yes
CUST-1107,Female,0,No,No,42,No,No phone service,Fiber optic,Yes,Yes,No,No,Yes,No,One year,No,Bank transfer (automatic),93.62,3925.81,Yes
CUST-1108,Male,0,Yes,No,4,Yes,No,DSL,Yes,Yes,Yes,Yes,Yes,No,Month-to-month,No,Credit card (automatic),82.5,322.4,No
CUST-1109,Male,1,Yes,Yes,6,Yes,Yes,DSL,Yes,Yes,No,Yes,No,Yes,One year,No,Bank transfer (automatic),73.65,435.85,No
CUST-1110,Male,1,Yes,No,14,Yes,Yes,Fiber optic,Yes,No,Yes,Yes,Yes,No,One year,Yes,Credit card (automatic),103.71,1445.06,No
CUST-1111,Male,1,Yes,No,35,Yes,Yes,DSL,No,No,No,No,Yes,No,Two year,No,Bank transfer (automatic),65.21,2290.81,No
CUST-1112,Female,0,No,No,47,No,No phone service,Fiber optic,No,No,Yes,No,Yes,No,Month-to-month,Yes,Mailed check,97.18,4561.64,Yes
CUST-1113,Female,0,No,Yes,58,Yes,No,Fiber optic,Yes,No,Yes,No,Yes,No,Month-to-month,No,Bank transfer (automatic),88.55,5134.74,Yes
CUST-1114,Female,0,Yes,Yes,65,Yes,Yes,DSL,No,Yes,No,No,No,No,Month-to-month,No,Electronic check,54.11,3521.75,Yes
CUST-1115,Female,0,Yes,No,19,No,No phone service,Fiber optic,Yes,No,Yes,Yes,Yes,Yes,One year,No,Mailed check,114.27,2174.67,No
CUST-1116,Female,0,Yes,No,57,Yes,No,No,No internet service,No internet service,No internet service,No internet service,No internet service,No internet service,One year,No,Bank transfer (automatic),24.07,1381.12,No
CUST-1117,Male,0,No,No,65,Yes,Yes,Fiber optic,No,No,No,Yes,No,Yes,Month-to-month,Yes,Credit card (automatic),92.28,6007.52,Yes
CUST-1118,Female,0,Yes,Yes,13,Yes,No,No,No internet service,No internet service,No internet service,No internet service,No internet service,No internet service,Month-to-month,Yes,Credit card (automatic),19.26,251.79,Yes
CUST-1119,Female,0,No,No,8,Yes,Yes,DSL,Yes,No,No,No,No,Yes,Month-to-month,No,Electronic check,55.87,452.01,Yes
CUST-1120,Female,0,Yes,No,18,Yes,No,Fiber optic,Yes,No,No,Yes,No,No,One year,No,Bank transfer (automatic),85.03,1528.26,No
CUST-1121,Female,1,Yes,Yes,35,Yes,No,Fiber optic,No,Yes,No,Yes,Yes,No,Two year,No,Credit card (automatic),97.85,3423.34,Yes
CUST-1122,Male,0,No,No,26,Yes,Yes,Fiber optic,No,No,Yes,No,Yes,No,Month-to-month,Yes,Mailed check,85.58,2217.17,No
CUST-1123,Male,0,No,No,38,Yes,Yes,DSL,No,Yes,Yes,Yes,No,No,Month-to-month,Yes,Electronic check,65.23,2482.21,No
CUST-1124,Male,1,Yes,Yes,66,Yes,No,DSL,Yes,No,No,No,Yes,No,One year,Yes,Electronic check,59.24,3905.25,No
CUST-1125,Male,0,No,Yes,26,Yes,Yes,DSL,Yes,No,No,Yes,No,Yes,Month-to-month,Yes,Electronic check,76.2,1972.8,Yes
CUST-1126,Female,0,No,No,57,Yes,No,No,No internet service,No internet service,No internet service,No internet service,No internet service,No internet service,Month-to-month,No,Bank transfer (automatic),18.5,1046.46,No
CUST-1127,Female,0,No,No,25,Yes,No,DSL,Yes,Yes,No,No,Yes,Yes,One year,No,Electronic check,69.61,1744.7,No
CUST-1128,Male,0,No,No,30,Yes,No,No,No internet service,No internet service,No internet service,No internet service,No internet service,No internet service,Month-to-month,No,Mailed check,18.5,549.58,Yes
CUST-1129,Female,1,No,No,7,Yes,No,DSL,No,No,No,No,No,No,Two year,Yes,Electronic check,49.98,355.26,Yes
CUST-1130,Male,0,No,Yes,27,Yes,No,DSL,Yes,Yes,No,No,No,Yes,Month-to-month,No,Mailed check,50.47,1370.81,No
CUST-1131,Male,0,Yes,No,11,Yes,No,DSL,Yes,No,No,No,Yes,No,Month-to-month,No,Mailed check,59.67,653.19,Yes
CUST-1132,Male,0,No,No,8,Yes,No,Fiber optic,No,Yes,Yes,No,No,No,Two year,Yes,Mailed check,75.11,606.76,No
CUST-1133,Male,0,Yes,Yes,11,Yes,Yes,Fiber optic,No,Yes,Yes,No,No,Yes,Month-to-month,Yes,Bank transfer (automatic),82.23,903.1,Yes
CUST-1134,Female,1,Yes,No,30,Yes,Yes,DSL,Yes,Yes,Yes,Yes,No,No,One year,No,Electronic check,64.28,1933.84,No
CUST-1135,Male,0,Yes,Yes,15,Yes,Yes,No,No internet service,No internet service,No internet service,No internet service,No internet service,No internet service,Month-to-month,Yes,Electronic check,21.28,315.33,No
CUST-1136,Female,0,Yes,Yes,56,Yes,No,DSL,Yes,No,No,Yes,No,Yes,One year,Yes,Bank transfer (automatic),66.71,3744.39,No
CUST-1137,Female,0,No,Yes,35,Yes,Yes,Fiber optic,No,Yes,No,No,Yes,Yes,Month-to-month,Yes,Credit card (automatic),91.98,3229.04,Yes
CUST-1138,Male,0,No,Yes,39,Yes,No,Fiber optic,Yes,No,No,Yes,Yes,No,Month-to-month,No,Bank transfer (automatic),96.25,3751.47,Yes
CUST-1139,Female,1,No,No,24,Yes,Yes,DSL,Yes,No,Yes,No,No,Yes,Month-to-month,No,Credit card (automatic),53.95,1288.78,No
CUST-1140,Female,0,Yes,No,8,No,No phone service,DSL,No,No,Yes,Yes,Yes,Yes,One year,No,Credit card (automatic),82.83,666.35,Yes
CUST-1141,Male,0,Yes,No,43,Yes,No,DSL,Yes,No,No,No,No,No,One year,No,Credit card (automatic),50.36,2167.15,No
CUST-1142,Male,0,No,No,42,Yes,Yes,DSL,No,No,Yes,Yes,Yes,No,Two year,No,Credit card (automatic),86.87,3658.37,No
CUST-1143,Male,0,Yes,No,41,Yes,Yes,No,No internet service,No internet service,No internet service,No internet service,No internet service,No internet service,One year,No,Bank transfer (automatic),25.54,1053.37,No
CUST-1144,Male,0,No,No,47,Yes,Yes,No,No internet service,No internet service,No internet service,No internet service,No internet service,No internet service,Month-to-month,Yes,Credit card (automatic),22.09,1044.93,No
CUST-1145,Male,1,No,No,26,No,No phone service,Fiber optic,Yes,Yes,No,No,No,No,Month-to-month,No,Mailed check,72.71,1894.99,No
CUST-1146,Female,0,No,No,52,Yes,Yes,Fiber optic,No,No,No,No,No,Yes,One year,Yes,Mailed check,73.95,3842.42,No
CUST-1147,Female,1,No,No,22,No,No phone service,DSL,Yes,No,Yes,Yes,No,Yes,Two year,No,Credit card (automatic),64.56,1429.04,No
CUST-1148,Male,0,No,No,5,Yes,No,DSL,No,Yes,Yes,No,Yes,No,One year,No,Electronic check,68.08,339.71,Yes
CUST-1149,Male,0,Yes,Yes,15,Yes,No,Fiber optic,No,No,Yes,No,Yes,No,Month-to-month,Yes,Credit card (automatic),89.98,1347.69,Yes
CUST-1150,Female,0,No,No,36,Yes,Yes,Fiber optic,Yes,Yes,No,No,No,No,Two year,No,Mailed check,76.33,2741.76,No
CUST-1151,Male,0,Yes,No,63,Yes,No,Fiber optic,Yes,Yes,No,Yes,Yes,No,Month-to-month,No,Electronic check,99.12,6240.64,No
CUST-1152,Male,1,Yes,No,49,Yes,Yes,Fiber optic,Yes,No,No,No,Yes,Yes,Month-to-month,No,Credit card (automatic),94.25,4608.3,Yes
CUST-1153,Male,0,Yes,Yes,55,Yes,Yes,DSL,No,Yes,No,No,No,Yes,Month-to-month,No,Mailed check,56.14,3090.9,No
CUST-1154,Female,0,No,No,72,Yes,No,DSL,Yes,No,Yes,No,Yes,No,Month-to-month,Yes,Credit card (automatic),63.2,4552.51,No
CUST-1155,Male,0,Yes,No,60,Yes,Yes,Fiber optic,No,Yes,No,Yes,Yes,Yes,One year,Yes,Electronic check,102.81,6166.66,No
CUST-1156,Female,0,Yes,Yes,57,Yes,No,Fiber optic,No,Yes,No,Yes,No,No,Month-to-month,No,Credit card (automatic),86.82,4958.08,No
CUST-1157,Female,0,Yes,No,29,Yes,No,Fiber optic,No,Yes,No,Yes,Yes,No,Month-to-month,Yes,Bank transfer (automatic),114.54,3325.52,No
CUST-1158,Male,0,No,Yes,19,Yes,Yes,DSL,Yes,Yes,Yes,Yes,Yes,No,Month-to-month,No,Electronic check,84.1,1592.75,No
CUST-1159,Female,0,No,No,10,Yes,No,DSL,Yes,No,No,No,No,No,One year,Yes,Electronic check,49.85,496.07,Yes
CUST-1160,Male,0,No,No,10,Yes,Yes,DSL,No,Yes,No,No,No,Yes,Month-to-month,Yes,Bank transfer (automatic),47.0,470.32,Yes
CUST-1161,Female,0,No,No,57,Yes,No,Fiber optic,No,No,No,No,No,No,Month-to-month,Yes,Credit card (automatic),69.91,3985.78,No
CUST-1162,Female,0,Yes,No,54,Yes,No,Fiber optic,Yes,No,Yes,No,Yes,Yes,Month-to-month,Yes,Mailed check,94.02,5072.59,Yes
CUST-1163,Female,0,Yes,No,56,Yes,No,DSL,Yes,No,No,No,No,No,Month-to-month,Yes,Mailed check,48.69,2721.63,Yes
CUST-1164,Male,0,No,Yes,68,Yes,Yes,Fiber optic,No,No,Yes,Yes,Yes,No,One year,No,Credit card (automatic),107.29,7291.71,No
CUST-1165,Female,1,Yes,Yes,69,No,No phone service,Fiber optic,Yes,No,Yes,Yes,No,No,Month-to-month,Yes,Credit card (automatic),96.98,6700.89,No
CUST-1166,Male,0,Yes,Yes,55,Yes,Yes,DSL,Yes,No,No,No,Yes,Yes,Month-to-month,Yes,Credit card (automatic),59.94,3293.89,No
CUST-1167,Male,0,Yes,Yes,69,Yes,No,DSL,No,No,No,No,No,Yes,Two year,Yes,Bank transfer (automatic),46.85,3230.13,No
CUST-1168,Male,0,No,No,72,Yes,No,DSL,Yes,Yes,No,No,No,No,Month-to-month,No,Electronic check,52.63,3793.76,No
CUST-1169,Female,0,Yes,No,1,Yes,No,DSL,No,Yes,Yes,No,No,No,Two year,Yes,Electronic check,48.96,48.96,No
CUST-1170,Female,0,No,Yes,12,Yes,Yes,Fiber optic,Yes,No,No,Yes,No,Yes,One year,No,Credit card (automatic),89.21,1073.38,No
CUST-1171,Male,0,Yes,Yes,35,Yes,No,DSL,No,No,Yes,No,Yes,Yes,Month-to-month,Yes,Mailed check,69.17,2424.27,No
CUST-1172,Female,0,No,No,33,Yes,No,DSL,No,No,Yes,Yes,No,Yes,Month-to-month,No,Electronic check,68.74,2259.71,No
CUST-1173,Male,0,Yes,No,25,Yes,Yes,DSL,Yes,Yes,No,No,Yes,No,Two year,Yes,Mailed check,63.3,1576.3,No
CUST-1174,Female,0,Yes,No,16,Yes,No,DSL,Yes,No,Yes,Yes,No,Yes,One year,Yes,Mailed check,62.3,996.13,No
CUST-1175,Male,0,Yes,No,8,Yes,Yes,No,No internet service,No internet service,No internet service,No internet service,No internet service,No internet service,One year,Yes,Credit card (automatic),19.69,164.23,No
CUST-1176,Female,1,No,No,35,Yes,Yes,DSL,Yes,No,No,Yes,No,No,One year,No,Electronic check,70.65,2477.4,No
CUST-1177,Male,0,Yes,Yes,46,Yes,Yes,Fiber optic,No,No,No,No,Yes,Yes,Month-to-month,No,Bank transfer (automatic),81.88,3773.95,No
CUST-1178,Female,0,No,No,11,Yes,No,DSL,No,Yes,Yes,Yes,Yes,Yes,Month-to-month,No,Bank transfer (automatic),79.46,881.08,Yes
CUST-1179,Male,1,No,Yes,61,Yes,No,Fiber optic,Yes,Yes,No,No,Yes,No,Month-to-month,No,Credit card (automatic),93.17,5683.6,Yes
CUST-1180,Male,0,No,Yes,44,Yes,No,No,No internet service,No internet service,No internet service,No internet service,No internet service,No internet service,One year,Yes,Mailed check,18.5,816.45,No
CUST-1181,Male,0,Yes,Yes,11,Yes,Yes,DSL,No,No,No,Yes,Yes,Yes,Two year,Yes,Electronic check,73.14,812.96,No
CUST-1182,Female,0,Yes,No,11,Yes,Yes,Fiber optic,No,Yes,No,Yes,No,No,Month-to-month,No,Bank transfer (automatic),84.66,936.08,Yes
CUST-1183,Female,1,Yes,No,22,Yes,No,DSL,No,Yes,No,Yes,Yes,No,Month-to-month,No,Bank transfer (automatic),81.76,1795.88,No
CUST-1184,Male,0,No,Yes,62,Yes,No,DSL,No,No,No,Yes,No,No,Two year,Yes,Electronic check,64.58,4000.97,No
CUST-1185,Female,1,No,No,48,No,No phone service,DSL,No,No,No,No,No,No,Month-to-month,No,Electronic check,40.54,1943.25,No
CUST-1186,Female,0,No,No,63,Yes,No,DSL,No,No,Yes,Yes,No,Yes,Month-to-month,Yes,Electronic check,62.54,3939.92,No
CUST-1187,Female,0,No,No,51,Yes,Yes,DSL,No,No,Yes,No,Yes,No,Month-to-month,No,Electronic check,71.39,3638.14,Yes
CUST-1188,Female,1,Yes,Yes,45,Yes,No,DSL,Yes,No,No,No,Yes,Yes,Month-to-month,No,Bank transfer (automatic),64.7,2905.25,No
CUST-1189,Male,0,Yes,No,33,Yes,No,DSL,Yes,Yes,No,Yes,No,No,Month-to-month,Yes,Mailed check,67.89,2242.27,No
CUST-1190,Male,0,No,No,60,Yes,No,Fiber optic,No,No,Yes,No,No,No,Month-to-month,Yes,Mailed check,74.54,4479.78,No
CUST-1191,Female,0,Yes,Yes,2,Yes,No,DSL,No,No,No,No,No,No,Month-to-month,No,Electronic check,54.07,107.99,Yes
CUST-1192,Female,0,Yes,Yes,13,Yes,No,DSL,No,Yes,No,Yes,Yes,No,One year,Yes,Credit card (automatic),82.95,1072.73,No
CUST-1193,Female,1,No,Yes,66,Yes,No,Fiber optic,No,No,No,No,Yes,No,One year,Yes,Credit card (automatic),90.1,5952.86,No
CUST-1194,Male,0,Yes,Yes,57,Yes,No,Fiber optic,No,Yes,No,Yes,No,Yes,Two year,Yes,Mailed check,85.58,4883.17,No
CUST-1195,Male,0,No,No,43,Yes,No,DSL,No,Yes,Yes,No,No,No,Two year,Yes,Electronic check,52.2,2248.6,No
CUST-1196,Female,0,No,No,45,Yes,Yes,DSL,No,No,No,No,No,Yes,Two year,Yes,Bank transfer (automatic),43.09,1942.54,No
CUST-1197,Female,0,No,No,31,Yes,No,Fiber optic,Yes,No,No,Yes,Yes,Yes,Month-to-month,No,Mailed check,107.48,3337.53,No
CUST-1198,Female,0,Yes,Yes,10,Yes,No,DSL,No,Yes,No,No,No,Yes,Month-to-month,No,Bank transfer (automatic),54.39,550.51,Yes
CUST-1199,Female,0,Yes,No,23,Yes,Yes,Fiber optic,No,No,Yes,No,No,No,Month-to-month,No,Bank transfer (automatic),72.53,1676.15,No
CUST-1200,Female,0,No,No,29,Yes,No,DSL,Yes,Yes,No,No,No,Yes,Month-to-month,Yes,Electronic check,44.22,1284.58,No
CUST-1201,Male,1,Yes,No,31,Yes,No,DSL,Yes,No,No,No,No,Yes,Month-to-month,No,Electronic check,54.94,1701.01,Yes
CUST-1202,Male,0,Yes,No,18,Yes,Yes,Fiber optic,No,Yes,No,No,No,No,One year,No,Electronic check,75.05,1342.7,No
CUST-1203,Female,0,Yes,Yes,11,Yes,No,No,No internet service,No internet service,No internet service,No internet service,No internet service,No internet service,One year,No,Credit card (automatic),19.14,214.99,No
CUST-1204,Female,1,Yes,No,47,Yes,Yes,Fiber optic,Yes,Yes,No,No,No,No,Month-to-month,Yes,Credit card (automatic),75.92,3561.06,No
CUST-1205,Male,0,Yes,No,3,Yes,No,DSL,No,Yes,Yes,Yes,No,No,One year,Yes,Credit card (automatic),62.68,195.41,No
CUST-1206,Male,0,No,No,2,Yes,No,DSL,Yes,No,No,Yes,No,Yes,Month-to-month,Yes,Electronic check,57.23,112.58,Yes
CUST-1207,Female,0,Yes,No,54,Yes,No,Fiber optic,No,No,Yes,No,No,No,Month-to-month,No,Mailed check,72.19,3905.78,Yes
CUST-1208,Male,1,Yes,Yes,72,No,No phone service,DSL,Yes,Yes,Yes,Yes,No,Yes,Month-to-month,Yes,Bank transfer (automatic),65.11,4688.29,No
CUST-1209,Male,0,No,Yes,31,Yes,No,Fiber optic,No,No,No,Yes,Yes,Yes,Two year,No,Electronic check,105.13,3258.1,No
CUST-1210,Female,1,No,No,8,Yes,No,Fiber optic,Yes,Yes,No,Yes,Yes,Yes,Two year,No,Bank transfer (automatic),96.21,766.95,No
CUST-1211,Female,0,Yes,No,43,Yes,No,DSL,No,No,No,Yes,No,Yes,Month-to-month,No,Bank transfer (automatic),63.68,2729.47,No
CUST-1212,Female,0,Yes,No,48,No,No phone service,DSL,Yes,No,No,No,No,Yes,Two year,Yes,Credit card (automatic),58.25,2786.23,No
CUST-1213,Male,0,No,Yes,2,Yes,Yes,Fiber optic,Yes,No,Yes,No,No,No,Month-to-month,Yes,Electronic check,75.23,150.63,Yes
CUST-1214,Female,0,No,No,22,Yes,No,Fiber optic,No,No,Yes,Yes,No,No,One year,No,Bank transfer (automatic),94.36,2083.94,No
CUST-1215,Male,0,No,No,5,Yes,Yes,Fiber optic,No,No,No,No,Yes,No,Month-to-month,No,Credit card (automatic),92.89,466.17,Yes
CUST-1216,Male,0,No,No,7,Yes,No,DSL,No,No,Yes,No,No,Yes,One year,Yes,Bank transfer (automatic),46.78,334.71,Yes
CUST-1217,Female,0,Yes,Yes,20,Yes,No,Fiber optic,No,No,No,No,Yes,No,Month-to-month,Yes,Electronic check,86.93,1748.6,No
CUST-1218,Female,0,No,Yes,2,Yes,No,DSL,Yes,No,Yes,No,Yes,Yes,Month-to-month,Yes,Electronic check,67.01,127.59,Yes
CUST-1219,Female,0,Yes,No,32,Yes,No,DSL,No,No,No,Yes,No,No,Month-to-month,Yes,Credit card (automatic),62.28,1996.15,No
CUST-1220,Female,0,No,No,3,Yes,Yes,Fiber optic,No,No,Yes,Yes,No,No,Month-to-month,Yes,Electronic check,95.75,285.59,No
CUST-1221,Female,0,No,No,41,Yes,Yes,Fiber optic,No,Yes,No,No,No,No,One year,Yes,Credit card (automatic),73.47,3006.45,Yes
CUST-1222,Male,0,No,No,42,No,No phone service,DSL,Yes,Yes,No,No,Yes,Yes,Two year,No,Electronic check,69.15,2899.12,No
CUST-1223,Male,0,Yes,No,45,Yes,No,Fiber optic,No,Yes,No,No,No,No,Month-to-month,No,Credit card (automatic),76.91,3455.84,No
CUST-1224,Male,0,Yes,Yes,71,Yes,No,Fiber optic,Yes,No,Yes,No,No,Yes,Two year,Yes,Mailed check,77.39,5499.28,No
CUST-1225,Male,0,No,Yes,17,Yes,Yes,DSL,Yes,Yes,No,Yes,No,No,Two year,No,Credit card (automatic),61.94,1050.08,No
CUST-1226,Female,0,No,Yes,47,Yes,Yes,Fiber optic,No,No,Yes,No,Yes,Yes,Month-to-month,No,Mailed check,95.41,4479.38,No
CUST-1227,Male,1,No,No,69,Yes,No,Fiber optic,No,No,Yes,No,Yes,No,Month-to-month,No,Credit card (automatic),101.68,7023.64,Yes
CUST-1228,Female,0,Yes,No,24,Yes,Yes,Fiber optic,No,No,No,No,Yes,No,One year,Yes,Electronic check,85.33,2038.61,Yes
CUST-1229,Female,0,Yes,No,71,Yes,No,Fiber optic,No,Yes,Yes,Yes,No,Yes,Month-to-month,Yes,Mailed check,94.71,6729.12,No
CUST-1230,Female,0,No,Yes,34,Yes,No,Fiber optic,Yes,Yes,No,No,No,Yes,Month-to-month,Yes,Credit card (automatic),75.02,2559.89,No
CUST-1231,Female,0,Yes,No,50,Yes,No,Fiber optic,No,No,No,No,No,No,Month-to-month,No,Electronic check,70.98,3551.51,Yes
CUST-1232,Female,0,No,No,42,Yes,Yes,DSL,No,No,Yes,Yes,No,No,One year,No,Bank transfer (automatic),59.7,2508.36,No
CUST-1233,Male,0,Yes,No,33,No,No phone service,DSL,No,No,No,Yes,Yes,No,Month-to-month,Yes,Mailed check,75.7,2489.33,No
CUST-1234,Male,0,No,Yes,27,Yes,Yes,Fiber optic,No,No,No,No,No,Yes,Month-to-month,Yes,Mailed check,71.35,1926.51,No
CUST-1235,Female,0,No,No,59,Yes,No,Fiber optic,No,Yes,No,No,No,No,One year,Yes,Bank transfer (automatic),69.19,4079.44,No
CUST-1236,Male,0,No,No,19,Yes,No,DSL,No,No,Yes,No,Yes,No,Two year,Yes,Electronic check,70.51,1345.25,No
CUST-1237,Male,0,Yes,No,3,Yes,Yes,DSL,No,No,No,Yes,Yes,No,One year,Yes,Electronic check,79.96,246.12,Yes
CUST-1238,Female,0,No,No,71,Yes,Yes,Fiber optic,No,Yes,Yes,No,Yes,Yes,Month-to-month,No,Electronic check,92.06,6529.61,Yes
CUST-1239,Male,0,Yes,Yes,25,Yes,Yes,DSL,No,No,No,No,No,No,Month-to-month,Yes,Mailed check,44.24,1106.44,Yes
CUST-1240,Female,1,No,No,15,Yes,No,DSL,Yes,Yes,Yes,Yes,No,No,Month-to-month,Yes,Electronic check,71.01,1072.35,No
CUST-1241,Female,0,Yes,No,60,Yes,No,DSL,No,No,No,No,Yes,No,One year,No,Bank transfer (automatic),62.34,3742.89,No
CUST-1242,Female,0,Yes,No,23,Yes,Yes,Fiber optic,No,Yes,Yes,Yes,No,Yes,Month-to-month,No,Bank transfer (automatic),96.49,2218.89,Yes
CUST-1243,Male,1,Yes,No,11,No,No phone service,DSL,No,No,Yes,No,No,Yes,One year,Yes,Mailed check,52.24,582.6,No
CUST-1244,Male,0,Yes,Yes,59,Yes,No,Fiber optic,No,Yes,No,No,Yes,No,Two year,No,Bank transfer (automatic),85.22,5037.31,No
CUST-1245,Female,0,No,Yes,34,Yes,No,Fiber optic,Yes,Yes,Yes,Yes,No,No,Month-to-month,No,Bank transfer (automatic),91.83,3116.93,No
CUST-1246,Male,0,Yes,No,7,Yes,No,Fiber optic,No,Yes,No,Yes,No,No,One year,Yes,Electronic check,89.85,622.61,Yes
CUST-1247,Female,1,No,Yes,44,Yes,No,DSL,Yes,No,No,No,No,No,One year,Yes,Credit card (automatic),45.15,1993.9,No
CUST-1248,Female,0,No,No,64,Yes,No,DSL,No,No,Yes,No,Yes,No,Two year,Yes,Electronic check,59.66,3813.1,No
CUST-1249,Female,0,Yes,Yes,23,Yes,No,DSL,No,No,No,No,Yes,No,Two year,No,Mailed check,69.11,1596.49,No
CUST-1250,Male,0,No,Yes,58,Yes,No,Fiber optic,No,No,Yes,No,Yes,Yes,Month-to-month,No,Electronic check,96.04,5566.34,No
CUST-1251,Male,1,Yes,No,20,Yes,No,Fiber optic,Yes,Yes,Yes,No,No,Yes,Month-to-month,Yes,Bank transfer (automatic),69.78,1385.98,Yes
CUST-1252,Female,0,Yes,Yes,27,Yes,No,DSL,No,No,Yes,No,No,Yes,Month-to-month,Yes,Electronic check,50.55,1363.29,Yes
CUST-1253,Male,0,Yes,No,60,No,No phone service,Fiber optic,Yes,No,No,No,No,No,Month-to-month,No,Electronic check,67.62,4048.01,Yes
CUST-1254,Male,1,No,No,8,Yes,Yes,Fiber optic,No,Yes,No,No,Yes,No,Month-to-month,Yes,Electronic check,94.19,747.68,Yes
CUST-1255,Female,0,Yes,No,67,Yes,Yes,Fiber optic,No,Yes,No,Yes,Yes,No,Two year,No,Electronic check,105.39,7060.72,No
CUST-1256,Female,0,No,No,2,Yes,No,DSL,No,No,Yes,No,Yes,No,Month-to-month,Yes,Bank transfer (automatic),58.35,107.47,No
CUST-1257,Female,0,No,Yes,22,Yes,Yes,Fiber optic,Yes,No,No,No,No,Yes,Month-to-month,Yes,Bank transfer (automatic),72.75,1591.16,No
CUST-1258,Female,0,No,No,70,Yes,No,Fiber optic,No,No,No,No,No,No,One year,Yes,Electronic check,72.28,5052.7,No
CUST-1259,Male,1,Yes,No,36,Yes,Yes,No,No internet service,No internet service,No internet service,No internet service,No internet service,No internet service,One year,No,Electronic check,18.5,665.26,No
CUST-1260,Female,0,No,No,24,Yes,No,DSL,Yes,No,No,No,No,No,One year,No,Bank transfer (automatic),54.76,1323.72,No
CUST-1261,Female,0,No,No,12,Yes,No,No,No internet service,No internet service,No internet service,No internet service,No internet service,No internet service,Month-to-month,No,Credit card (automatic),18.5,213.87,No
CUST-1262,Male,0,No,No,22,Yes,No,DSL,No,Yes,No,No,No,No,Month-to-month,No,Mailed check,58.4,1287.24,No
CUST-1263,Female,0,No,No,23,Yes,Yes,DSL,No,Yes,No,No,Yes,Yes,Month-to-month,Yes,Bank transfer (automatic),69.31,1594.07,Yes
CUST-1264,Female,1,No,No,63,Yes,No,Fiber optic,No,Yes,Yes,No,No,No,Two year,No,Bank transfer (automatic),73.35,4612.25,Yes
CUST-1265,Female,0,Yes,Yes,30,Yes,Yes,Fiber optic,No,No,No,No,Yes,Yes,Two year,Yes,Electronic check,101.43,3033.58,Yes
CUST-1266,Female,0,Yes,Yes,19,Yes,Yes,Fiber optic,No,No,No,Yes,No,No,Month-to-month,No,Credit card (automatic),88.17,1669.67,Yes
CUST-1267,Female,0,Yes,No,26,Yes,Yes,DSL,Yes,No,No,No,No,Yes,One year,Yes,Electronic check,43.07,1123.52,No
CUST-1268,Male,1,Yes,Yes,11,Yes,No,Fiber optic,No,No,No,No,No,Yes,Two year,Yes,Bank transfer (automatic),79.98,889.03,No
CUST-1269,Male,0,Yes,Yes,20,Yes,No,Fiber optic,No,No,Yes,No,No,No,Month-to-month,Yes,Credit card (automatic),70.7,1415.12,No
CUST-1270,Female,0,Yes,Yes,56,Yes,No,No,No internet service,No internet service,No internet service,No internet service,No internet service,No internet service,One year,Yes,Electronic check,26.25,1460.92,No
CUST-1271,Female,0,Yes,No,45,Yes,No,DSL,Yes,Yes,Yes,No,Yes,Yes,Month-to-month,No,Electronic check,58.07,2608.31,Yes
CUST-1272,Female,0,No,No,68,Yes,No,Fiber optic,No,No,Yes,Yes,Yes,Yes,Month-to-month,No,Bank transfer (automatic),100.76,6860.53,No
CUST-1273,Female,0,Yes,No,47,Yes,No,DSL,Yes,No,No,Yes,No,No,Two year,No,Credit card (automatic),62.31,2918.82,No
CUST-1274,Female,0,No,No,58,Yes,No,Fiber optic,Yes,Yes,No,No,Yes,Yes,One year,Yes,Credit card (automatic),92.86,5387.93,No
CUST-1275,Female,0,No,No,10,Yes,No,Fiber optic,No,No,No,No,Yes,Yes,Two year,No,Bank transfer (automatic),87.59,869.48,Yes
CUST-1276,Female,0,No,No,22,Yes,No,DSL,No,No,Yes,No,Yes,Yes,Month-to-month,No,Electronic check,62.29,1361.7,No
CUST-1277,Female,0,No,No,71,Yes,Yes,DSL,No,No,No,No,Yes,No,Month-to-month,Yes,Mailed check,68.31,4845.1,No
CUST-1278,Female,1,Yes,No,24,Yes,Yes,Fiber optic,No,Yes,No,Yes,Yes,No,Month-to-month,Yes,Bank transfer (automatic),110.87,2669.62,Yes
CUST-1279,Female,0,Yes,No,66,Yes,Yes,Fiber optic,Yes,No,No,Yes,Yes,No,Two year,No,Credit card (automatic),103.53,6838.22,No
CUST-1280,Female,1,Yes,No,61,Yes,Yes,DSL,No,No,No,Yes,Yes,No,Month-to-month,No,Electronic check,75.02,4569.64,Yes
CUST-1281,Male,0,Yes,No,7,No,No phone service,Fiber optic,Yes,No,No,Yes,Yes,Yes,Month-to-month,Yes,Bank transfer (automatic),112.27,777.2,No
CUST-1282,Male,0,No,No,72,Yes,No,Fiber optic,No,No,Yes,Yes,Yes,Yes,Month-to-month,Yes,Credit card (automatic),104.27,7507.3,No
CUST-1283,Male,1,No,No,38,Yes,No,Fiber optic,No,No,Yes,No,Yes,Yes,Month-to-month,Yes,Credit card (automatic),92.09,3490.47,No
CUST-1284,Female,0,Yes,No,21,Yes,No,DSL,Yes,No,No,Yes,Yes,Yes,Month-to-month,Yes,Electronic check,77.64,1628.52,No
CUST-1285,Male,0,Yes,No,8,No,No phone service,Fiber optic,Yes,No,Yes,No,Yes,No,Two year,Yes,Electronic check,88.08,710.65,Yes
CUST-1286,Male,1,Yes,No,28,Yes,Yes,Fiber optic,No,No,Yes,Yes,Yes,Yes,Month-to-month,Yes,Mailed check,102.64,2873.93,Yes
CUST-1287,Female,0,Yes,No,54,No,No phone service,Fiber optic,Yes,Yes,No,Yes,No,No,Two year,Yes,Bank transfer (automatic),94.17,5093.12,No
CUST-1288,Male,0,No,No,31,Yes,No,No,No internet service,No internet service,No internet service,No internet service,No internet service,No internet service,Month-to-month,Yes,Mailed check,25.95,810.28,No
CUST-1289,Female,0,Yes,No,41,Yes,No,Fiber optic,No,No,Yes,Yes,Yes,Yes,Month-to-month,No,Electronic check,102.43,4200.74,Yes
CUST-1290,Male,0,No,No,37,Yes,Yes,DSL,Yes,No,Yes,Yes,No,Yes,Month-to-month,Yes,Bank transfer (automatic),63.04,2338.29,No
CUST-1291,Male,0,Yes,No,38,Yes,No,DSL,No,Yes,No,No,No,Yes,One year,Yes,Credit card (automatic),56.15,2125.6,No
CUST-1292,Female,0,Yes,No,51,Yes,No,DSL,No,Yes,No,No,No,No,One year,Yes,Electronic check,59.49,3028.02,Yes
CUST-1293,Male,0,No,No,37,Yes,Yes,DSL,Yes,Yes,No,Yes,No,No,One year,Yes,Electronic check,67.85,2514.46,No
CUST-1294,Male,0,No,No,31,Yes,No,Fiber optic,No,No,Yes,Yes,Yes,Yes,One year,Yes,Credit card (automatic),106.74,3299.05,No
CUST-1295,Female,0,No,No,62,Yes,Yes,Fiber optic,No,Yes,No,Yes,No,No,Month-to-month,Yes,Bank transfer (automatic),99.64,6167.77,No
CUST-1296,Female,0,No,No,18,Yes,Yes,DSL,No,No,No,No,No,No,Month-to-month,No,Credit card (automatic),51.24,919.93,Yes
CUST-1297,Male,0,Yes,Yes,6,Yes,No,DSL,No,No,Yes,No,Yes,Yes,Month-to-month,Yes,Bank transfer (automatic),66.25,404.84,Yes
CUST-1298,Female,0,Yes,No,9,Yes,No,DSL,Yes,Yes,Yes,No,No,Yes,Month-to-month,Yes,Mailed check,47.67,438.65,Yes
CUST-1299,Male,0,No,No,11,Yes,No,Fiber optic,No,Yes,Yes,No,No,Yes,One year,Yes,Credit card (automatic),78.51,866.61,Yes
CUST-1300,Male,0,No,No,2,Yes,No,Fiber optic,Yes,Yes,No,Yes,No,No,Month-to-month,Yes,Bank transfer (automatic),86.9,182.81,Yes
CUST-1301,Female,0,No,No,29,Yes,No,DSL,No,No,No,No,No,Yes,Month-to-month,No,Mailed check,47.9,1396.05,No
CUST-1302,Female,0,Yes,Yes,51,Yes,Yes,Fiber optic,No,Yes,No,Yes,Yes,Yes,Month-to-month,Yes,Credit card (automatic),103.65,5280.18,No
CUST-1303,Female,1,No,No,69,Yes,No,DSL,No,Yes,Yes,Yes,Yes,No,Month-to-month,Yes,Credit card (automatic),82.91,5718.87,No
CUST-1304,Female,0,Yes,No,23,Yes,No,DSL,No,Yes,No,No,No,No,One year,Yes,Electronic check,48.56,1119.36,No
CUST-1305,Female,0,No,Yes,7,Yes,No,DSL,Yes,No,No,No,No,Yes,Month-to-month,Yes,Credit card (automatic),54.48,374.39,No
CUST-1306,Female,0,No,No,56,Yes,No,Fiber optic,Yes,No,Yes,No,No,Yes,Month-to-month,No,Electronic check,70.2,3927.46,Yes
CUST-1307,Male,0,Yes,No,62,Yes,No,DSL,Yes,Yes,Yes,Yes,Yes,Yes,Two year,Yes,Electronic check,78.34,4862.21,No
CUST-1308,Female,1,No,No,15,Yes,Yes,DSL,Yes,Yes,No,No,Yes,Yes,Two year,Yes,Electronic check,65.6,980.89,No
CUST-1309,Male,1,Yes,Yes,53,Yes,No,DSL,No,Yes,No,No,Yes,No,Two year,Yes,Mailed check,65.96,3504.4,No
CUST-1310,Male,0,No,No,43,Yes,No,DSL,No,No,Yes,No,No,No,Month-to-month,Yes,Bank transfer (automatic),53.71,2307.67,No
CUST-1311,Male,0,Yes,No,35,Yes,No,Fiber optic,No,No,No,Yes,No,No,One year,No,Bank transfer (automatic),85.53,2987.95,No
CUST-1312,Male,1,No,Yes,14,No,No phone service,DSL,No,No,Yes,No,Yes,No,Month-to-month,Yes,Credit card (automatic),65.29,908.26,No
CUST-1313,Female,1,Yes,Yes,69,Yes,No,No,No internet service,No internet service,No internet service,No internet service,No internet service,No internet service,Month-to-month,Yes,Electronic check,18.5,1280.24,Yes
CUST-1314,Female,0,No,Yes,49,Yes,Yes,DSL,Yes,No,No,No,No,No,One year,Yes,Bank transfer (automatic),53.23,2605.63,No
CUST-1315,Female,0,No,No,18,Yes,Yes,DSL,Yes,No,No,No,No,No,One year,Yes,Mailed check,47.74,854.07,No
CUST-1316,Male,0,Yes,Yes,51,Yes,Yes,DSL,Yes,No,Yes,Yes,No,No,Month-to-month,Yes,Mailed check,69.14,3530.02,No
CUST-1317,Male,1,Yes,Yes,1,Yes,No,DSL,Yes,No,Yes,No,Yes,Yes,Two year,No,Bank transfer (automatic),65.11,65.11,No
CUST-1318,Male,0,No,No,27,Yes,No,DSL,No,No,No,Yes,Yes,Yes,One year,No,Mailed check,80.62,2183.66,No
CUST-1319,Male,0,Yes,No,64,Yes,Yes,DSL,Yes,No,No,No,Yes,No,Two year,No,Mailed check,78.29,5011.54,No
CUST-1320,Female,0,No,No,60,Yes,No,Fiber optic,No,Yes,No,Yes,Yes,Yes,Two year,Yes,Credit card (automatic),110.05,6612.44,No
CUST-1321,Female,0,Yes,No,41,Yes,Yes,Fiber optic,No,Yes,No,No,No,Yes,One year,No,Credit card (automatic),78.45,3213.94,No
CUST-1322,Female,0,No,Yes,21,Yes,Yes,Fiber optic,No,No,No,No,Yes,Yes,Month-to-month,Yes,Bank transfer (automatic),90.08,1887.32,No
CUST-1323,Male,1,Yes,No,14,Yes,Yes,DSL,No,No,Yes,Yes,Yes,No,Month-to-month,No,Electronic check,78.27,1098.67,Yes
CUST-1324,Female,0,Yes,Yes,20,Yes,No,Fiber optic,Yes,Yes,No,No,No,No,Month-to-month,Yes,Credit card (automatic),72.66,1457.37,No
CUST-1325,Female,0,Yes,No,11,Yes,No,DSL,No,No,Yes,No,Yes,Yes,Month-to-month,Yes,Bank transfer (automatic),71.98,782.12,Yes
CUST-1326,Female,0,Yes,No,66,Yes,Yes,Fiber optic,Yes,No,No,No,No,Yes,One year,Yes,Credit card (automatic),72.03,4757.37,No
CUST-1327,Female,0,Yes,Yes,24,Yes,No,No,No internet service,No internet service,No internet service,No internet service,No internet service,No internet service,Month-to-month,Yes,Electronic check,22.89,542.98,No
CUST-1328,Male,0,No,No,37,Yes,Yes,Fiber optic,Yes,No,Yes,Yes,No,No,Two year,Yes,Credit card (automatic),87.25,3237.43,No
CUST-1329,Male,0,No,No,24,Yes,Yes,DSL,Yes,No,No,Yes,Yes,Yes,One year,Yes,Bank transfer (automatic),75.76,1819.76,No
CUST-1330,Male,0,No,Yes,15,Yes,Yes,DSL,Yes,Yes,No,No,No,Yes,Month-to-month,Yes,Bank transfer (automatic),48.06,713.43,No
CUST-1331,Female,0,No,No,12,Yes,Yes,DSL,Yes,No,No,No,Yes,No,Month-to-month,No,Electronic check,68.66,814.97,Yes
CUST-1332,Male,0,Yes,No,64,Yes,No,DSL,No,Yes,No,No,Yes,No,Month-to-month,Yes,Bank transfer (automatic),70.42,4514.47,No
CUST-1333,Male,0,No,No,31,Yes,No,DSL,No,Yes,Yes,No,Yes,No,Month-to-month,Yes,Electronic check,66.25,2060.76,No
CUST-1334,Male,1,Yes,No,53,No,No phone service,DSL,No,No,No,Yes,No,Yes,Month-to-month,No,Electronic check,64.5,3417.18,No
CUST-1335,Male,1,No,No,72,No,No phone service,DSL,Yes,No,No,No,No,No,Two year,Yes,Electronic check,52.97,3805.59,No
CUST-1336,Female,0,Yes,Yes,44,Yes,Yes,DSL,No,Yes,No,Yes,Yes,Yes,Month-to-month,No,Electronic check,79.29,3486.56,No
CUST-1337,Female,0,Yes,Yes,30,Yes,Yes,DSL,Yes,No,No,No,No,No,Month-to-month,No,Electronic check,48.26,1453.01,Yes
CUST-1338,Male,1,Yes,No,35,Yes,Yes,Fiber optic,No,No,Yes,Yes,No,No,Month-to-month,Yes,Bank transfer (automatic),85.69,3002.38,No
CUST-1339,Male,0,No,Yes,21,Yes,Yes,DSL,Yes,No,No,Yes,No,No,Month-to-month,Yes,Credit card (automatic),70.61,1490.11,No
CUST-1340,Male,0,Yes,No,63,Yes,No,DSL,Yes,Yes,No,No,Yes,No,One year,Yes,Electronic check,62.53,3944.41,No
CUST-1341,Male,1,No,No,17,Yes,Yes,Fiber optic,Yes,Yes,Yes,No,No,No,One year,Yes,Credit card (automatic),70.38,1193.06,No
CUST-1342,Male,0,Yes,Yes,12,Yes,No,Fiber optic,No,No,Yes,No,No,Yes,Month-to-month,No,Mailed check,74.1,886.02,Yes
CUST-1343,Male,0,No,Yes,18,Yes,Yes,DSL,Yes,No,Yes,Yes,No,No,Two year,No,Credit card (automatic),69.58,1255.4,No
CUST-1344,Male,1,No,No,60,Yes,Yes,Fiber optic,Yes,No,No,No,No,No,One year,No,Electronic check,78.8,4724.2,No
CUST-1345,Female,0,Yes,No,67,Yes,No,DSL,No,No,Yes,Yes,No,Yes,Month-to-month,Yes,Electronic check,64.24,4311.43,Yes
CUST-1346,Female,0,No,No,15,Yes,Yes,DSL,Yes,Yes,No,No,Yes,No,Month-to-month,No,Credit card (automatic),62.93,940.5,No
CUST-1347,Male,0,No,No,16,Yes,Yes,DSL,Yes,No,No,No,Yes,No,Month-to-month,No,Mailed check,76.26,1219.94,No
CUST-1348,Male,0,No,Yes,22,Yes,Yes,DSL,Yes,No,No,No,Yes,No,Month-to-month,No,Mailed check,61.36,1340.78,Yes
CUST-1349,Female,0,No,No,63,Yes,Yes,Fiber optic,Yes,Yes,No,Yes,Yes,Yes,One year,Yes,Mailed check,105.26,6623.74,No
CUST-1350,Female,0,No,Yes,31,Yes,Yes,DSL,No,Yes,No,No,No,Yes,Month-to-month,Yes,Credit card (automatic),46.95,1448.09,No
CUST-1351,Female,1,No,No,1,No,No phone service,DSL,No,No,No,No,Yes,No,Two year,Yes,Electronic check,69.53,69.53,Yes
CUST-1352,Female,0,Yes,No,6,Yes,Yes,No,No internet service,No internet service,No internet service,No internet service,No internet service,No internet service,Month-to-month,Yes,Mailed check,24.65,140.23,No
CUST-1353,Male,0,No,No,9,No,No phone service,DSL,Yes,Yes,No,Yes,Yes,No,Two year,Yes,Mailed check,75.04,674.5,No
CUST-1354,Male,0,Yes,No,52,Yes,No,Fiber optic,No,Yes,No,No,No,No,One year,No,Mailed check,76.26,3960.9,Yes
CUST-1355,Female,0,Yes,No,62,Yes,No,DSL,No,No,No,No,No,No,Month-to-month,No,Mailed check,38.46,2379.97,No
CUST-1356,Male,0,No,No,58,Yes,No,DSL,No,Yes,Yes,No,Yes,No,Month-to-month,No,Credit card (automatic),65.8,3815.31,Yes
CUST-1357,Female,1,Yes,No,19,Yes,No,DSL,Yes,No,No,No,Yes,No,Two year,Yes,Electronic check,51.42,984.06,No
CUST-1358,Female,1,Yes,No,13,Yes,No,Fiber optic,Yes,No,No,No,Yes,No,Month-to-month,Yes,Mailed check,91.85,1199.28,Yes
CUST-1359,Female,0,No,No,32,Yes,Yes,Fiber optic,No,Yes,No,No,No,Yes,Month-to-month,Yes,Mailed check,73.67,2365.11,No
CUST-1360,Male,0,No,No,9,No,No phone service,DSL,No,No,No,No,No,No,Two year,Yes,Bank transfer (automatic),43.14,398.06,Yes
CUST-1361,Female,0,No,Yes,49,Yes,Yes,DSL,No,No,No,Yes,No,No,Two year,Yes,Mailed check,67.84,3314.38,No
CUST-1362,Male,0,No,Yes,37,Yes,Yes,No,No internet service,No internet service,No internet service,No internet service,No internet service,No internet service,Two year,Yes,Bank transfer (automatic),20.39,758.28,No
CUST-1363,Female,0,No,Yes,31,Yes,No,No,No internet service,No internet service,No internet service,No internet service,No internet service,No internet service,One year,Yes,Mailed check,18.5,565.9,No
CUST-1364,Female,0,Yes,No,31,Yes,Yes,Fiber optic,No,No,Yes,No,No,Yes,Month-to-month,Yes,Bank transfer (automatic),78.76,2450.3,No
CUST-1365,Male,1,Yes,Yes,59,Yes,Yes,Fiber optic,No,No,Yes,No,No,Yes,Month-to-month,Yes,Mailed check,74.72,4403.02,Yes
CUST-1366,Female,0,No,No,55,Yes,Yes,Fiber optic,No,No,Yes,Yes,Yes,Yes,One year,Yes,Electronic check,107.13,5889.15,No
CUST-1367,Female,0,Yes,No,19,Yes,Yes,DSL,No,Yes,No,No,Yes,No,Month-to-month,No,Credit card (automatic),63.49,1215.89,No
CUST-1368,Male,0,No,Yes,63,Yes,Yes,Fiber optic,No,No,Yes,Yes,Yes,Yes,Month-to-month,No,Bank transfer (automatic),104.31,6578.87,No
CUST-1369,Male,0,No,No,2,Yes,Yes,Fiber optic,No,Yes,Yes,No,Yes,Yes,One year,Yes,Bank transfer (automatic),97.88,186.7,No
CUST-1370,Male,0,Yes,Yes,45,Yes,Yes,Fiber optic,No,No,Yes,No,Yes,No,Month-to-month,Yes,Mailed check,87.22,3915.84,Yes
CUST-1371,Male,0,No,No,43,Yes,Yes,DSL,No,Yes,No,No,No,No,One year,No,Electronic check,51.5,2220.88,No
CUST-1372,Male,0,No,No,1,No,No phone service,Fiber optic,No,No,No,No,No,Yes,Month-to-month,No,Credit card (automatic),76.54,76.54,Yes
CUST-1373,Female,0,Yes,No,61,Yes,Yes,Fiber optic,Yes,Yes,Yes,No,Yes,Yes,Month-to-month,No,Electronic check,84.28,5148.11,No
CUST-1374,Male,0,No,Yes,3,Yes,Yes,Fiber optic,No,Yes,Yes,No,No,Yes,One year,Yes,Mailed check,76.59,238.26,No
CUST-1375,Male,0,No,No,44,Yes,Yes,Fiber optic,No,Yes,No,No,No,Yes,One year,No,Credit card (automatic),67.06,2941.12,No
CUST-1376,Female,0,Yes,No,7,Yes,No,No,No internet service,No internet service,No internet service,No internet service,No internet service,No internet service,Month-to-month,No,Bank transfer (automatic),30.21,205.87,No
CUST-1377,Male,0,No,No,33,Yes,Yes,No,No internet service,No internet service,No internet service,No internet service,No internet service,No internet service,Two year,Yes,Mailed check,27.12,885.42,No
CUST-1378,Female,0,No,No,9,Yes,Yes,DSL,No,No,Yes,Yes,No,Yes,Month-to-month,Yes,Credit card (automatic),55.22,488.44,No
CUST-1379,Male,0,No,Yes,30,Yes,Yes,DSL,No,Yes,No,No,Yes,No,Month-to-month,Yes,Credit card (automatic),70.66,2120.48,No
CUST-1380,Male,0,No,No,18,Yes,Yes,Fiber optic,No,No,Yes,No,No,Yes,Month-to-month,No,Electronic check,75.47,1363.06,Yes
CUST-1381,Female,0,No,No,56,Yes,Yes,Fiber optic,Yes,Yes,No,Yes,No,Yes,Month-to-month,Yes,Electronic check,82.64,4627.43,No
CUST-1382,Female,0,Yes,Yes,31,Yes,No,DSL,Yes,No,No,No,No,No,Month-to-month,No,Mailed check,41.06,1270.58,No
CUST-1383,Female,0,No,No,72,Yes,No,Fiber optic,No,No,No,No,No,No,One year,No,Electronic check,74.81,5380.45,No
CUST-1384,Female,0,No,No,63,Yes,Yes,DSL,Yes,Yes,Yes,No,Yes,Yes,One year,Yes,Bank transfer (automatic),73.3,4612.63,No
CUST-1385,Female,0,Yes,No,50,Yes,No,DSL,No,No,Yes,No,Yes,No,Two year,Yes,Mailed check,76.83,3843.15,No
CUST-1386,Male,0,Yes,Yes,1,Yes,Yes,Fiber optic,No,Yes,Yes,Yes,Yes,Yes,Two year,No,Mailed check,106.45,113.57,No
CUST-1387,Male,1,No,Yes,19,Yes,Yes,Fiber optic,No,No,No,No,No,Yes,Two year,No,Mailed check,70.0,1328.09,No
CUST-1388,Female,0,No,No,64,Yes,No,Fiber optic,Yes,No,No,Yes,No,Yes,One year,No,Electronic check,99.23,6359.51,Yes
CUST-1389,Female,1,No,No,53,Yes,Yes,Fiber optic,No,No,No,Yes,Yes,No,Month-to-month,Yes,Electronic check,100.36,5310.12,No
CUST-1390,Female,0,No,Yes,6,No,No phone service,DSL,No,Yes,No,No,Yes,No,Month-to-month,No,Mailed check,63.32,386.5,No
CUST-1391,Male,0,No,No,17,Yes,Yes,DSL,Yes,No,No,No,Yes,No,Month-to-month,No,Bank transfer (automatic),68.41,1159.74,No
CUST-1392,Male,1,No,Yes,46,Yes,No,Fiber optic,Yes,No,No,No,Yes,No,Month-to-month,No,Electronic check,96.6,4450.98,Yes
CUST-1393,Female,0,No,No,72,Yes,No,Fiber optic,Yes,No,Yes,No,Yes,Yes,One year,Yes,Electronic check,84.3,6077.99,No
CUST-1394,Male,0,Yes,No,55,Yes,No,DSL,Yes,Yes,No,No,Yes,Yes,One year,Yes,Mailed check,64.9,3573.51,No
CUST-1395,Female,0,No,No,6,Yes,No,Fiber optic,No,Yes,No,No,No,No,Month-to-month,Yes,Credit card (automatic),78.27,466.72,Yes
CUST-1396,Female,0,No,No,70,Yes,No,No,No internet service,No internet service,No internet service,No internet service,No internet service,No internet service,Two year,Yes,Electronic check,18.5,1294.14,No
CUST-1397,Male,0,No,No,68,Yes,Yes,Fiber optic,No,Yes,Yes,Yes,No,No,One year,No,Electronic check,80.73,5490.68,No
CUST-1398,Female,0,No,No,40,Yes,Yes,Fiber optic,No,Yes,No,Yes,No,No,Month-to-month,Yes,Electronic check,81.8,3271.24,No
CUST-1399,Female,1,No,No,66,Yes,No,DSL,No,No,No,No,Yes,Yes,Month-to-month,Yes,Credit card (automatic),66.32,4382.94,No
CUST-1400,Male,0,Yes,No,9,Yes,No,DSL,No,No,No,Yes,No,Yes,Month-to-month,Yes,Mailed check,67.99,617.34,No
CUST-1401,Female,1,Yes,Yes,11,Yes,Yes,Fiber optic,No,No,No,No,No,No,Month-to-month,Yes,Bank transfer (automatic),81.03,881.58,Yes
CUST-1402,Female,1,Yes,No,20,Yes,No,Fiber optic,No,No,No,Yes,Yes,Yes,Two year,Yes,Electronic check,106.65,2126.03,No
CUST-1403,Female,0,Yes,Yes,43,Yes,Yes,DSL,No,Yes,No,Yes,Yes,Yes,One year,Yes,Electronic check,91.82,3945.53,No
CUST-1404,Male,0,No,No,58,No,No phone service,Fiber optic,No,Yes,Yes,No,No,No,Month-to-month,Yes,Electronic check,78.17,4537.31,Yes
CUST-1405,Female,1,Yes,Yes,26,Yes,Yes,Fiber optic,No,No,No,No,Yes,Yes,Month-to-month,Yes,Bank transfer (automatic),96.71,2509.05,Yes
CUST-1406,Male,1,Yes,No,38,Yes,Yes,DSL,Yes,No,No,No,No,No,One year,Yes,Bank transfer (automatic),54.78,2078.1,No
CUST-1407,Male,0,No,Yes,36,No,No phone service,Fiber optic,No,No,No,Yes,No,No,Two year,Yes,Bank transfer (automatic),91.37,3288.56,No
CUST-1408,Female,0,No,No,55,Yes,No,DSL,No,No,Yes,Yes,Yes,No,Month-to-month,Yes,Credit card (automatic),88.05,4844.54,No
CUST-1409,Male,0,Yes,No,6,Yes,No,DSL,No,No,No,Yes,Yes,No,Month-to-month,No,Electronic check,83.35,508.14,Yes
CUST-1410,Male,0,No,No,3,Yes,Yes,Fiber optic,No,No,No,Yes,Yes,Yes,Two year,Yes,Electronic check,102.07,312.3,Yes
CUST-1411,Female,0,No,No,65,Yes,No,DSL,No,No,No,No,No,No,One year,No,Credit card (automatic),50.99,3311.53,No
CUST-1412,Female,0,Yes,No,64,Yes,No,DSL,No,No,Yes,No,No,No,Two year,Yes,Mailed check,48.39,3102.32,No
CUST-1413,Female,0,Yes,No,58,Yes,No,Fiber optic,No,No,Yes,No,No,No,Month-to-month,Yes,Credit card (automatic),71.13,4132.19,No
CUST-1414,Female,0,No,No,58,Yes,No,Fiber optic,Yes,No,No,No,Yes,No,One year,Yes,Credit card (automatic),86.58,5022.09,Yes
CUST-1415,Male,0,No,No,18,Yes,Yes,Fiber optic,Yes,No,Yes,No,No,Yes,Month-to-month,No,Electronic check,78.14,1402.44,Yes
CUST-1416,Male,0,No,Yes,23,Yes,No,DSL,Yes,Yes,No,No,No,No,One year,Yes,Bank transfer (automatic),43.1,1000.16,No
CUST-1417,Male,0,Yes,No,29,Yes,Yes,DSL,No,No,No,Yes,No,Yes,Month-to-month,Yes,Electronic check,66.37,1933.98,No
CUST-1418,Female,0,Yes,No,23,Yes,Yes,Fiber optic,No,Yes,Yes,Yes,No,Yes,One year,No,Mailed check,87.43,2005.38,No
CUST-1419,Female,0,No,No,36,Yes,No,DSL,No,Yes,Yes,Yes,Yes,Yes,Month-to-month,Yes,Credit card (automatic),74.98,2704.98,No
CUST-1420,Female,0,Yes,No,70,Yes,No,Fiber optic,No,Yes,Yes,Yes,No,Yes,One year,No,Mailed check,89.55,6259.34,No
CUST-1421,Female,0,Yes,No,6,Yes,No,DSL,Yes,Yes,No,Yes,No,No,One year,Yes,Electronic check,65.72,384.37,No
CUST-1422,Male,1,No,Yes,34,Yes,No,Fiber optic,Yes,Yes,Yes,No,Yes,No,Two year,Yes,Electronic check,100.2,3403.83,No
CUST-1423,Male,0,Yes,No,44,Yes,No,DSL,No,Yes,Yes,No,Yes,Yes,One year,No,Electronic check,59.85,2632.65,No
CUST-1424,Male,0,No,No,44,Yes,Yes,DSL,No,Yes,No,Yes,No,No,Month-to-month,Yes,Mailed check,66.54,2928.69,No
CUST-1425,Female,0,No,No,27,Yes,No,No,No internet service,No internet service,No internet service,No internet service,No internet service,No internet service,One year,Yes,Bank transfer (automatic),22.32,600.21,No
CUST-1426,Male,1,Yes,No,52,Yes,Yes,No,No internet service,No internet service,No internet service,No internet service,No internet service,No internet service,Month-to-month,No,Bank transfer (automatic),19.52,1007.62,No
CUST-1427,Female,0,No,Yes,42,No,No phone service,DSL,Yes,Yes,Yes,No,No,Yes,One year,No,Bank transfer (automatic),57.2,2399.3,No
CUST-1428,Male,0,Yes,No,25,Yes,Yes,Fiber optic,No,No,No,No,No,Yes,One year,Yes,Mailed check,76.27,1913.19,No
CUST-1429,Male,0,No,Yes,39,No,No phone service,Fiber optic,No,Yes,Yes,No,No,Yes,Month-to-month,Yes,Electronic check,79.39,3092.92,Yes
CUST-1430,Male,0,Yes,No,39,Yes,Yes,DSL,No,Yes,Yes,Yes,Yes,No,Two year,Yes,Electronic check,76.85,2999.0,No
CUST-1431,Female,0,Yes,No,12,No,No phone service,DSL,Yes,Yes,No,Yes,No,No,Month-to-month,No,Credit card (automatic),58.79,709.1,Yes
CUST-1432,Female,0,No,No,11,Yes,Yes,DSL,Yes,Yes,No,No,No,No,Month-to-month,No,Electronic check,49.05,544.2,Yes
CUST-1433,Male,0,Yes,No,3,No,No phone service,Fiber optic,No,Yes,No,Yes,Yes,Yes,Month-to-month,No,Electronic check,103.98,311.7,Yes
CUST-1434,Male,0,No,No,22,Yes,Yes,Fiber optic,No,No,Yes,Yes,Yes,Yes,Month-to-month,No,Electronic check,103.23,2263.57,Yes
CUST-1435,Female,0,Yes,Yes,4,No,No phone service,No,No internet service,No internet service,No internet service,No internet service,No internet service,No internet service,Month-to-month,No,Electronic check,21.41,93.65,Yes
CUST-1436,Male,0,Yes,No,8,Yes,Yes,Fiber optic,No,No,No,No,No,Yes,Month-to-month,Yes,Credit card (automatic),72.69,576.73,Yes
CUST-1437,Female,1,No,Yes,14,Yes,Yes,Fiber optic,No,No,No,No,No,Yes,Month-to-month,Yes,Electronic check,72.82,1016.26,Yes
CUST-1438,Female,0,Yes,No,14,Yes,No,No,No internet service,No internet service,No internet service,No internet service,No internet service,No internet service,One year,Yes,Bank transfer (automatic),27.25,386.98,No
CUST-1439,Male,1,Yes,Yes,16,Yes,No,Fiber optic,No,No,No,No,Yes,No,Month-to-month,Yes,Credit card (automatic),85.17,1367.99,Yes
CUST-1440,Male,0,No,No,32,Yes,No,DSL,No,No,No,No,No,No,One year,Yes,Credit card (automatic),56.68,1821.69,No
CUST-1441,Female,0,No,Yes,64,No,No phone service,DSL,No,Yes,No,No,No,No,Month-to-month,Yes,Electronic check,54.27,3463.95,Yes
CUST-1442,Male,0,No,No,16,Yes,Yes,Fiber optic,Yes,No,No,No,Yes,Yes,Two year,Yes,Mailed check,95.7,1538.69,Yes
CUST-1443,Male,1,No,No,52,Yes,No,Fiber optic,No,Yes,No,Yes,No,No,Two year,No,Bank transfer (automatic),95.7,4982.24,No
CUST-1444,Female,0,Yes,No,19,Yes,Yes,DSL,No,Yes,Yes,Yes,No,No,Month-to-month,No,Credit card (automatic),64.43,1224.67,Yes
CUST-1445,Female,0,No,No,69,Yes,No,Fiber optic,No,No,No,Yes,Yes,No,One year,Yes,Bank transfer (automatic),101.6,7003.59,No
CUST-1446,Female,0,Yes,No,12,Yes,Yes,No,No internet service,No internet service,No internet service,No internet service,No internet service,No internet service,One year,Yes,Electronic check,18.5,222.9,Yes
CUST-1447,Female,0,No,No,5,Yes,No,Fiber optic,Yes,No,Yes,Yes,No,No,Month-to-month,No,Electronic check,89.97,443.73,Yes
CUST-1448,Male,0,Yes,No,42,Yes,Yes,Fiber optic,No,No,Yes,Yes,No,No,Month-to-month,Yes,Mailed check,84.14,3543.18,Yes
CUST-1449,Male,0,No,No,17,Yes,No,Fiber optic,Yes,No,No,Yes,No,No,One year,Yes,Electronic check,92.04,1568.86,No
CUST-1450,Female,0,No,No,72,Yes,No,DSL,Yes,No,No,No,No,Yes,Month-to-month,No,Electronic check,47.93,3452.88,Yes
CUST-1451,Female,0,No,Yes,10,Yes,No,DSL,Yes,No,No,Yes,Yes,No,Two year,No,Bank transfer (automatic),80.91,815.37,Yes
CUST-1452,Male,0,No,No,16,Yes,Yes,Fiber optic,No,Yes,No,Yes,Yes,Yes,Two year,Yes,Mailed check,104.04,1665.29,No
CUST-1453,Female,0,No,No,16,Yes,Yes,Fiber optic,No,No,No,Yes,No,Yes,Month-to-month,No,Electronic check,94.63,1505.29,No
CUST-1454,Male,0,No,Yes,42,Yes,No,DSL,No,No,Yes,Yes,No,No,One year,No,Electronic check,67.68,2837.74,No
CUST-1455,Male,0,Yes,No,3,Yes,Yes,No,No internet service,No internet service,No internet service,No internet service,No internet service,No internet service,Month-to-month,No,Electronic check,18.5,65.13,No
CUST-1456,Male,0,Yes,No,23,Yes,No,DSL,Yes,No,Yes,Yes,No,No,Two year,Yes,Electronic check,65.43,1511.91,No
CUST-1457,Male,0,Yes,Yes,28,Yes,Yes,Fiber optic,No,Yes,No,No,No,No,One year,Yes,Credit card (automatic),64.14,1804.47,No
CUST-1458,Male,1,Yes,No,45,Yes,No,Fiber optic,No,Yes,No,Yes,No,No,One year,No,Credit card (automatic),87.77,3941.61,No
CUST-1459,Male,1,No,No,68,Yes,No,DSL,No,No,No,No,No,No,One year,No,Mailed check,51.36,3487.44,No
CUST-1460,Male,0,No,Yes,24,Yes,No,DSL,No,Yes,No,Yes,Yes,No,Month-to-month,Yes,Bank transfer (automatic),75.2,1796.06,No
CUST-1461,Female,0,No,No,19,Yes,Yes,No,No internet service,No internet service,No internet service,No internet service,No internet service,No internet service,Two year,Yes,Mailed check,23.81,458.83,No
CUST-1462,Female,0,No,No,40,Yes,Yes,DSL,Yes,Yes,No,Yes,Yes,No,Month-to-month,No,Credit card (automatic),73.51,2933.88,No
CUST-1463,Female,0,No,Yes,46,Yes,No,DSL,No,Yes,Yes,No,No,No,Month-to-month,Yes,Electronic check,51.53,2368.58,Yes
CUST-1464,Female,0,Yes,No,40,Yes,No,Fiber optic,Yes,Yes,Yes,No,No,No,Month-to-month,No,Electronic check,74.23,2964.59,No
CUST-1465,Male,0,Yes,No,62,Yes,Yes,DSL,No,No,No,No,No,No,Month-to-month,No,Electronic check,55.46,3447.13,No
CUST-1466,Male,0,Yes,No,18,Yes,Yes,No,No internet service,No internet service,No internet service,No internet service,No internet service,No internet service,Month-to-month,No,Electronic check,18.5,335.17,No
CUST-1467,Female,1,Yes,No,12,Yes,No,DSL,Yes,Yes,No,No,No,No,Month-to-month,Yes,Electronic check,49.11,595.31,Yes
CUST-1468,Male,1,No,No,14,Yes,No,Fiber optic,No,No,No,Yes,Yes,No,Month-to-month,Yes,Credit card (automatic),111.65,1565.14,Yes
CUST-1469,Female,0,No,No,61,Yes,No,DSL,Yes,Yes,Yes,No,No,No,Month-to-month,No,Electronic check,56.71,3461.56,Yes
CUST-1470,Male,0,No,Yes,12,Yes,No,Fiber optic,No,No,Yes,Yes,Yes,Yes,Month-to-month,Yes,Mailed check,95.48,1143.42,Yes
CUST-1471,Female,0,No,No,27,Yes,No,Fiber optic,Yes,Yes,Yes,No,Yes,No,Month-to-month,Yes,Bank transfer (automatic),82.62,2225.52,Yes
CUST-1472,Male,0,No,No,6,Yes,Yes,DSL,No,Yes,No,No,Yes,Yes,Two year,Yes,Bank transfer (automatic),72.01,429.03,No
CUST-1473,Female,0,Yes,Yes,33,No,No phone service,No,No internet service,No internet service,No internet service,No internet service,No internet service,No internet service,One year,Yes,Electronic check,25.83,848.29,No
CUST-1474,Female,0,No,No,50,Yes,Yes,DSL,No,No,No,Yes,No,No,Month-to-month,No,Electronic check,69.06,3456.82,Yes
CUST-1475,Female,0,Yes,Yes,12,Yes,Yes,Fiber optic,No,No,Yes,Yes,Yes,No,Month-to-month,No,Credit card (automatic),104.47,1252.09,Yes
CUST-1476,Male,0,Yes,No,57,No,No phone service,No,No internet service,No internet service,No internet service,No internet service,No internet service,No internet service,Two year,Yes,Bank transfer (automatic),19.88,1134.16,No
CUST-1477,Female,0,Yes,No,53,Yes,No,Fiber optic,Yes,No,No,Yes,No,No,Month-to-month,No,Bank transfer (automatic),82.67,4386.93,Yes
CUST-1478,Female,0,No,No,13,Yes,No,Fiber optic,No,No,No,No,No,No,Month-to-month,No,Mailed check,72.83,942.12,No
CUST-1479,Female,0,Yes,Yes,72,Yes,Yes,DSL,No,No,Yes,Yes,No,Yes,Two year,Yes,Electronic check,69.47,5000.31,No
CUST-1480,Female,0,Yes,No,3,Yes,Yes,DSL,No,Yes,No,No,No,No,Month-to-month,Yes,Mailed check,49.43,148.68,No
CUST-1481,Female,0,No,Yes,64,No,No phone service,DSL,No,Yes,Yes,No,No,Yes,One year,Yes,Electronic check,54.62,3486.76,Yes
CUST-1482,Male,0,No,No,58,Yes,Yes,No,No internet service,No internet service,No internet service,No internet service,No internet service,No internet service,Month-to-month,Yes,Credit card (automatic),25.26,1458.12,No
CUST-1483,Female,0,Yes,No,4,No,No phone service,No,No internet service,No internet service,No internet service,No internet service,No internet service,No internet service,Two year,Yes,Bank transfer (automatic),24.79,90.43,Yes
CUST-1484,Female,0,Yes,No,45,Yes,No,DSL,Yes,Yes,No,Yes,Yes,Yes,Month-to-month,Yes,Bank transfer (automatic),82.26,3706.75,No
CUST-1485,Female,1,No,No,66,Yes,No,DSL,No,No,No,Yes,No,Yes,Two year,Yes,Bank transfer (automatic),63.65,4196.9,No
CUST-1486,Male,0,Yes,No,36,Yes,No,DSL,Yes,No,No,No,No,Yes,One year,No,Bank transfer (automatic),51.19,1841.29,No
CUST-1487,Male,0,No,Yes,23,No,No phone service,DSL,No,Yes,Yes,Yes,No,No,Month-to-month,No,Bank transfer (automatic),60.05,1384.6,No
CUST-1488,Female,0,No,No,19,Yes,Yes,DSL,Yes,Yes,No,No,No,Yes,One year,No,Credit card (automatic),41.87,804.86,No
CUST-1489,Female,1,Yes,No,40,Yes,No,Fiber optic,No,No,No,Yes,No,Yes,Two year,Yes,Electronic check,91.0,3646.22,No
CUST-1490,Male,0,Yes,No,72,Yes,Yes,Fiber optic,No,Yes,No,Yes,Yes,Yes,Month-to-month,Yes,Bank transfer (automatic),102.03,7337.32,Yes
CUST-1491,Female,0,Yes,Yes,16,Yes,No,Fiber optic,No,No,Yes,Yes,No,Yes,Two year,Yes,Mailed check,86.57,1381.23,No
CUST-1492,Male,0,Yes,No,58,Yes,Yes,Fiber optic,Yes,No,Yes,No,Yes,Yes,Month-to-month,Yes,Mailed check,89.19,5164.0,Yes
CUST-1493,Male,0,Yes,No,18,Yes,Yes,Fiber optic,Yes,No,Yes,No,Yes,Yes,Month-to-month,No,Mailed check,94.39,1690.25,Yes
CUST-1494,Male,0,No,No,36,No,No phone service,Fiber optic,No,No,No,No,Yes,Yes,Month-to-month,Yes,Electronic check,95.84,3442.79,Yes
CUST-1495,Male,0,Yes,No,24,Yes,Yes,Fiber optic,Yes,No,No,Yes,Yes,Yes,Two year,Yes,Electronic check,100.34,2404.58,No
CUST-1496,Female,0,No,No,1,Yes,No,DSL,Yes,No,Yes,Yes,Yes,No,Two year,No,Bank transfer (automatic),89.82,89.82,No
CUST-1497,Male,1,No,Yes,1,Yes,No,DSL,No,No,No,Yes,Yes,No,Two year,Yes,Credit card (automatic),82.04,82.04,No
CUST-1498,Female,0,Yes,Yes,64,Yes,Yes,Fiber optic,Yes,No,No,No,Yes,No,Month-to-month,Yes,Mailed check,92.76,5943.08,No
CUST-1499,Female,0,Yes,No,62,Yes,Yes,No,No internet service,No internet service,No internet service,No internet service,No internet service,No internet service,Two year,No,Credit card (automatic),18.5,1152.95,No
CUST-1500,Female,0,Yes,No,36,Yes,No,Fiber optic,Yes,No,Yes,No,No,Yes,Month-to-month,No,Mailed check,74.75,2688.01,Yes
CUST-1501,Female,0,Yes,No,18,Yes,Yes,No,No internet service,No internet service,No internet service,No internet service,No internet service,No internet service,Month-to-month,Yes,Credit card (automatic),19.5,354.2,No
CUST-1502,Male,0,No,No,16,Yes,Yes,DSL,No,No,Yes,No,Yes,Yes,Month-to-month,No,Mailed check,56.22,896.97,No
CUST-1503,Female,0,Yes,No,17,Yes,Yes,Fiber optic,No,No,Yes,No,Yes,No,Two year,Yes,Electronic check,89.81,1524.49,Yes
CUST-1504,Female,0,No,No,24,Yes,No,Fiber optic,No,No,Yes,Yes,Yes,Yes,One year,Yes,Credit card (automatic),109.0,2619.51,Yes
CUST-1505,Male,0,Yes,No,68,Yes,Yes,Fiber optic,No,No,No,No,No,Yes,Month-to-month,Yes,Credit card (automatic),72.36,4918.17,No
CUST-1506,Female,0,Yes,No,2,Yes,No,No,No internet service,No internet service,No internet service,No internet service,No internet service,No internet service,One year,No,Mailed check,18.5,37.99,No
CUST-1507,Female,0,No,No,10,Yes,Yes,Fiber optic,Yes,Yes,No,No,No,Yes,Month-to-month,Yes,Credit card (automatic),80.31,795.4,Yes
CUST-1508,Female,0,No,No,53,Yes,Yes,DSL,No,No,Yes,No,Yes,No,Month-to-month,No,Electronic check,65.99,3498.25,No
CUST-1509,Female,0,Yes,Yes,51,Yes,Yes,DSL,No,Yes,No,Yes,No,No,Month-to-month,No,Credit card (automatic),64.67,3303.01,No
CUST-1510,Female,0,Yes,Yes,69,Yes,No,Fiber optic,No,Yes,No,No,Yes,Yes,Month-to-month,No,Bank transfer (automatic),90.83,6275.04,Yes
CUST-1511,Male,1,No,No,14,No,No phone service,No,No internet service,No internet service,No internet service,No internet service,No internet service,No internet service,Month-to-month,No,Mailed check,22.86,312.99,No
CUST-1512,Female,1,Yes,No,66,Yes,Yes,DSL,No,No,No,No,No,No,One year,Yes,Credit card (automatic),54.36,3585.97,No
CUST-1513,Female,0,Yes,No,53,Yes,No,Fiber optic,No,No,No,No,No,No,Month-to-month,Yes,Electronic check,80.01,4240.25,No
CUST-1514,Male,0,No,No,64,Yes,Yes,Fiber optic,No,No,No,Yes,No,No,Month-to-month,Yes,Electronic check,92.15,5905.7,Yes
CUST-1515,Male,0,No,Yes,72,Yes,Yes,DSL,Yes,No,Yes,No,No,No,One year,Yes,Mailed check,56.49,4062.43,No
CUST-1516,Male,0,No,Yes,49,Yes,No,DSL,No,No,No,No,Yes,Yes,Month-to-month,Yes,Credit card (automatic),55.89,2731.92,No
CUST-1517,Female,0,No,No,62,No,No phone service,DSL,No,No,Yes,Yes,Yes,Yes,Month-to-month,No,Electronic check,85.47,5291.97,No
CUST-1518,Female,0,No,No,37,Yes,No,DSL,No,Yes,Yes,No,Yes,No,Month-to-month,Yes,Bank transfer (automatic),63.98,2360.36,No
CUST-1519,Male,0,No,No,49,Yes,Yes,DSL,No,No,Yes,Yes,Yes,No,Month-to-month,Yes,Bank transfer (automatic),74.23,3644.66,No
CUST-1520,Female,0,No,Yes,68,Yes,No,DSL,No,Yes,No,Yes,No,Yes,Month-to-month,Yes,Bank transfer (automatic),70.28,4781.44,No
CUST-1521,Male,0,No,No,33,Yes,No,DSL,No,Yes,No,No,Yes,Yes,Month-to-month,Yes,Bank transfer (automatic),65.24,2151.33,No
CUST-1522,Female,0,No,No,22,Yes,Yes,Fiber optic,No,No,No,No,No,Yes,Month-to-month,Yes,Credit card (automatic),79.69,1760.51,Yes
CUST-1523,Female,0,Yes,No,70,Yes,No,Fiber optic,No,Yes,No,No,No,No,Month-to-month,Yes,Mailed check,73.79,5161.26,Yes
CUST-1524,Female,0,Yes,No,33,No,No phone service,Fiber optic,Yes,No,No,Yes,Yes,No,One year,No,Credit card (automatic),106.84,3534.28,No
CUST-1525,Male,0,No,Yes,28,Yes,Yes,Fiber optic,Yes,No,No,No,No,Yes,Month-to-month,Yes,Bank transfer (automatic),74.25,2084.18,No
CUST-1526,Male,0,No,No,4,Yes,No,No,No internet service,No internet service,No internet service,No internet service,No internet service,No internet service,Month-to-month,No,Bank transfer (automatic),20.15,71.01,Yes
CUST-1527,Male,0,Yes,No,66,Yes,No,No,No internet service,No internet service,No internet service,No internet service,No internet service,No internet service,One year,No,Mailed check,18.5,1220.25,No
CUST-1528,Male,0,No,No,49,Yes,Yes,No,No internet service,No internet service,No internet service,No internet service,No internet service,No internet service,One year,Yes,Electronic check,18.5,913.35,No
CUST-1529,Female,0,Yes,No,11,Yes,Yes,DSL,No,No,Yes,No,Yes,Yes,Month-to-month,No,Electronic check,59.89,656.71,Yes
CUST-1530,Female,0,No,Yes,35,Yes,Yes,Fiber optic,No,Yes,No,No,Yes,Yes,One year,Yes,Bank transfer (automatic),91.17,3200.69,No
CUST-1531,Female,0,No,No,39,Yes,No,Fiber optic,Yes,Yes,Yes,No,No,Yes,One year,No,Mailed check,72.28,2825.85,Yes
CUST-1532,Female,0,No,No,10,Yes,No,DSL,No,Yes,No,Yes,Yes,No,Month-to-month,Yes,Bank transfer (automatic),82.74,832.46,No
CUST-1533,Female,0,Yes,Yes,72,Yes,Yes,DSL,No,No,No,Yes,No,No,Two year,No,Bank transfer (automatic),64.34,4625.19,No
CUST-1534,Female,0,No,Yes,69,Yes,Yes,Fiber optic,Yes,Yes,No,No,No,No,Month-to-month,No,Credit card (automatic),72.65,5005.01,Yes
CUST-1535,Female,0,Yes,No,23,Yes,Yes,DSL,No,Yes,No,No,No,Yes,Month-to-month,Yes,Mailed check,58.75,1354.07,No
CUST-1536,Female,0,Yes,Yes,34,Yes,No,DSL,No,No,No,Yes,No,No,One year,Yes,Electronic check,61.96,2109.87,No
CUST-1537,Male,1,Yes,No,32,Yes,No,Fiber optic,No,No,No,Yes,No,Yes,Two year,Yes,Bank transfer (automatic),90.89,2901.43,No
CUST-1538,Male,0,No,No,16,No,No phone service,Fiber optic,No,Yes,No,No,No,No,Month-to-month,Yes,Mailed check,83.7,1346.28,No
CUST-1539,Male,0,Yes,No,68,Yes,No,No,No internet service,No internet service,No internet service,No internet service,No internet service,No internet service,One year,Yes,Credit card (automatic),24.67,1685.03,No
CUST-1540,Female,0,Yes,No,54,No,No phone service,Fiber optic,No,No,Yes,Yes,Yes,Yes,Month-to-month,No,Credit card (automatic),106.58,5753.65,Yes
CUST-1541,Female,0,No,Yes,28,Yes,Yes,Fiber optic,No,Yes,No,Yes,No,Yes,Month-to-month,Yes,Bank transfer (automatic),86.59,2426.67,No
CUST-1542,Male,1,No,Yes,60,Yes,No,DSL,No,No,No,Yes,No,No,Month-to-month,Yes,Electronic check,54.83,3290.01,No
CUST-1543,Female,0,No,No,60,Yes,No,Fiber optic,Yes,Yes,No,Yes,No,Yes,Two year,Yes,Mailed check,77.03,4612.51,No
CUST-1544,Female,0,No,No,44,Yes,No,DSL,No,No,No,Yes,No,No,Month-to-month,Yes,Credit card (automatic),63.07,2766.89,No
CUST-1545,Male,0,Yes,No,2,Yes,Yes,Fiber optic,No,No,No,No,No,Yes,Month-to-month,No,Electronic check,83.62,172.84,Yes
CUST-1546,Male,0,No,No,23,Yes,No,DSL,Yes,No,Yes,No,No,Yes,Month-to-month,Yes,Credit card (automatic),46.15,1061.22,Yes
CUST-1547,Female,0,No,Yes,46,Yes,Yes,Fiber optic,Yes,No,No,Yes,Yes,No,Month-to-month,Yes,Mailed check,99.93,4599.0,No
CUST-1548,Female,0,Yes,Yes,54,Yes,Yes,DSL,Yes,No,No,Yes,Yes,Yes,Month-to-month,Yes,Credit card (automatic),78.81,4258.0,Yes
CUST-1549,Female,0,Yes,No,71,Yes,No,Fiber optic,Yes,No,No,No,No,Yes,Month-to-month,Yes,Mailed check,75.66,5369.45,Yes
CUST-1550,Female,0,Yes,No,9,Yes,No,No,No internet service,No internet service,No internet service,No internet service,No internet service,No internet service,Two year,Yes,Mailed check,21.4,183.19,No
CUST-1551,Female,0,Yes,No,70,No,No phone service,DSL,Yes,Yes,No,No,Yes,Yes,Month-to-month,Yes,Bank transfer (automatic),70.79,4961.04,No
CUST-1552,Female,1,No,Yes,44,Yes,No,Fiber optic,No,No,No,Yes,Yes,Yes,Month-to-month,Yes,Credit card (automatic),100.62,4426.65,Yes
CUST-1553,Female,0,No,Yes,12,Yes,Yes,Fiber optic,Yes,No,No,No,Yes,Yes,Month-to-month,No,Bank transfer (automatic),96.36,1149.1,Yes
CUST-1554,Female,0,No,No,32,Yes,No,No,No internet service,No internet service,No internet service,No internet service,No internet service,No internet service,Month-to-month,Yes,Mailed check,23.26,734.74,No
CUST-1555,Male,0,No,No,34,Yes,Yes,Fiber optic,No,No,No,No,No,No,Month-to-month,Yes,Electronic check,72.04,2439.71,No
CUST-1556,Male,0,Yes,No,33,No,No phone service,DSL,No,No,No,Yes,Yes,Yes,Two year,Yes,Credit card (automatic),75.42,2479.53,No
CUST-1557,Male,0,No,No,64,Yes,Yes,DSL,Yes,Yes,No,No,No,Yes,Two year,Yes,Mailed check,43.38,2769.42,Yes
CUST-1558,Female,0,Yes,No,48,Yes,No,Fiber optic,Yes,Yes,No,No,Yes,No,Month-to-month,Yes,Credit card (automatic),95.83,4594.47,No
CUST-1559,Female,0,No,No,16,Yes,Yes,DSL,No,Yes,Yes,No,No,Yes,One year,Yes,Credit card (automatic),48.46,770.3,No
CUST-1560,Female,0,Yes,No,50,No,No phone service,DSL,Yes,No,Yes,No,Yes,Yes,One year,Yes,Bank transfer (automatic),63.44,3174.64,No
CUST-1561,Male,1,No,Yes,23,Yes,No,DSL,Yes,No,No,No,No,No,Month-to-month,No,Electronic check,51.22,1172.89,No
CUST-1562,Male,0,Yes,No,26,Yes,Yes,Fiber optic,No,Yes,No,No,No,No,Month-to-month,Yes,Credit card (automatic),69.45,1809.18,Yes
CUST-1563,Male,0,Yes,Yes,54,Yes,Yes,No,No internet service,No internet service,No internet service,No internet service,No internet service,No internet service,Month-to-month,Yes,Electronic check,27.6,1496.87,No
CUST-1564,Male,1,Yes,Yes,44,No,No phone service,No,No internet service,No internet service,No internet service,No internet service,No internet service,No internet service,Month-to-month,Yes,Electronic check,21.65,950.3,Yes
CUST-1565,Female,0,No,Yes,37,No,No phone service,Fiber optic,No,No,No,No,Yes,No,Month-to-month,Yes,Electronic check,91.51,3390.24,Yes
CUST-1566,Male,0,No,No,9,Yes,No,Fiber optic,No,No,No,No,No,Yes,Two year,No,Electronic check,74.53,662.85,Yes
CUST-1567,Male,0,Yes,No,13,Yes,No,DSL,Yes,No,No,Yes,Yes,Yes,One year,Yes,Credit card (automatic),73.14,947.38,No
CUST-1568,Female,0,No,Yes,60,Yes,No,Fiber optic,No,No,Yes,No,Yes,No,Month-to-month,Yes,Electronic check,95.3,5721.65,Yes
CUST-1569,Male,1,No,No,2,Yes,Yes,DSL,Yes,No,Yes,No,No,Yes,Month-to-month,No,Electronic check,61.35,131.34,Yes
CUST-1570,Female,1,No,No,60,Yes,No,Fiber optic,Yes,Yes,No,Yes,No,No,Month-to-month,Yes,Mailed check,85.75,5147.31,Yes
CUST-1571,Female,0,No,No,57,Yes,Yes,No,No internet service,No internet service,No internet service,No internet service,No internet service,No internet service,One year,No,Bank transfer (automatic),18.5,1051.78,No
CUST-1572,Male,0,Yes,No,43,Yes,Yes,Fiber optic,Yes,Yes,No,Yes,Yes,No,Two year,Yes,Electronic check,100.74,4328.09,No
CUST-1573,Female,0,Yes,Yes,19,Yes,No,Fiber optic,Yes,No,Yes,No,No,No,Two year,No,Electronic check,71.35,1353.48,No
CUST-1574,Female,0,No,Yes,11,Yes,Yes,Fiber optic,No,Yes,No,Yes,Yes,Yes,Two year,Yes,Mailed check,112.3,1238.36,No
CUST-1575,Female,0,No,No,47,Yes,No,No,No internet service,No internet service,No internet service,No internet service,No internet service,No internet service,Month-to-month,No,Electronic check,18.5,866.04,No
CUST-1576,Male,0,No,No,63,Yes,No,DSL,No,Yes,No,No,Yes,Yes,Two year,Yes,Mailed check,76.79,4837.17,No
CUST-1577,Female,1,No,No,7,Yes,No,Fiber optic,No,No,No,No,Yes,No,Month-to-month,No,Credit card (automatic),99.36,700.7,Yes
CUST-1578,Male,1,Yes,No,31,Yes,Yes,DSL,No,No,Yes,No,Yes,Yes,Month-to-month,Yes,Credit card (automatic),69.04,2135.0,No
CUST-1579,Male,0,No,No,55,Yes,No,Fiber optic,No,No,Yes,No,No,Yes,Month-to-month,No,Electronic check,77.99,4293.78,Yes
CUST-1580,Male,0,Yes,No,25,Yes,Yes,DSL,No,Yes,Yes,Yes,No,Yes,Month-to-month,No,Bank transfer (automatic),69.41,1740.48,No
CUST-1581,Female,0,No,No,72,No,No phone service,DSL,No,No,Yes,No,No,No,Month-to-month,No,Mailed check,47.32,3414.31,Yes
CUST-1582,Male,0,Yes,Yes,30,Yes,Yes,Fiber optic,Yes,Yes,No,Yes,Yes,No,One year,Yes,Credit card (automatic),99.3,2969.48,No
CUST-1583,Male,0,No,No,36,Yes,Yes,DSL,Yes,No,No,No,No,No,One year,Yes,Electronic check,50.67,1816.4,No
CUST-1584,Female,0,No,Yes,50,Yes,No,DSL,No,No,Yes,No,No,No,Month-to-month,No,Electronic check,43.28,2173.1,Yes
CUST-1585,Male,0,Yes,Yes,14,No,No phone service,Fiber optic,No,No,Yes,Yes,Yes,Yes,Month-to-month,Yes,Credit card (automatic),101.35,1411.42,Yes
CUST-1586,Male,0,Yes,Yes,29,Yes,Yes,Fiber optic,No,No,Yes,No,Yes,No,One year,No,Credit card (automatic),93.94,2724.02,Yes
CUST-1587,Male,0,No,No,27,Yes,No,DSL,No,No,Yes,No,No,No,Month-to-month,No,Mailed check,52.11,1400.31,Yes
CUST-1588,Male,1,No,Yes,50,Yes,Yes,Fiber optic,No,Yes,Yes,Yes,No,No,One year,Yes,Electronic check,97.09,4860.74,Yes
CUST-1589,Male,0,Yes,Yes,36,No,No phone service,Fiber optic,Yes,Yes,No,No,Yes,Yes,Month-to-month,Yes,Credit card (automatic),88.6,3181.53,Yes
CUST-1590,Male,0,No,No,34,Yes,Yes,Fiber optic,No,Yes,No,No,No,No,Two year,Yes,Mailed check,83.9,2844.31,No
CUST-1591,Female,0,No,No,21,Yes,No,Fiber optic,Yes,No,No,No,Yes,No,Month-to-month,Yes,Electronic check,86.75,1821.84,Yes
CUST-1592,Male,0,Yes,No,38,No,No phone service,DSL,No,Yes,No,No,Yes,No,Month-to-month,No,Credit card (automatic),69.6,2639.56,No
CUST-1593,Male,1,Yes,No,50,Yes,Yes,DSL,No,No,No,No,No,Yes,One year,Yes,Mailed check,50.87,2546.73,No
CUST-1594,Female,0,No,Yes,37,Yes,No,DSL,No,No,No,No,No,Yes,One year,Yes,Electronic check,55.57,2059.79,No
CUST-1595,Male,0,No,Yes,19,Yes,No,DSL,No,Yes,No,No,Yes,No,Month-to-month,No,Credit card (automatic),61.4,1168.32,Yes
CUST-1596,Female,0,No,Yes,1,Yes,No,DSL,No,No,Yes,No,No,No,Two year,Yes,Mailed check,54.48,61.17,Yes
CUST-1597,Male,0,No,No,40,Yes,Yes,DSL,No,No,Yes,No,No,No,Month-to-month,No,Bank transfer (automatic),52.43,2101.15,Yes
CUST-1598,Male,0,Yes,No,55,Yes,No,Fiber optic,Yes,No,No,Yes,Yes,No,Month-to-month,Yes,Credit card (automatic),100.78,5536.65,Yes
CUST-1599,Male,0,Yes,Yes,26,Yes,No,Fiber optic,No,No,No,No,No,Yes,Two year,Yes,Mailed check,86.38,2237.45,No
CUST-1600,Male,0,Yes,No,43,Yes,No,No,No internet service,No internet service,No internet service,No internet service,No internet service,No internet service,Month-to-month,Yes,Electronic check,19.47,842.17,Yes
CUST-1601,Male,0,Yes,No,59,Yes,Yes,DSL,Yes,No,No,No,No,No,Two year,Yes,Credit card (automatic),54.34,3210.86,No
CUST-1602,Male,0,No,No,51,Yes,No,DSL,Yes,No,No,No,No,No,Month-to-month,No,Electronic check,53.19,2719.7,No
CUST-1603,Male,0,No,No,15,Yes,No,Fiber optic,Yes,Yes,No,No,Yes,Yes,One year,Yes,Credit card (automatic),83.98,1253.75,No
CUST-1604,Male,0,Yes,Yes,8,Yes,Yes,DSL,No,No,Yes,No,No,No,Month-to-month,No,Electronic check,55.01,434.54,Yes
CUST-1605,Male,0,Yes,Yes,14,Yes,No,Fiber optic,No,Yes,Yes,Yes,Yes,No,Month-to-month,Yes,Mailed check,99.16,1389.77,No
CUST-1606,Male,1,No,No,7,No,No phone service,Fiber optic,No,No,No,Yes,Yes,Yes,One year,No,Bank transfer (automatic),103.02,714.25,Yes
CUST-1607,Male,1,No,No,18,Yes,No,Fiber optic,Yes,No,No,No,No,Yes,Month-to-month,Yes,Credit card (automatic),76.81,1378.51,No
CUST-1608,Female,0,No,No,12,Yes,No,DSL,No,No,Yes,No,Yes,No,One year,No,Credit card (automatic),65.38,790.81,No
CUST-1609,Female,0,No,No,2,Yes,Yes,DSL,No,No,No,No,No,No,Month-to-month,Yes,Electronic check,53.25,103.18,Yes
CUST-1610,Male,0,No,No,50,No,No phone service,DSL,Yes,No,No,No,Yes,Yes,Month-to-month,Yes,Electronic check,53.47,2663.73,Yes
CUST-1611,Female,0,No,No,21,Yes,No,DSL,No,Yes,No,Yes,Yes,Yes,Month-to-month,No,Mailed check,73.0,1536.02,No
CUST-1612,Female,0,Yes,Yes,7,Yes,Yes,DSL,No,No,No,No,Yes,No,Two year,No,Electronic check,68.51,473.18,No
CUST-1613,Male,0,Yes,No,12,Yes,No,Fiber optic,No,Yes,Yes,No,Yes,No,One year,No,Bank transfer (automatic),89.28,1065.28,No
CUST-1614,Female,0,Yes,No,57,Yes,Yes,DSL,No,Yes,No,No,Yes,No,Month-to-month,Yes,Credit card (automatic),66.94,3805.91,No
CUST-1615,Female,0,No,No,23,No,No phone service,Fiber optic,Yes,No,Yes,No,Yes,Yes,One year,No,Bank transfer (automatic),92.3,2124.46,No
CUST-1616,Male,1,No,No,30,Yes,Yes,DSL,No,Yes,No,Yes,No,No,One year,Yes,Mailed check,60.25,1808.74,No
CUST-1617,Male,0,No,No,58,Yes,Yes,DSL,No,Yes,Yes,No,No,No,One year,Yes,Mailed check,43.68,2525.37,No
CUST-1618,Female,0,Yes,No,52,Yes,No,DSL,No,No,No,Yes,Yes,Yes,Month-to-month,No,Bank transfer (automatic),84.06,4362.13,Yes
CUST-1619,Female,0,Yes,No,56,Yes,No,DSL,Yes,No,No,No,Yes,No,One year,No,Bank transfer (automatic),61.67,3453.34,No
CUST-1620,Male,0,Yes,No,10,Yes,Yes,DSL,No,No,No,Yes,Yes,No,Month-to-month,No,Credit card (automatic),81.35,819.13,Yes
CUST-1621,Male,1,Yes,No,19,No,No phone service,DSL,No,Yes,No,No,Yes,Yes,Month-to-month,No,Bank transfer (automatic),64.7,1238.37,Yes
CUST-1622,Male,0,No,No,19,Yes,Yes,DSL,No,Yes,No,No,No,Yes,Two year,Yes,Bank transfer (automatic),44.63,839.47,No
CUST-1623,Male,0,No,No,59,Yes,Yes,DSL,Yes,No,No,No,No,No,One year,No,Credit card (automatic),47.79,2823.77,No
CUST-1624,Female,0,No,No,44,Yes,No,Fiber optic,No,No,Yes,Yes,Yes,Yes,One year,Yes,Credit card (automatic),110.39,4850.99,No
CUST-1625,Male,1,No,No,59,Yes,No,Fiber optic,Yes,No,Yes,Yes,Yes,Yes,Month-to-month,Yes,Credit card (automatic),106.25,6259.43,No
CUST-1626,Male,0,No,No,4,Yes,Yes,DSL,No,Yes,No,Yes,No,Yes,One year,No,Electronic check,63.67,251.38,Yes
CUST-1627,Female,0,No,No,65,Yes,No,DSL,No,Yes,No,Yes,No,Yes,Month-to-month,No,Bank transfer (automatic),67.35,4379.23,No
CUST-1628,Male,0,Yes,No,13,Yes,Yes,Fiber optic,Yes,No,No,No,Yes,No,One year,Yes,Mailed check,97.25,1266.28,Yes
CUST-1629,Male,0,No,Yes,67,Yes,Yes,Fiber optic,No,No,No,Yes,No,No,Month-to-month,No,Bank transfer (automatic),90.27,6039.07,Yes
CUST-1630,Female,0,No,No,12,Yes,Yes,No,No internet service,No internet service,No internet service,No internet service,No internet service,No internet service,Month-to-month,Yes,Bank transfer (automatic),30.97,380.2,Yes
CUST-1631,Female,0,No,No,55,No,No phone service,DSL,No,No,No,No,Yes,Yes,Two year,Yes,Bank transfer (automatic),67.01,3676.64,No
CUST-1632,Female,0,Yes,No,61,Yes,No,DSL,Yes,No,Yes,No,Yes,Yes,Month-to-month,No,Credit card (automatic),63.91,3892.85,No
CUST-1633,Female,0,Yes,No,41,Yes,No,Fiber optic,Yes,Yes,No,No,No,No,One year,No,Credit card (automatic),77.25,3165.9,No
CUST-1634,Male,0,Yes,No,36,Yes,No,Fiber optic,No,No,No,No,Yes,No,Month-to-month,No,Bank transfer (automatic),101.71,3670.47,No
CUST-1635,Male,0,No,Yes,2,Yes,Yes,DSL,Yes,Yes,Yes,No,No,Yes,One year,No,Credit card (automatic),57.27,124.36,Yes
CUST-1636,Female,0,Yes,No,22,Yes,No,Fiber optic,No,No,Yes,No,No,Yes,Month-to-month,Yes,Bank transfer (automatic),68.32,1493.05,Yes
CUST-1637,Male,1,No,Yes,22,No,No phone service,DSL,Yes,No,No,Yes,No,Yes,Month-to-month,Yes,Electronic check,57.87,1267.63,No
CUST-1638,Male,0,No,No,41,Yes,Yes,DSL,No,No,Yes,Yes,Yes,No,Month-to-month,No,Electronic check,78.97,3237.8,Yes
CUST-1639,Male,0,Yes,No,14,No,No phone service,Fiber optic,No,No,No,No,Yes,No,Two year,No,Electronic check,101.42,1423.77,No
CUST-1640,Male,0,No,No,35,Yes,No,DSL,Yes,No,No,No,No,Yes,Month-to-month,No,Bank transfer (automatic),51.17,1794.08,No
CUST-1641,Male,0,No,No,50,Yes,No,Fiber optic,Yes,No,No,Yes,Yes,Yes,Month-to-month,No,Mailed check,101.77,5083.53,Yes
CUST-1642,Male,0,Yes,No,9,No,No phone service,Fiber optic,No,No,No,No,No,Yes,One year,No,Bank transfer (automatic),85.53,763.72,Yes
CUST-1643,Male,0,No,Yes,59,Yes,No,Fiber optic,No,No,Yes,No,No,Yes,Month-to-month,No,Credit card (automatic),80.36,4731.53,Yes
CUST-1644,Male,0,Yes,Yes,56,Yes,Yes,DSL,No,No,No,No,No,Yes,Two year,Yes,Electronic check,48.74,2736.3,No
CUST-1645,Female,0,Yes,No,10,Yes,No,DSL,No,Yes,No,No,Yes,No,Month-to-month,Yes,Credit card (automatic),62.28,620.38,No
CUST-1646,Female,0,No,No,25,Yes,No,DSL,No,No,No,No,No,Yes,Month-to-month,No,Electronic check,55.26,1388.79,Yes
CUST-1647,Female,0,No,No,45,Yes,Yes,Fiber optic,Yes,Yes,Yes,Yes,No,No,Month-to-month,No,Credit card (automatic),85.45,3841.72,No
CUST-1648,Female,0,No,Yes,11,Yes,No,Fiber optic,No,Yes,No,No,No,No,Two year,Yes,Credit card (automatic),72.7,804.82,No
CUST-1649,Male,0,No,Yes,9,Yes,No,DSL,No,Yes,No,No,No,No,One year,Yes,Bank transfer (automatic),50.9,449.49,No
CUST-1650,Male,0,No,Yes,7,Yes,No,Fiber optic,No,No,No,No,No,No,One year,Yes,Electronic check,72.76,515.55,Yes
CUST-1651,Female,0,No,Yes,71,Yes,No,Fiber optic,Yes,No,Yes,No,Yes,Yes,One year,Yes,Electronic check,85.67,6090.39,Yes
CUST-1652,Female,0,No,No,34,No,No phone service,DSL,Yes,No,No,No,No,No,Two year,No,Bank transfer (automatic),52.03,1764.32,No
CUST-1653,Female,0,No,Yes,20,Yes,Yes,Fiber optic,No,No,No,No,Yes,No,Two year,Yes,Electronic check,90.97,1812.24,Yes
CUST-1654,Male,0,Yes,No,5,Yes,No,DSL,Yes,Yes,Yes,No,No,No,Two year,Yes,Mailed check,51.36,250.72,No
CUST-1655,Male,0,No,Yes,55,Yes,No,Fiber optic,No,No,No,No,No,No,Month-to-month,Yes,Mailed check,65.16,3591.16,No
CUST-1656,Male,0,Yes,No,15,Yes,Yes,Fiber optic,No,Yes,Yes,Yes,No,No,Month-to-month,Yes,Bank transfer (automatic),95.71,1431.37,Yes
CUST-1657,Male,1,No,No,48,Yes,Yes,DSL,No,Yes,No,No,No,Yes,Month-to-month,No,Mailed check,40.6,1943.43,Yes
CUST-1658,Female,1,Yes,Yes,4,Yes,Yes,Fiber optic,No,No,No,Yes,Yes,No,Two year,Yes,Bank transfer (automatic),106.65,436.18,No
CUST-1659,Female,0,No,No,21,Yes,Yes,Fiber optic,No,Yes,No,Yes,No,No,Two year,No,Credit card (automatic),101.51,2135.11,No
CUST-1660,Male,0,Yes,No,9,No,No phone service,DSL,Yes,Yes,No,No,Yes,No,One year,Yes,Bank transfer (automatic),69.64,633.4,No
CUST-1661,Female,0,Yes,Yes,66,Yes,No,Fiber optic,No,No,No,No,No,No,Month-to-month,Yes,Electronic check,73.64,4865.18,Yes
CUST-1662,Female,0,No,No,35,Yes,Yes,DSL,No,Yes,No,Yes,No,No,Month-to-month,Yes,Credit card (automatic),62.53,2186.03,No
CUST-1663,Male,0,Yes,No,51,Yes,Yes,Fiber optic,Yes,Yes,Yes,Yes,No,No,One year,No,Mailed check,89.53,4573.28,No
CUST-1664,Male,0,No,No,37,Yes,Yes,No,No internet service,No internet service,No internet service,No internet service,No internet service,No internet service,Month-to-month,Yes,Mailed check,25.87,958.95,No
CUST-1665,Male,0,Yes,No,6,Yes,No,Fiber optic,Yes,Yes,No,Yes,No,Yes,One year,Yes,Bank transfer (automatic),93.13,561.93,No
CUST-1666,Male,0,Yes,No,51,Yes,Yes,DSL,No,No,Yes,Yes,No,Yes,Month-to-month,Yes,Mailed check,65.23,3323.25,No
CUST-1667,Male,0,Yes,Yes,66,Yes,Yes,DSL,No,Yes,No,No,Yes,Yes,Month-to-month,No,Bank transfer (automatic),70.23,4644.8,Yes
CUST-1668,Male,0,No,No,17,Yes,Yes,DSL,No,No,No,No,Yes,Yes,Two year,Yes,Mailed check,58.59,1003.12,No
CUST-1669,Male,0,Yes,Yes,65,Yes,No,Fiber optic,Yes,Yes,Yes,Yes,Yes,Yes,Month-to-month,Yes,Bank transfer (automatic),102.11,6630.11,No
CUST-1670,Male,1,No,No,9,Yes,Yes,Fiber optic,Yes,Yes,Yes,No,Yes,Yes,Two year,Yes,Bank transfer (automatic),87.55,782.03,Yes
CUST-1671,Female,0,Yes,No,13,Yes,No,DSL,Yes,No,No,Yes,No,No,Month-to-month,No,Electronic check,70.64,923.29,No
CUST-1672,Male,0,Yes,Yes,58,Yes,Yes,No,No internet service,No internet service,No internet service,No internet service,No internet service,No internet service,Month-to-month,No,Electronic check,21.38,1230.56,Yes
CUST-1673,Female,0,Yes,No,30,Yes,Yes,DSL,No,No,No,Yes,Yes,No,Two year,Yes,Credit card (automatic),92.41,2769.01,No
CUST-1674,Male,1,Yes,No,31,No,No phone service,Fiber optic,No,No,Yes,Yes,No,No,Two year,No,Electronic check,94.19,2920.54,No
CUST-1675,Female,0,No,No,23,No,No phone service,Fiber optic,No,No,Yes,No,No,No,Two year,Yes,Electronic check,71.56,1639.98,No
CUST-1676,Male,0,No,No,63,Yes,Yes,Fiber optic,No,No,Yes,Yes,Yes,No,One year,Yes,Mailed check,109.87,6929.27,No
CUST-1677,Male,0,No,No,28,Yes,Yes,Fiber optic,Yes,Yes,No,Yes,Yes,No,One year,No,Electronic check,101.58,2852.03,No
CUST-1678,Female,0,Yes,No,59,Yes,Yes,DSL,No,No,No,No,Yes,No,Two year,Yes,Electronic check,62.94,3722.6,No
CUST-1679,Female,0,Yes,No,10,Yes,Yes,No,No internet service,No internet service,No internet service,No internet service,No internet service,No internet service,Month-to-month,Yes,Electronic check,19.6,188.93,No
CUST-1680,Female,0,Yes,No,26,Yes,Yes,Fiber optic,Yes,No,No,Yes,Yes,Yes,Month-to-month,No,Bank transfer (automatic),106.65,2764.49,Yes
CUST-1681,Male,0,No,Yes,17,Yes,No,Fiber optic,No,No,Yes,No,No,No,Month-to-month,Yes,Credit card (automatic),76.11,1294.99,No
CUST-1682,Male,1,Yes,Yes,40,Yes,Yes,Fiber optic,No,Yes,No,No,No,Yes,Two year,Yes,Electronic check,76.09,3049.45,Yes
CUST-1683,Female,0,No,No,68,Yes,No,DSL,Yes,No,Yes,No,No,Yes,One year,No,Mailed check,45.13,3064.66,No
CUST-1684,Female,0,Yes,No,23,Yes,No,Fiber optic,No,No,Yes,No,No,No,Month-to-month,Yes,Electronic check,74.98,1719.36,Yes
CUST-1685,Female,0,Yes,No,35,Yes,No,Fiber optic,No,No,Yes,No,No,Yes,Month-to-month,Yes,Mailed check,76.56,2679.95,Yes
CUST-1686,Female,0,Yes,No,9,Yes,Yes,Fiber optic,No,No,Yes,No,Yes,No,Month-to-month,Yes,Mailed check,94.32,848.52,Yes
CUST-1687,Male,1,Yes,Yes,45,Yes,No,Fiber optic,No,Yes,No,No,No,Yes,Two year,Yes,Electronic check,72.67,3269.74,No
CUST-1688,Female,0,No,Yes,37,Yes,Yes,Fiber optic,No,Yes,No,No,Yes,Yes,Two year,Yes,Credit card (automatic),76.24,2818.99,Yes
CUST-1689,Male,0,Yes,No,69,Yes,Yes,DSL,No,No,No,No,No,Yes,Two year,Yes,Credit card (automatic),55.61,3841.63,No
CUST-1690,Male,0,No,Yes,19,Yes,Yes,Fiber optic,No,No,Yes,No,No,No,One year,Yes,Bank transfer (automatic),77.84,1481.25,No
CUST-1691,Male,0,Yes,No,27,Yes,No,DSL,No,No,Yes,No,No,Yes,Month-to-month,No,Electronic check,43.34,1169.94,No
CUST-1692,Female,0,No,No,13,Yes,Yes,Fiber optic,No,No,No,No,No,Yes,One year,Yes,Bank transfer (automatic),67.62,883.47,No
CUST-1693,Male,0,Yes,Yes,57,Yes,No,DSL,No,No,No,No,No,Yes,Month-to-month,No,Credit card (automatic),53.31,3033.9,No
CUST-1694,Male,0,No,Yes,60,Yes,Yes,DSL,Yes,No,Yes,No,No,No,One year,Yes,Mailed check,48.49,2917.24,No
CUST-1695,Female,0,No,No,12,Yes,No,DSL,No,No,Yes,No,No,No,Month-to-month,No,Electronic check,42.9,512.48,Yes
CUST-1696,Male,0,No,No,9,Yes,No,DSL,Yes,No,No,Yes,No,No,Month-to-month,No,Bank transfer (automatic),59.68,533.67,No
CUST-1697,Female,0,Yes,No,27,Yes,No,DSL,No,No,No,No,No,No,Month-to-month,Yes,Bank transfer (automatic),49.3,1331.95,No
CUST-1698,Male,1,No,No,63,Yes,No,Fiber optic,Yes,Yes,Yes,Yes,No,Yes,Two year,Yes,Electronic check,86.21,5426.64,No
CUST-1699,Male,0,Yes,No,29,Yes,No,DSL,No,No,No,Yes,No,Yes,Month-to-month,Yes,Credit card (automatic),62.5,1807.87,No
CUST-1700,Female,0,Yes,Yes,22,Yes,No,Fiber optic,No,No,No,No,No,No,One year,Yes,Bank transfer (automatic),75.39,1650.14,Yes
CUST-1701,Male,0,Yes,Yes,19,Yes,Yes,DSL,Yes,No,No,No,No,No,Month-to-month,No,Electronic check,55.23,1052.41,Yes
CUST-1702,Male,0,Yes,No,38,Yes,Yes,DSL,No,Yes,No,Yes,Yes,No,Month-to-month,Yes,Electronic check,82.88,3157.69,No
CUST-1703,Male,0,No,Yes,39,Yes,No,DSL,Yes,No,No,No,Yes,Yes,Two year,Yes,Credit card (automatic),66.13,2582.78,No
CUST-1704,Male,1,Yes,Yes,15,No,No phone service,DSL,No,No,Yes,Yes,Yes,Yes,Month-to-month,Yes,Bank transfer (automatic),87.07,1307.4,Yes
CUST-1705,Female,0,No,No,54,No,No phone service,DSL,No,No,No,No,Yes,No,Month-to-month,Yes,Mailed check,60.3,3260.44,No
CUST-1706,Male,1,No,No,32,Yes,Yes,No,No internet service,No internet service,No internet service,No internet service,No internet service,No internet service,Month-to-month,No,Mailed check,19.7,639.73,No
CUST-1707,Female,0,No,Yes,46,Yes,No,DSL,No,Yes,Yes,No,Yes,No,One year,Yes,Mailed check,61.98,2847.81,No
CUST-1708,Male,0,No,No,61,Yes,Yes,Fiber optic,No,Yes,Yes,Yes,No,Yes,Month-to-month,Yes,Bank transfer (automatic),89.34,5448.35,Yes
CUST-1709,Female,1,Yes,No,52,No,No phone service,DSL,No,No,Yes,No,No,Yes,Month-to-month,Yes,Electronic check,49.77,2583.76,Yes
CUST-1710,Female,0,No,Yes,34,Yes,No,Fiber optic,No,No,Yes,Yes,Yes,Yes,One year,Yes,Electronic check,101.8,3451.53,No
CUST-1711,Female,1,Yes,No,35,Yes,Yes,DSL,Yes,No,Yes,Yes,Yes,No,Two year,Yes,Electronic check,78.13,2731.5,No
CUST-1712,Male,0,No,Yes,70,Yes,Yes,No,No internet service,No internet service,No internet service,No internet service,No internet service,No internet service,Month-to-month,No,Credit card (automatic),23.36,1626.63,No
CUST-1713,Male,1,No,No,37,Yes,Yes,DSL,No,No,No,No,No,Yes,One year,No,Credit card (automatic),49.45,1836.82,No
CUST-1714,Male,0,No,Yes,61,Yes,No,DSL,Yes,Yes,No,Yes,Yes,No,One year,No,Mailed check,65.49,3999.2,No
CUST-1715,Female,0,Yes,No,49,Yes,Yes,Fiber optic,No,No,No,No,No,No,Month-to-month,Yes,Mailed check,78.49,3842.09,No
CUST-1716,Female,0,Yes,Yes,9,Yes,No,Fiber optic,No,Yes,No,Yes,No,Yes,One year,No,Electronic check,92.72,831.04,No
CUST-1717,Female,0,Yes,No,19,Yes,No,DSL,Yes,No,Yes,No,No,Yes,Month-to-month,Yes,Bank transfer (automatic),43.62,830.17,Yes
CUST-1718,Male,0,Yes,No,28,No,No phone service,DSL,No,Yes,No,No,No,No,Two year,Yes,Bank transfer (automatic),57.6,1618.76,No
CUST-1719,Female,0,Yes,No,26,Yes,No,Fiber optic,Yes,Yes,Yes,No,Yes,No,Month-to-month,Yes,Bank transfer (automatic),88.76,2312.13,Yes
CUST-1720,Female,0,No,No,38,Yes,Yes,DSL,No,Yes,Yes,Yes,No,Yes,One year,No,Electronic check,70.06,2652.86,No
CUST-1721,Male,0,Yes,Yes,40,Yes,Yes,Fiber optic,Yes,No,Yes,No,No,No,Month-to-month,Yes,Bank transfer (automatic),75.21,3014.11,Yes
CUST-1722,Male,0,No,No,25,Yes,No,Fiber optic,No,Yes,Yes,No,Yes,No,Two year,Yes,Credit card (automatic),87.57,2196.88,Yes
CUST-1723,Female,0,No,Yes,69,Yes,Yes,Fiber optic,No,No,Yes,No,No,Yes,Month-to-month,No,Electronic check,76.94,5300.66,Yes
CUST-1724,Female,0,No,No,71,Yes,No,DSL,No,Yes,No,Yes,Yes,Yes,Two year,No,Bank transfer (automatic),77.39,5500.09,No
CUST-1725,Female,0,Yes,Yes,23,No,No phone service,Fiber optic,Yes,Yes,Yes,Yes,No,No,Two year,No,Credit card (automatic),89.23,2047.32,No
CUST-1726,Male,0,Yes,No,65,Yes,No,DSL,No,Yes,No,No,No,No,Month-to-month,Yes,Electronic check,42.14,2732.57,No
CUST-1727,Female,0,Yes,No,22,Yes,Yes,DSL,No,No,No,No,No,No,Two year,Yes,Bank transfer (automatic),48.48,1067.44,No
CUST-1728,Male,0,Yes,No,64,Yes,No,Fiber optic,No,Yes,Yes,Yes,Yes,Yes,One year,No,Electronic check,98.83,6326.17,No
CUST-1729,Male,1,No,Yes,68,Yes,No,No,No internet service,No internet service,No internet service,No internet service,No internet service,No internet service,Month-to-month,Yes,Bank transfer (automatic),19.97,1357.38,No
CUST-1730,Male,0,Yes,No,58,Yes,No,DSL,Yes,No,Yes,No,Yes,No,Month-to-month,Yes,Mailed check,67.52,3924.2,No
CUST-1731,Female,0,No,No,28,Yes,No,DSL,No,Yes,No,Yes,No,No,Two year,Yes,Credit card (automatic),65.27,1822.39,No
CUST-1732,Female,0,No,No,68,Yes,No,Fiber optic,Yes,Yes,Yes,No,No,Yes,Month-to-month,No,Mailed check,79.64,5417.57,Yes
CUST-1733,Female,0,No,No,4,Yes,Yes,DSL,No,Yes,Yes,No,No,Yes,Month-to-month,Yes,Mailed check,59.89,237.76,No
CUST-1734,Male,0,Yes,No,1,Yes,No,Fiber optic,No,Yes,Yes,Yes,No,No,Two year,No,Credit card (automatic),89.45,96.93,Yes
CUST-1735,Female,0,Yes,No,26,No,No phone service,No,No internet service,No internet service,No internet service,No internet service,No internet service,No internet service,Two year,Yes,Credit card (automatic),20.38,522.54,No
CUST-1736,Male,0,No,Yes,33,Yes,No,No,No internet service,No internet service,No internet service,No internet service,No internet service,No internet service,Month-to-month,Yes,Electronic check,18.5,602.16,No
CUST-1737,Female,0,No,No,27,Yes,No,DSL,Yes,No,No,No,No,Yes,Month-to-month,Yes,Mailed check,40.54,1104.44,No
CUST-1738,Male,0,Yes,No,42,Yes,Yes,Fiber optic,Yes,No,Yes,Yes,Yes,No,Two year,Yes,Electronic check,105.68,4440.1,No
CUST-1739,Male,0,Yes,No,69,No,No phone service,No,No internet service,No internet service,No internet service,No internet service,No internet service,No internet service,Two year,Yes,Electronic check,23.41,1623.53,No
CUST-1740,Male,1,Yes,No,71,Yes,Yes,DSL,Yes,Yes,Yes,No,No,Yes,One year,No,Bank transfer (automatic),50.09,3554.55,No
CUST-1741,Male,0,No,No,64,Yes,Yes,Fiber optic,No,No,No,Yes,No,No,Month-to-month,No,Electronic check,85.91,5500.33,Yes
CUST-1742,Female,0,Yes,No,25,Yes,Yes,DSL,Yes,Yes,Yes,No,No,Yes,One year,No,Electronic check,45.16,1132.88,No
CUST-1743,Female,1,No,No,72,Yes,No,DSL,Yes,No,No,No,No,Yes,One year,Yes,Bank transfer (automatic),43.68,3154.68,No
CUST-1744,Male,0,Yes,No,4,Yes,No,No,No internet service,No internet service,No internet service,No internet service,No internet service,No internet service,Month-to-month,Yes,Bank transfer (automatic),19.46,70.09,No
CUST-1745,Female,0,No,No,12,Yes,No,Fiber optic,Yes,No,Yes,No,Yes,No,One year,No,Credit card (automatic),84.99,1012.38,Yes
CUST-1746,Male,0,No,No,58,Yes,Yes,DSL,Yes,Yes,No,No,No,No,Month-to-month,Yes,Mailed check,55.79,3236.28,Yes
CUST-1747,Female,1,No,Yes,11,Yes,No,Fiber optic,Yes,Yes,No,No,No,Yes,One year,No,Credit card (automatic),78.78,857.7,No
CUST-1748,Female,1,Yes,Yes,59,Yes,Yes,Fiber optic,Yes,No,No,No,No,No,Month-to-month,No,Bank transfer (automatic),80.24,4738.71,No
CUST-1749,Female,0,Yes,Yes,36,Yes,Yes,Fiber optic,No,No,Yes,No,No,No,Month-to-month,Yes,Mailed check,81.38,2939.5,Yes
CUST-1750,Male,0,Yes,No,22,Yes,No,DSL,No,Yes,Yes,Yes,Yes,Yes,Month-to-month,Yes,Bank transfer (automatic),78.11,1724.65,No
CUST-1751,Female,0,No,No,65,Yes,Yes,DSL,No,No,Yes,No,Yes,No,Month-to-month,No,Bank transfer (automatic),69.17,4491.37,No
CUST-1752,Female,0,No,No,50,Yes,Yes,DSL,Yes,No,Yes,No,No,No,Month-to-month,Yes,Mailed check,48.71,2441.49,No
CUST-1753,Male,0,No,No,4,Yes,Yes,Fiber optic,Yes,Yes,No,Yes,Yes,No,Month-to-month,No,Mailed check,103.77,417.64,Yes
CUST-1754,Male,1,Yes,No,72,Yes,No,DSL,Yes,Yes,No,Yes,No,Yes,One year,No,Bank transfer (automatic),63.99,4599.67,No
CUST-1755,Female,0,No,No,52,Yes,No,DSL,No,No,Yes,No,No,No,Month-to-month,No,Mailed check,45.89,2387.6,No
CUST-1756,Female,0,Yes,No,43,Yes,Yes,No,No internet service,No internet service,No internet service,No internet service,No internet service,No internet service,Month-to-month,No,Mailed check,19.3,837.84,Yes
CUST-1757,Female,0,No,Yes,46,Yes,Yes,No,No internet service,No internet service,No internet service,No internet service,No internet service,No internet service,Two year,No,Credit card (automatic),19.37,886.82,No
CUST-1758,Female,0,Yes,Yes,4,Yes,No,Fiber optic,No,Yes,No,No,Yes,No,Month-to-month,No,Electronic check,93.36,376.62,Yes
CUST-1759,Female,0,No,Yes,13,No,No phone service,No,No internet service,No internet service,No internet service,No internet service,No internet service,No internet service,Month-to-month,Yes,Bank transfer (automatic),18.9,236.53,No
CUST-1760,Male,0,Yes,Yes,38,Yes,No,No,No internet service,No internet service,No internet service,No internet service,No internet service,No internet service,Month-to-month,No,Credit card (automatic),18.5,709.68,No
CUST-1761,Male,1,Yes,Yes,45,Yes,No,Fiber optic,No,Yes,Yes,No,No,No,Two year,Yes,Electronic check,78.45,3524.37,No
CUST-1762,Male,1,No,No,25,Yes,No,Fiber optic,No,Yes,No,No,No,No,Month-to-month,Yes,Electronic check,70.48,1764.17,Yes
CUST-1763,Female,0,Yes,Yes,67,Yes,No,No,No internet service,No internet service,No internet service,No internet service,No internet service,No internet service,Month-to-month,No,Mailed check,19.34,1296.26,No
CUST-1764,Male,1,No,Yes,55,Yes,No,Fiber optic,No,No,Yes,No,Yes,No,One year,No,Electronic check,93.3,5132.46,Yes
CUST-1765,Female,0,No,Yes,39,Yes,No,DSL,No,Yes,No,No,No,Yes,One year,Yes,Bank transfer (automatic),54.12,2105.75,No
CUST-1766,Female,0,No,No,65,Yes,No,DSL,Yes,No,No,No,No,Yes,Two year,Yes,Bank transfer (automatic),56.58,3678.88,No
CUST-1767,Female,0,Yes,No,2,Yes,No,Fiber optic,Yes,No,Yes,No,No,Yes,One year,Yes,Credit card (automatic),77.0,156.06,Yes
CUST-1768,Male,0,No,No,69,Yes,Yes,No,No internet service,No internet service,No internet service,No internet service,No internet service,No internet service,Month-to-month,Yes,Electronic check,20.58,1418.53,No
CUST-1769,Female,1,No,Yes,62,Yes,No,Fiber optic,No,No,No,No,Yes,Yes,One year,Yes,Mailed check,97.96,6076.19,No
CUST-1770,Male,0,Yes,No,46,Yes,No,Fiber optic,No,Yes,No,Yes,No,Yes,Month-to-month,Yes,Credit card (automatic),85.84,3942.47,No
CUST-1771,Female,0,No,Yes,31,Yes,No,Fiber optic,No,No,No,Yes,No,Yes,One year,No,Bank transfer (automatic),93.92,2911.77,No
CUST-1772,Male,0,Yes,Yes,35,Yes,Yes,DSL,No,Yes,Yes,No,No,No,One year,Yes,Electronic check,50.64,1776.74,No
CUST-1773,Male,0,Yes,No,45,Yes,No,Fiber optic,Yes,Yes,Yes,Yes,No,Yes,One year,Yes,Electronic check,79.24,3563.16,No
CUST-1774,Female,0,Yes,No,54,Yes,No,DSL,No,No,Yes,No,No,Yes,Month-to-month,No,Credit card (automatic),57.99,3129.68,Yes
CUST-1775,Male,0,Yes,No,71,Yes,Yes,DSL,No,No,No,No,No,Yes,Month-to-month,No,Electronic check,45.95,3255.73,Yes
CUST-1776,Male,0,Yes,No,69,Yes,No,Fiber optic,Yes,Yes,No,No,Yes,Yes,Month-to-month,Yes,Bank transfer (automatic),104.24,7194.89,Yes
CUST-1777,Female,0,No,No,29,Yes,No,Fiber optic,No,Yes,Yes,Yes,Yes,No,Two year,Yes,Electronic check,105.77,3059.8,Yes
CUST-1778,Female,0,No,Yes,72,Yes,Yes,Fiber optic,No,Yes,No,Yes,No,Yes,Month-to-month,No,Electronic check,85.23,6136.58,No
CUST-1779,Female,0,Yes,No,8,Yes,Yes,DSL,No,Yes,Yes,No,Yes,No,Two year,Yes,Electronic check,69.01,546.29,No
CUST-1780,Female,0,No,Yes,54,Yes,No,Fiber optic,Yes,Yes,No,No,Yes,Yes,Month-to-month,No,Bank transfer (automatic),88.07,4749.66,Yes
CUST-1781,Female,0,No,No,7,Yes,No,DSL,No,Yes,No,No,No,No,Month-to-month,Yes,Bank transfer (automatic),50.33,344.23,Yes
CUST-1782,Male,0,No,Yes,23,Yes,Yes,Fiber optic,No,Yes,Yes,No,Yes,Yes,Month-to-month,Yes,Electronic check,92.78,2131.09,No
CUST-1783,Male,0,No,No,32,Yes,Yes,DSL,No,No,No,No,Yes,No,One year,No,Electronic check,65.54,2104.63,No
CUST-1784,Male,0,No,No,62,Yes,Yes,Fiber optic,No,No,Yes,No,No,Yes,One year,Yes,Mailed check,75.07,4656.44,No
CUST-1785,Female,1,Yes,No,45,Yes,Yes,DSL,Yes,No,No,No,Yes,Yes,One year,Yes,Electronic check,62.51,2818.53,No
CUST-1786,Female,0,Yes,Yes,68,Yes,Yes,DSL,Yes,No,No,No,No,No,One year,No,Electronic check,39.23,2659.93,Yes
CUST-1787,Male,0,Yes,No,30,Yes,No,Fiber optic,Yes,Yes,Yes,No,Yes,No,Month-to-month,No,Electronic check,91.94,2754.47,Yes
CUST-1788,Male,1,No,No,39,Yes,No,Fiber optic,Yes,Yes,No,No,No,No,One year,Yes,Electronic check,77.83,3033.14,No
CUST-1789,Female,0,Yes,No,5,Yes,No,Fiber optic,Yes,No,No,No,Yes,No,One year,Yes,Bank transfer (automatic),100.28,508.6,No
CUST-1790,Male,0,No,No,67,Yes,Yes,Fiber optic,Yes,Yes,Yes,No,No,No,One year,No,Credit card (automatic),79.17,5307.68,Yes
CUST-1791,Female,0,Yes,No,22,Yes,No,No,No internet service,No internet service,No internet service,No internet service,No internet service,No internet service,One year,Yes,Electronic check,18.5,406.81,No
CUST-1792,Female,1,No,Yes,28,Yes,Yes,No,No internet service,No internet service,No internet service,No internet service,No internet service,No internet service,Month-to-month,No,Electronic check,18.5,514.01,No
CUST-1793,Female,1,Yes,No,22,Yes,No,DSL,No,No,No,Yes,No,No,Two year,No,Mailed check,53.34,1178.68,No
CUST-1794,Male,0,Yes,Yes,29,Yes,No,DSL,No,No,No,Yes,No,Yes,Two year,Yes,Electronic check,65.24,1899.73,No
CUST-1795,Female,0,Yes,Yes,43,Yes,No,Fiber optic,Yes,No,No,Yes,No,No,One year,Yes,Credit card (automatic),93.12,4004.9,No
CUST-1796,Female,0,Yes,No,42,Yes,Yes,DSL,Yes,No,Yes,No,Yes,No,Month-to-month,Yes,Electronic check,67.14,2810.75,Yes
CUST-1797,Female,1,Yes,No,60,No,No phone service,DSL,No,No,No,Yes,Yes,No,Month-to-month,No,Electronic check,81.66,4895.04,Yes
CUST-1798,Female,1,No,Yes,71,Yes,No,DSL,No,No,Yes,No,No,No,Month-to-month,Yes,Mailed check,56.93,4046.95,No
CUST-1799,Female,0,Yes,Yes,68,Yes,No,DSL,Yes,No,No,No,No,No,Month-to-month,No,Mailed check,51.95,3530.35,No
CUST-1800,Female,0,Yes,No,59,Yes,No,Fiber optic,Yes,No,No,No,Yes,No,Two year,Yes,Bank transfer (automatic),85.31,5035.81,Yes
CUST-1801,Male,0,No,Yes,6,Yes,No,DSL,Yes,Yes,Yes,Yes,No,Yes,Month-to-month,Yes,Credit card (automatic),62.19,373.63,Yes
CUST-1802,Female,0,Yes,No,28,Yes,No,DSL,Yes,Yes,No,No,Yes,No,One year,Yes,Electronic check,67.3,1892.55,No
CUST-1803,Female,0,No,No,31,Yes,Yes,No,No internet service,No internet service,No internet service,No internet service,No internet service,No internet service,Two year,Yes,Mailed check,21.06,649.0,No
CUST-1804,Male,0,No,No,39,Yes,No,Fiber optic,No,No,Yes,No,Yes,No,Two year,No,Electronic check,89.8,3501.12,No
CUST-1805,Female,0,Yes,Yes,50,Yes,Yes,Fiber optic,No,Yes,No,No,No,No,One year,Yes,Bank transfer (automatic),72.67,3624.8,No
CUST-1806,Female,0,Yes,Yes,37,Yes,Yes,DSL,Yes,No,No,No,No,Yes,Month-to-month,Yes,Bank transfer (automatic),45.5,1689.6,Yes
CUST-1807,Female,1,Yes,No,72,Yes,Yes,DSL,No,No,No,Yes,No,No,Month-to-month,Yes,Mailed check,73.42,5282.76,No
CUST-1808,Male,0,No,No,15,Yes,No,DSL,No,Yes,Yes,No,No,No,Two year,Yes,Mailed check,45.39,685.29,No
CUST-1809,Male,0,No,Yes,51,Yes,Yes,DSL,Yes,No,No,Yes,Yes,Yes,Two year,No,Mailed check,77.07,3920.63,No
CUST-1810,Female,0,No,Yes,70,Yes,No,DSL,No,No,No,No,Yes,No,Month-to-month,No,Credit card (automatic),65.27,4576.25,Yes
CUST-1811,Female,1,No,Yes,23,Yes,No,Fiber optic,No,No,No,No,No,No,Month-to-month,Yes,Bank transfer (automatic),76.84,1776.76,No
CUST-1812,Male,0,Yes,No,25,Yes,No,No,No internet service,No internet service,No internet service,No internet service,No internet service,No internet service,One year,Yes,Bank transfer (automatic),21.21,529.65,No
CUST-1813,Female,0,No,No,46,Yes,No,Fiber optic,No,Yes,No,No,Yes,No,Month-to-month,No,Electronic check,81.99,3771.19,Yes
CUST-1814,Female,0,No,No,23,Yes,No,Fiber optic,No,Yes,No,Yes,No,Yes,Month-to-month,Yes,Credit card (automatic),91.88,2115.57,No
CUST-1815,Female,0,No,No,10,Yes,Yes,Fiber optic,No,No,No,Yes,No,No,Two year,No,Electronic check,95.61,965.6,No
CUST-1816,Female,0,No,No,32,Yes,Yes,Fiber optic,No,Yes,No,No,Yes,Yes,Month-to-month,Yes,Bank transfer (automatic),91.37,2925.01,No
CUST-1817,Male,0,No,No,51,No,No phone service,No,No internet service,No internet service,No internet service,No internet service,No internet service,No internet service,One year,No,Credit card (automatic),30.35,1539.33,No
CUST-1818,Male,1,Yes,Yes,41,Yes,No,Fiber optic,No,No,No,No,No,No,Month-to-month,Yes,Credit card (automatic),82.14,3369.04,Yes
CUST-1819,Male,0,Yes,Yes,65,Yes,No,DSL,Yes,Yes,Yes,Yes,Yes,Yes,Two year,Yes,Electronic check,78.36,5091.78,No
CUST-1820,Female,1,No,Yes,65,Yes,Yes,DSL,No,Yes,No,No,Yes,Yes,One year,Yes,Mailed check,62.41,4061.87,No
CUST-1821,Male,0,Yes,No,40,Yes,No,Fiber optic,Yes,No,No,No,No,No,Month-to-month,No,Electronic check,69.97,2794.87,Yes
CUST-1822,Male,0,No,No,18,Yes,No,DSL,No,Yes,Yes,No,No,Yes,Month-to-month,No,Credit card (automatic),50.27,913.35,No
CUST-1823,Male,0,Yes,No,36,No,No phone service,No,No internet service,No internet service,No internet service,No internet service,No internet service,No internet service,Month-to-month,Yes,Electronic check,21.78,790.08,No
CUST-1824,Female,0,No,Yes,31,Yes,No,Fiber optic,Yes,No,Yes,No,Yes,Yes,One year,No,Mailed check,95.95,2970.98,Yes
CUST-1825,Female,0,No,Yes,54,Yes,No,Fiber optic,No,No,Yes,No,Yes,No,Month-to-month,No,Credit card (automatic),89.97,4855.42,Yes
CUST-1826,Male,0,Yes,Yes,63,Yes,No,DSL,Yes,No,No,Yes,Yes,No,Month-to-month,Yes,Credit card (automatic),76.23,4802.85,No
CUST-1827,Male,0,No,No,1,Yes,Yes,Fiber optic,No,No,Yes,No,No,Yes,Month-to-month,No,Electronic check,80.67,80.67,Yes
CUST-1828,Female,0,No,Yes,52,Yes,No,DSL,No,No,No,No,Yes,Yes,Month-to-month,Yes,Electronic check,59.21,3082.72,No
CUST-1829,Male,0,No,Yes,57,Yes,No,Fiber optic,No,No,No,Yes,No,No,Month-to-month,Yes,Electronic check,92.32,5264.42,Yes
CUST-1830,Male,1,Yes,No,9,Yes,Yes,DSL,No,No,Yes,No,No,Yes,One year,No,Bank transfer (automatic),51.13,456.54,Yes
CUST-1831,Male,0,Yes,Yes,56,Yes,Yes,No,No internet service,No internet service,No internet service,No internet service,No internet service,No internet service,One year,No,Bank transfer (automatic),20.62,1157.48,No
CUST-1832,Male,0,Yes,No,47,Yes,No,Fiber optic,Yes,Yes,No,No,No,Yes,Month-to-month,Yes,Electronic check,73.68,3454.92,Yes
CUST-1833,Male,0,Yes,Yes,3,Yes,Yes,Fiber optic,No,Yes,No,No,Yes,No,Two year,No,Electronic check,96.08,297.28,Yes
CUST-1834,Male,0,No,No,2,Yes,Yes,No,No internet service,No internet service,No internet service,No internet service,No internet service,No internet service,Month-to-month,No,Electronic check,21.76,34.86,Yes
CUST-1835,Male,0,No,No,54,Yes,Yes,No,No internet service,No internet service,No internet service,No internet service,No internet service,No internet service,Two year,No,Mailed check,22.22,1196.46,No
CUST-1836,Female,1,No,No,37,Yes,Yes,DSL,Yes,Yes,No,Yes,No,Yes,One year,Yes,Credit card (automatic),68.55,2545.76,No
CUST-1837,Male,0,No,No,56,Yes,Yes,Fiber optic,No,Yes,No,Yes,No,No,Two year,No,Electronic check,83.03,4647.65,Yes
CUST-1838,Female,0,No,No,31,Yes,No,DSL,No,No,Yes,Yes,Yes,Yes,Two year,Yes,Bank transfer (automatic),74.8,2326.51,No
CUST-1839,Female,0,Yes,No,12,Yes,No,Fiber optic,No,Yes,No,No,Yes,No,One year,Yes,Credit card (automatic),86.19,1027.3,Yes
CUST-1840,Male,0,No,No,58,Yes,Yes,DSL,No,No,No,Yes,Yes,No,One year,Yes,Bank transfer (automatic),80.43,4656.27,No
CUST-1841,Female,0,Yes,No,67,Yes,Yes,Fiber optic,No,No,No,Yes,Yes,No,One year,Yes,Electronic check,100.86,6749.78,No
CUST-1842,Male,0,No,No,26,Yes,Yes,Fiber optic,Yes,Yes,Yes,Yes,Yes,Yes,Month-to-month,Yes,Mailed check,101.12,2638.56,No
CUST-1843,Female,0,Yes,No,12,Yes,No,Fiber optic,Yes,No,Yes,Yes,No,No,Month-to-month,Yes,Credit card (automatic),88.99,1059.66,Yes
CUST-1844,Male,1,Yes,Yes,16,Yes,Yes,Fiber optic,Yes,No,Yes,Yes,No,Yes,Month-to-month,Yes,Electronic check,94.9,1521.43,Yes
CUST-1845,Male,0,No,No,53,Yes,No,Fiber optic,No,No,Yes,Yes,Yes,Yes,Month-to-month,Yes,Credit card (automatic),109.8,5818.21,No
CUST-1846,Male,0,No,No,72,Yes,Yes,DSL,No,No,Yes,No,Yes,Yes,One year,Yes,Electronic check,68.24,4920.5,No
CUST-1847,Female,0,No,No,49,Yes,No,Fiber optic,Yes,No,Yes,No,Yes,No,Two year,No,Electronic check,92.95,4550.44,No
CUST-1848,Female,0,No,Yes,49,Yes,Yes,Fiber optic,Yes,Yes,No,No,Yes,No,One year,Yes,Credit card (automatic),90.02,4401.56,Yes
CUST-1849,Female,0,Yes,No,7,Yes,Yes,Fiber optic,No,No,No,No,No,Yes,Two year,Yes,Credit card (automatic),76.4,539.77,No
CUST-1850,Male,0,No,Yes,15,No,No phone service,No,No internet service,No internet service,No internet service,No internet service,No internet service,No internet service,Month-to-month,Yes,Electronic check,20.15,304.03,No
CUST-1851,Female,1,Yes,No,36,Yes,Yes,DSL,No,No,No,Yes,No,No,Two year,No,Electronic check,65.65,2362.09,No
CUST-1852,Male,1,No,Yes,72,Yes,No,Fiber optic,No,No,No,No,Yes,Yes,Month-to-month,No,Credit card (automatic),91.23,6565.02,Yes
CUST-1853,Female,1,No,No,15,Yes,Yes,Fiber optic,Yes,Yes,Yes,Yes,No,No,Two year,Yes,Electronic check,88.56,1336.39,No
CUST-1854,Male,0,Yes,Yes,62,Yes,Yes,DSL,No,No,No,Yes,No,Yes,Two year,No,Electronic check,55.2,3414.84,No
CUST-1855,Male,0,No,Yes,18,Yes,No,DSL,No,No,Yes,Yes,Yes,Yes,Two year,No,Electronic check,83.61,1497.81,No
CUST-1856,Male,0,No,No,46,Yes,Yes,Fiber optic,Yes,No,Yes,No,No,No,Two year,Yes,Bank transfer (automatic),75.57,3466.52,No
CUST-1857,Male,0,Yes,No,61,Yes,Yes,DSL,Yes,Yes,Yes,No,No,No,Month-to-month,No,Credit card (automatic),42.04,2555.89,No
CUST-1858,Female,0,No,Yes,43,Yes,No,Fiber optic,Yes,Yes,No,No,No,No,Month-to-month,No,Electronic check,78.65,3389.1,No
CUST-1859,Male,0,No,No,44,No,No phone service,Fiber optic,No,Yes,Yes,Yes,No,Yes,Two year,Yes,Electronic check,91.85,4047.27,No
CUST-1860,Female,0,No,Yes,66,Yes,No,Fiber optic,No,No,No,No,Yes,Yes,One year,No,Mailed check,82.44,5433.09,Yes
CUST-1861,Male,0,Yes,No,55,Yes,No,Fiber optic,No,No,No,Yes,Yes,No,Two year,Yes,Bank transfer (automatic),113.8,6264.6,No
CUST-1862,Female,0,Yes,No,39,Yes,Yes,Fiber optic,No,Yes,Yes,No,No,No,Month-to-month,No,Bank transfer (automatic),74.73,2917.29,Yes
CUST-1863,Male,0,No,Yes,5,Yes,Yes,DSL,No,Yes,No,Yes,Yes,Yes,Month-to-month,Yes,Electronic check,91.53,455.4,Yes
CUST-1864,Male,0,Yes,No,57,Yes,Yes,Fiber optic,No,No,No,No,No,Yes,Month-to-month,No,Electronic check,80.78,4596.14,No
CUST-1865,Female,0,No,Yes,15,Yes,No,Fiber optic,No,No,No,Yes,No,Yes,One year,Yes,Electronic check,98.06,1472.95,No
CUST-1866,Male,0,Yes,No,16,Yes,No,DSL,Yes,No,Yes,No,No,Yes,Month-to-month,Yes,Electronic check,50.27,811.11,Yes
CUST-1867,Male,0,No,No,57,Yes,No,No,No internet service,No internet service,No internet service,No internet service,No internet service,No internet service,One year,No,Electronic check,21.06,1198.83,No
CUST-1868,Female,0,No,No,25,Yes,Yes,Fiber optic,No,No,Yes,No,Yes,No,Month-to-month,Yes,Credit card (automatic),93.32,2331.49,Yes
CUST-1869,Female,0,Yes,No,22,Yes,No,DSL,No,Yes,No,No,Yes,Yes,One year,No,Electronic check,66.61,1471.95,No
CUST-1870,Male,0,Yes,No,31,Yes,Yes,Fiber optic,Yes,Yes,Yes,Yes,Yes,Yes,Two year,Yes,Credit card (automatic),108.39,3354.3,No
CUST-1871,Male,0,No,Yes,34,Yes,No,Fiber optic,No,No,No,Yes,No,No,Month-to-month,No,Mailed check,89.65,3041.55,Yes
CUST-1872,Female,0,No,No,16,Yes,No,DSL,No,No,No,Yes,Yes,No,Month-to-month,Yes,Credit card (automatic),71.42,1146.63,No
CUST-1873,Male,0,Yes,No,70,Yes,Yes,Fiber optic,Yes,No,Yes,No,No,Yes,One year,Yes,Electronic check,72.82,5100.53,No
CUST-1874,Male,0,No,No,59,Yes,Yes,Fiber optic,Yes,Yes,No,No,No,Yes,Two year,No,Electronic check,77.32,4570.12,No
CUST-1875,Male,0,Yes,No,15,Yes,Yes,Fiber optic,Yes,Yes,Yes,No,Yes,No,Month-to-month,Yes,Electronic check,91.92,1375.49,Yes
CUST-1876,Female,1,Yes,Yes,13,Yes,No,DSL,No,Yes,No,No,Yes,No,One year,Yes,Bank transfer (automatic),75.0,969.04,No
CUST-1877,Female,0,No,Yes,24,No,No phone service,DSL,Yes,No,No,No,Yes,No,Two year,Yes,Electronic check,63.25,1516.58,No
CUST-1878,Male,0,Yes,Yes,13,Yes,Yes,DSL,No,Yes,No,No,No,Yes,One year,Yes,Credit card (automatic),51.98,673.42,No
CUST-1879,Male,0,No,Yes,65,Yes,Yes,Fiber optic,No,No,Yes,No,Yes,Yes,Two year,No,Bank transfer (automatic),93.5,6086.26,No
CUST-1880,Male,0,Yes,Yes,36,Yes,No,Fiber optic,Yes,Yes,No,No,Yes,No,Two year,No,Bank transfer (automatic),92.43,3335.83,No
CUST-1881,Female,0,Yes,No,49,Yes,Yes,DSL,Yes,Yes,Yes,No,Yes,Yes,Two year,Yes,Mailed check,61.06,2990.5,No
CUST-1882,Male,0,Yes,No,48,No,No phone service,DSL,No,Yes,No,Yes,No,No,One year,Yes,Electronic check,67.21,3224.33,No
CUST-1883,Male,1,No,Yes,43,Yes,Yes,Fiber optic,No,No,No,No,Yes,No,One year,Yes,Electronic check,85.09,3657.77,No
CUST-1884,Female,0,No,No,6,Yes,No,Fiber optic,No,No,Yes,No,No,Yes,Month-to-month,No,Mailed check,72.83,441.6,No
CUST-1885,Male,0,No,Yes,68,Yes,No,Fiber optic,No,Yes,Yes,No,Yes,No,Month-to-month,Yes,Electronic check,89.18,6065.24,No
CUST-1886,Female,0,Yes,No,14,Yes,Yes,Fiber optic,Yes,No,No,No,No,Yes,Month-to-month,Yes,Credit card (automatic),74.11,1033.3,No
CUST-1887,Male,1,Yes,No,30,Yes,No,DSL,No,No,No,No,No,Yes,Month-to-month,Yes,Credit card (automatic),42.33,1275.27,No
CUST-1888,Male,0,No,No,8,Yes,Yes,DSL,No,No,Yes,No,Yes,Yes,Month-to-month,No,Bank transfer (automatic),64.81,526.56,No
CUST-1889,Male,0,Yes,No,54,Yes,No,DSL,Yes,No,No,Yes,No,Yes,Month-to-month,No,Mailed check,65.66,3550.0,No
CUST-1890,Female,0,No,Yes,66,Yes,Yes,Fiber optic,No,No,Yes,No,Yes,No,Month-to-month,Yes,Mailed check,91.17,6011.11,Yes
CUST-1891,Female,0,Yes,No,4,No,No phone service,DSL,No,Yes,No,Yes,Yes,No,Month-to-month,Yes,Mailed check,78.73,320.76,No
CUST-1892,Female,0,No,No,60,Yes,Yes,Fiber optic,Yes,No,Yes,No,No,Yes,Month-to-month,Yes,Bank transfer (automatic),84.87,5101.98,Yes
CUST-1893,Male,0,Yes,No,53,Yes,No,Fiber optic,Yes,Yes,Yes,No,No,Yes,Month-to-month,Yes,Electronic check,75.92,4027.46,Yes
CUST-1894,Female,0,No,Yes,15,Yes,No,No,No internet service,No internet service,No internet service,No internet service,No internet service,No internet service,Two year,Yes,Mailed check,18.5,272.38,No
CUST-1895,Male,0,Yes,No,1,Yes,No,No,No internet service,No internet service,No internet service,No internet service,No internet service,No internet service,Two year,Yes,Credit card (automatic),21.57,21.57,No
CUST-1896,Male,1,Yes,No,22,Yes,No,No,No internet service,No internet service,No internet service,No internet service,No internet service,No internet service,Two year,Yes,Mailed check,18.5,404.71,No
CUST-1897,Female,0,Yes,No,15,Yes,No,Fiber optic,No,Yes,No,Yes,No,No,One year,No,Electronic check,94.82,1421.71,No
CUST-1898,Male,1,Yes,Yes,22,Yes,Yes,Fiber optic,No,Yes,No,No,No,Yes,Month-to-month,No,Electronic check,77.56,1714.51,No
CUST-1899,Male,0,Yes,Yes,50,Yes,Yes,Fiber optic,No,No,Yes,No,Yes,No,One year,Yes,Bank transfer (automatic),98.08,4906.39,No
CUST-1900,Male,0,No,No,48,Yes,No,Fiber optic,No,Yes,Yes,Yes,Yes,Yes,One year,Yes,Credit card (automatic),109.99,5275.15,No
CUST-1901,Male,0,No,Yes,51,No,No phone service,No,No internet service,No internet service,No internet service,No internet service,No internet service,No internet service,Month-to-month,Yes,Credit card (automatic),27.51,1406.84,No
CUST-1902,Male,0,No,Yes,17,Yes,No,Fiber optic,No,No,No,No,Yes,Yes,Two year,Yes,Credit card (automatic),79.17,1337.73,No
CUST-1903,Female,0,No,Yes,51,No,No phone service,DSL,No,Yes,Yes,Yes,No,No,Month-to-month,No,Credit card (automatic),59.89,3048.66,No
CUST-1904,Male,0,No,Yes,37,No,No phone service,Fiber optic,No,Yes,No,Yes,No,Yes,One year,No,Electronic check,93.52,3465.13,No
CUST-1905,Female,0,Yes,Yes,49,No,No phone service,Fiber optic,No,No,No,No,No,Yes,Month-to-month,Yes,Electronic check,72.11,3529.33,Yes
CUST-1906,Female,0,Yes,No,59,Yes,No,Fiber optic,No,No,No,Yes,Yes,No,Two year,Yes,Mailed check,112.67,6638.15,No
CUST-1907,Male,0,Yes,Yes,10,Yes,Yes,Fiber optic,No,Yes,Yes,No,Yes,Yes,Month-to-month,Yes,Bank transfer (automatic),88.8,887.94,Yes
CUST-1908,Male,0,No,Yes,30,No,No phone service,Fiber optic,No,Yes,No,Yes,No,No,Month-to-month,Yes,Electronic check,95.63,2872.06,Yes
CUST-1909,Male,0,Yes,Yes,21,Yes,Yes,DSL,No,No,No,No,No,No,One year,No,Electronic check,52.43,1106.81,Yes
CUST-1910,Female,0,Yes,No,34,Yes,Yes,No,No internet service,No internet service,No internet service,No internet service,No internet service,No internet service,Two year,Yes,Mailed check,19.57,661.5,No
CUST-1911,Male,1,No,No,50,Yes,Yes,DSL,No,Yes,No,No,No,No,Month-to-month,No,Electronic check,46.52,2324.49,No
CUST-1912,Female,0,Yes,No,47,Yes,Yes,DSL,No,Yes,No,No,No,No,One year,Yes,Bank transfer (automatic),51.63,2427.74,No
CUST-1913,Male,0,No,Yes,6,Yes,Yes,Fiber optic,No,No,No,No,No,Yes,Month-to-month,No,Electronic check,74.15,436.39,No
CUST-1914,Female,0,No,No,50,Yes,No,DSL,No,Yes,No,No,Yes,No,Month-to-month,No,Credit card (automatic),61.01,3044.45,No
CUST-1915,Male,0,Yes,No,63,Yes,Yes,DSL,Yes,No,No,No,No,Yes,Month-to-month,Yes,Credit card (automatic),42.91,2700.72,No
CUST-1916,Male,1,Yes,Yes,12,Yes,Yes,DSL,Yes,No,No,Yes,Yes,Yes,One year,Yes,Credit card (automatic),80.48,961.1,No
CUST-1917,Female,0,No,No,41,Yes,No,DSL,Yes,No,No,No,Yes,No,Two year,No,Credit card (automatic),69.96,2867.68,No
CUST-1918,Female,0,No,No,31,Yes,No,Fiber optic,No,No,Yes,No,No,No,One year,Yes,Bank transfer (automatic),76.46,2373.27,No
CUST-1919,Male,0,Yes,No,2,Yes,No,DSL,No,No,No,Yes,Yes,Yes,Month-to-month,No,Electronic check,83.61,168.01,Yes
CUST-1920,Female,0,No,No,16,Yes,No,Fiber optic,No,No,No,No,Yes,Yes,Month-to-month,Yes,Bank transfer (automatic),89.39,1435.72,Yes
CUST-1921,Male,1,No,No,1,Yes,No,DSL,Yes,Yes,Yes,Yes,No,Yes,Month-to-month,No,Bank transfer (automatic),61.04,63.57,No
CUST-1922,Female,0,Yes,Yes,4,Yes,No,Fiber optic,Yes,Yes,No,No,No,No,One year,Yes,Electronic check,78.78,310.96,Yes
CUST-1923,Female,0,Yes,No,47,Yes,No,DSL,No,Yes,Yes,No,No,No,Month-to-month,Yes,Bank transfer (automatic),48.83,2287.41,No
CUST-1924,Male,0,No,Yes,65,Yes,No,DSL,No,Yes,Yes,Yes,Yes,Yes,Month-to-month,Yes,Mailed check,80.26,5219.69,No
CUST-1925,Male,0,Yes,No,52,Yes,Yes,DSL,No,No,Yes,Yes,Yes,Yes,One year,Yes,Mailed check,83.69,4346.12,No
CUST-1926,Male,0,No,Yes,47,Yes,Yes,DSL,No,Yes,No,No,Yes,No,Two year,No,Electronic check,68.77,3228.56,No
CUST-1927,Female,0,Yes,No,50,Yes,No,Fiber optic,Yes,Yes,Yes,Yes,No,No,Month-to-month,No,Bank transfer (automatic),90.52,4531.9,Yes
CUST-1928,Female,0,No,No,45,No,No phone service,Fiber optic,No,No,No,Yes,Yes,No,One year,No,Credit card (automatic),109.4,4917.4,No
CUST-1929,Male,1,No,No,42,Yes,No,No,No internet service,No internet service,No internet service,No internet service,No internet service,No internet service,Month-to-month,Yes,Credit card (automatic),22.69,953.74,No
CUST-1930,Male,0,No,Yes,56,Yes,No,No,No internet service,No internet service,No internet service,No internet service,No internet service,No internet service,Month-to-month,No,Mailed check,22.8,1268.7,No
CUST-1931,Female,0,Yes,No,71,Yes,Yes,Fiber optic,Yes,No,No,No,Yes,Yes,Two year,Yes,Credit card (automatic),96.76,6868.29,No
CUST-1932,Female,0,Yes,No,57,Yes,No,DSL,Yes,No,No,No,No,No,Month-to-month,Yes,Mailed check,52.95,3027.76,No
CUST-1933,Female,1,No,Yes,33,No,No phone service,Fiber optic,Yes,No,No,No,Yes,No,Month-to-month,Yes,Electronic check,99.16,3281.37,No
CUST-1934,Male,0,Yes,No,28,Yes,No,DSL,Yes,No,No,No,No,No,Two year,Yes,Credit card (automatic),43.27,1220.49,No
CUST-1935,Male,0,Yes,Yes,44,Yes,No,Fiber optic,Yes,No,No,No,No,No,Month-to-month,No,Credit card (automatic),70.47,3102.58,No
CUST-1936,Male,0,No,No,56,Yes,No,DSL,No,No,Yes,Yes,No,Yes,One year,No,Bank transfer (automatic),62.6,3501.49,No
CUST-1937,Female,0,Yes,Yes,44,Yes,No,Fiber optic,No,Yes,No,No,No,No,Month-to-month,Yes,Electronic check,69.67,3062.58,Yes
CUST-1938,Male,0,Yes,Yes,34,Yes,Yes,No,No internet service,No internet service,No internet service,No internet service,No internet service,No internet service,Month-to-month,Yes,Electronic check,29.07,982.5,No
CUST-1939,Female,0,Yes,No,14,Yes,Yes,DSL,Yes,No,No,No,Yes,No,Month-to-month,Yes,Electronic check,72.97,1013.53,Yes
CUST-1940,Male,0,No,No,68,Yes,No,Fiber optic,Yes,No,No,No,Yes,Yes,Month-to-month,No,Bank transfer (automatic),93.72,6366.34,No
CUST-1941,Female,0,No,Yes,29,Yes,Yes,Fiber optic,Yes,No,No,No,Yes,Yes,Month-to-month,Yes,Electronic check,91.8,2661.55,Yes
CUST-1942,Female,0,Yes,No,17,Yes,No,DSL,No,No,Yes,No,No,No,One year,No,Electronic check,44.85,752.99,No
CUST-1943,Female,1,Yes,Yes,9,Yes,Yes,No,No internet service,No internet service,No internet service,No internet service,No internet service,No internet service,Month-to-month,No,Electronic check,22.38,210.2,Yes
CUST-1944,Male,1,Yes,Yes,27,Yes,Yes,DSL,No,No,Yes,No,No,Yes,Month-to-month,Yes,Bank transfer (automatic),50.71,1370.4,No
CUST-1945,Male,0,No,No,49,Yes,Yes,DSL,Yes,Yes,No,Yes,No,No,Month-to-month,No,Mailed check,69.29,3388.68,No
CUST-1946,Male,0,Yes,Yes,37,Yes,Yes,Fiber optic,Yes,No,No,Yes,Yes,Yes,One year,No,Credit card (automatic),102.8,3801.93,No
CUST-1947,Female,0,No,No,28,Yes,Yes,DSL,Yes,No,No,No,No,Yes,One year,Yes,Mailed check,52.89,1478.45,No
CUST-1948,Female,0,Yes,No,50,Yes,Yes,DSL,Yes,No,No,No,No,No,Two year,Yes,Credit card (automatic),55.08,2760.71,No
CUST-1949,Female,0,No,No,55,Yes,No,Fiber optic,No,No,Yes,No,Yes,No,Two year,Yes,Mailed check,94.6,5195.41,Yes
CUST-1950,Female,0,Yes,No,4,Yes,No,Fiber optic,No,Yes,No,Yes,Yes,No,Two year,No,Bank transfer (automatic),105.78,421.72,Yes
CUST-1951,Female,0,No,Yes,19,Yes,No,Fiber optic,No,Yes,No,No,Yes,No,One year,No,Electronic check,96.83,1844.0,No
CUST-1952,Male,0,Yes,No,37,Yes,No,Fiber optic,No,No,No,Yes,Yes,No,One year,No,Bank transfer (automatic),100.66,3721.88,No
CUST-1953,Female,0,Yes,No,4,Yes,Yes,DSL,Yes,No,Yes,Yes,Yes,No,Month-to-month,No,Electronic check,81.4,322.75,Yes
CUST-1954,Male,0,No,Yes,37,Yes,No,Fiber optic,No,Yes,No,Yes,Yes,Yes,Month-to-month,No,Bank transfer (automatic),107.89,3988.74,No
CUST-1955,Male,0,No,No,51,Yes,No,DSL,No,No,No,Yes,No,No,One year,No,Mailed check,65.0,3320.24,No
CUST-1956,Female,0,Yes,No,32,Yes,No,No,No internet service,No internet service,No internet service,No internet service,No internet service,No internet service,Month-to-month,No,Electronic check,23.81,754.31,Yes
CUST-1957,Male,0,No,No,45,Yes,No,DSL,No,Yes,No,Yes,No,Yes,Month-to-month,Yes,Mailed check,70.18,3165.23,No
CUST-1958,Male,0,No,No,12,Yes,Yes,DSL,No,Yes,Yes,No,No,No,Month-to-month,No,Credit card (automatic),41.06,484.14,Yes
CUST-1959,Female,0,No,Yes,41,Yes,No,No,No internet service,No internet service,No internet service,No internet service,No internet service,No internet service,Two year,No,Electronic check,27.75,1134.13,No
CUST-1960,Male,0,Yes,No,56,Yes,Yes,No,No internet service,No internet service,No internet service,No internet service,No internet service,No internet service,Month-to-month,No,Electronic check,18.5,1033.78,No
CUST-1961,Female,1,No,No,14,Yes,Yes,Fiber optic,Yes,Yes,No,No,No,No,Month-to-month,No,Mailed check,80.9,1130.47,No
CUST-1962,Male,0,No,No,54,Yes,Yes,DSL,No,No,Yes,No,No,No,One year,No,Bank transfer (automatic),46.69,2515.01,No
CUST-1963,Male,0,Yes,Yes,63,Yes,Yes,Fiber optic,Yes,Yes,No,No,No,No,Month-to-month,Yes,Mailed check,77.49,4883.93,No
CUST-1964,Male,0,No,No,65,Yes,No,DSL,No,Yes,Yes,No,No,No,Two year,Yes,Electronic check,52.64,3420.67,No
CUST-1965,Male,1,Yes,No,58,Yes,No,Fiber optic,No,No,Yes,No,Yes,Yes,One year,Yes,Electronic check,89.25,5177.85,Yes
CUST-1966,Female,1,Yes,No,21,Yes,Yes,DSL,No,No,No,No,Yes,Yes,Month-to-month,Yes,Electronic check,62.78,1320.68,No
CUST-1967,Male,0,No,No,4,Yes,Yes,DSL,Yes,Yes,Yes,Yes,Yes,Yes,One year,Yes,Electronic check,94.51,371.87,Yes
CUST-1968,Female,1,No,No,46,Yes,Yes,Fiber optic,No,No,No,No,No,Yes,Month-to-month,No,Credit card (automatic),72.51,3343.87,No
CUST-1969,Male,0,Yes,No,12,No,No phone service,DSL,No,No,Yes,No,No,Yes,One year,No,Electronic check,57.56,697.32,No
CUST-1970,Female,0,Yes,No,30,Yes,No,Fiber optic,No,No,No,Yes,No,Yes,Month-to-month,Yes,Electronic check,104.41,3138.87,No
CUST-1971,Female,0,No,Yes,60,Yes,Yes,Fiber optic,No,No,No,Yes,Yes,Yes,Month-to-month,Yes,Credit card (automatic),103.34,6201.03,No
CUST-1972,Female,0,Yes,No,71,Yes,No,Fiber optic,No,Yes,No,Yes,No,Yes,Month-to-month,No,Credit card (automatic),82.14,5838.34,Yes
CUST-1973,Male,1,No,No,65,Yes,No,Fiber optic,Yes,No,No,No,No,No,Two year,Yes,Electronic check,75.09,4883.4,Yes
CUST-1974,Male,0,No,No,14,Yes,No,Fiber optic,Yes,Yes,No,No,No,No,One year,Yes,Mailed check,72.75,1017.51,Yes
CUST-1975,Male,1,Yes,No,44,Yes,No,DSL,Yes,No,No,No,Yes,Yes,Two year,Yes,Bank transfer (automatic),68.47,3017.73,No
CUST-1976,Female,0,No,No,26,Yes,No,DSL,Yes,Yes,No,Yes,No,No,One year,Yes,Electronic check,62.8,1634.8,No
CUST-1977,Male,0,No,No,16,Yes,No,Fiber optic,Yes,No,No,No,No,No,Two year,Yes,Bank transfer (automatic),74.1,1175.64,No
CUST-1978,Male,0,Yes,Yes,7,Yes,No,DSL,No,Yes,Yes,Yes,No,Yes,Month-to-month,No,Credit card (automatic),64.82,463.68,Yes
CUST-1979,Female,0,No,Yes,32,Yes,No,DSL,No,No,No,No,Yes,No,One year,No,Mailed check,59.08,1889.16,No
CUST-1980,Male,0,No,No,16,Yes,No,DSL,No,Yes,Yes,Yes,No,Yes,Month-to-month,Yes,Mailed check,64.08,1026.71,No
CUST-1981,Female,0,No,No,62,Yes,No,No,No internet service,No internet service,No internet service,No internet service,No internet service,No internet service,Two year,Yes,Bank transfer (automatic),19.68,1218.28,No
CUST-1982,Male,1,No,No,30,Yes,No,No,No internet service,No internet service,No internet service,No internet service,No internet service,No internet service,One year,No,Bank transfer (automatic),18.5,547.01,No
CUST-1983,Male,0,Yes,No,71,Yes,No,Fiber optic,No,No,Yes,No,Yes,Yes,Two year,Yes,Credit card (automatic),91.79,6523.77,No
CUST-1984,Female,0,Yes,No,12,Yes,No,DSL,Yes,No,No,Yes,Yes,No,One year,Yes,Electronic check,85.78,1033.01,Yes
CUST-1985,Male,0,Yes,No,67,Yes,Yes,DSL,No,Yes,No,No,Yes,Yes,Month-to-month,Yes,Credit card (automatic),63.86,4285.19,No
CUST-1986,Female,0,Yes,No,46,No,No phone service,DSL,Yes,No,Yes,No,No,No,Month-to-month,Yes,Credit card (automatic),49.95,2297.38,No
CUST-1987,Male,1,Yes,No,43,Yes,Yes,DSL,Yes,No,No,No,No,No,Two year,No,Electronic check,48.76,2102.51,No
CUST-1988,Male,0,No,No,55,Yes,No,DSL,No,No,Yes,No,No,Yes,Month-to-month,No,Electronic check,59.01,3251.5,Yes
CUST-1989,Female,0,No,No,45,Yes,Yes,Fiber optic,No,No,Yes,No,Yes,No,Month-to-month,Yes,Mailed check,86.92,3908.13,No
CUST-1990,Female,0,No,No,60,Yes,Yes,Fiber optic,Yes,No,Yes,Yes,Yes,No,Month-to-month,Yes,Mailed check,101.72,6093.28,Yes
CUST-1991,Female,0,No,No,71,Yes,Yes,DSL,Yes,No,No,No,No,Yes,Month-to-month,Yes,Credit card (automatic),47.37,3370.47,No
CUST-1992,Male,0,No,No,32,Yes,No,Fiber optic,Yes,Yes,No,No,Yes,No,Month-to-month,No,Electronic check,96.43,3079.45,No
CUST-1993,Female,0,No,No,8,Yes,No,Fiber optic,Yes,Yes,No,Yes,No,No,Two year,Yes,Bank transfer (automatic),96.86,782.25,Yes
CUST-1994,Male,0,No,No,62,Yes,Yes,Fiber optic,Yes,No,No,Yes,Yes,Yes,Month-to-month,Yes,Mailed check,100.89,6257.55,No
CUST-1995,Male,0,Yes,Yes,20,Yes,Yes,DSL,No,No,No,No,No,Yes,Month-to-month,No,Mailed check,54.09,1084.49,Yes
CUST-1996,Female,0,No,No,18,Yes,No,No,No internet service,No internet service,No internet service,No internet service,No internet service,No internet service,One year,Yes,Bank transfer (automatic),18.5,327.94,No
CUST-1997,Male,0,No,No,6,Yes,No,Fiber optic,No,Yes,Yes,No,No,No,Month-to-month,Yes,Mailed check,68.23,407.43,Yes
CUST-1998,Female,0,Yes,No,29,Yes,Yes,DSL,Yes,No,No,No,No,Yes,One year,No,Electronic check,43.22,1249.62,No
CUST-1999,Male,0,No,No,4,Yes,Yes,Fiber optic,No,No,No,Yes,Yes,No,Month-to-month,Yes,Credit card (automatic),104.32,411.09,Yes
CUST-2000,Male,0,No,Yes,71,No,No phone service,DSL,Yes,Yes,Yes,Yes,Yes,Yes,Month-to-month,Yes,Electronic check,84.32,5991.21,No
CUST-2001,Female,0,Yes,Yes,43,Yes,No,Fiber optic,No,Yes,No,No,No,Yes,Month-to-month,Yes,Electronic check,75.22,3226.38,Yes
CUST-2002,Female,1,No,No,34,Yes,No,Fiber optic,No,No,Yes,No,Yes,Yes,One year,No,Bank transfer (automatic),90.78,3086.76,No
CUST-2003,Female,0,Yes,Yes,71,Yes,No,Fiber optic,No,Yes,No,No,Yes,Yes,Month-to-month,No,Mailed check,81.21,5766.63,Yes
CUST-2004,Female,0,Yes,No,33,Yes,No,Fiber optic,No,No,No,No,No,No,Two year,No,Bank transfer (automatic),73.37,2430.32,No
CUST-2005,Female,1,No,Yes,15,Yes,No,Fiber optic,Yes,No,No,No,Yes,No,Two year,Yes,Mailed check,88.83,1339.84,No
CUST-2006,Female,0,No,No,40,Yes,Yes,DSL,No,Yes,No,No,No,Yes,One year,No,Mailed check,48.18,1927.03,No
CUST-2007,Female,0,No,Yes,5,Yes,Yes,DSL,No,No,No,No,Yes,No,Month-to-month,Yes,Mailed check,60.12,307.48,No
CUST-2008,Male,0,No,No,50,Yes,No,DSL,No,Yes,Yes,No,No,Yes,Month-to-month,No,Electronic check,59.74,2992.81,Yes
CUST-2009,Male,0,Yes,No,66,Yes,No,DSL,No,Yes,No,Yes,Yes,No,Month-to-month,Yes,Credit card (automatic),83.07,5473.18,No
CUST-2010,Male,0,No,Yes,54,Yes,No,DSL,No,No,Yes,No,Yes,Yes,Month-to-month,No,Bank transfer (automatic),69.39,3755.5,No
CUST-2011,Female,0,No,No,46,Yes,No,Fiber optic,Yes,Yes,No,Yes,No,No,Two year,Yes,Electronic check,90.68,4175.04,Yes
CUST-2012,Female,1,No,No,11,Yes,No,DSL,Yes,No,Yes,No,No,No,Month-to-month,No,Bank transfer (automatic),56.87,629.01,No
CUST-2013,Male,0,Yes,No,49,Yes,No,Fiber optic,No,Yes,Yes,No,Yes,No,Month-to-month,Yes,Credit card (automatic),85.48,4192.79,No
CUST-2014,Female,0,No,Yes,23,Yes,Yes,Fiber optic,No,Yes,Yes,Yes,No,Yes,Two year,Yes,Electronic check,94.49,2167.77,No
CUST-2015,Female,0,No,No,55,Yes,Yes,DSL,No,No,Yes,No,No,No,Month-to-month,No,Electronic check,44.28,2425.98,No
CUST-2016,Male,0,No,No,5,Yes,No,Fiber optic,No,Yes,No,No,Yes,Yes,Month-to-month,Yes,Mailed check,90.48,447.04,Yes
CUST-2017,Female,0,No,No,64,Yes,Yes,No,No internet service,No internet service,No internet service,No internet service,No internet service,No internet service,Two year,No,Electronic check,20.25,1301.89,No
CUST-2018,Female,0,Yes,No,35,Yes,Yes,DSL,No,No,Yes,No,Yes,No,Month-to-month,No,Credit card (automatic),65.71,2301.8,No
CUST-2019,Male,0,No,No,69,Yes,No,No,No internet service,No internet service,No internet service,No internet service,No internet service,No internet service,One year,Yes,Bank transfer (automatic),20.28,1396.55,No
CUST-2020,Female,0,No,No,54,Yes,No,Fiber optic,No,No,No,Yes,Yes,Yes,Month-to-month,Yes,Electronic check,94.32,5088.11,No
CUST-2021,Male,1,Yes,No,3,Yes,Yes,Fiber optic,Yes,No,No,Yes,No,No,One year,No,Credit card (automatic),88.19,270.57,Yes
CUST-2022,Female,1,No,Yes,6,Yes,No,DSL,Yes,Yes,No,Yes,No,No,Month-to-month,No,Bank transfer (automatic),64.84,388.2,Yes
CUST-2023,Female,0,No,No,56,Yes,Yes,Fiber optic,No,Yes,No,No,Yes,Yes,One year,No,Credit card (automatic),87.7,4913.43,Yes
CUST-2024,Female,0,Yes,No,2,Yes,Yes,Fiber optic,No,No,No,No,No,Yes,Month-to-month,No,Mailed check,67.38,125.01,Yes
CUST-2025,Male,0,No,No,38,Yes,No,Fiber optic,No,Yes,Yes,No,No,No,Month-to-month,Yes,Bank transfer (automatic),73.44,2789.32,No
CUST-2026,Female,1,Yes,No,56,Yes,No,Fiber optic,Yes,Yes,No,Yes,Yes,Yes,Month-to-month,Yes,Mailed check,108.3,6055.11,Yes
CUST-2027,Female,0,Yes,No,5,Yes,Yes,Fiber optic,No,No,No,No,No,Yes,Month-to-month,Yes,Mailed check,82.7,419.25,Yes
CUST-2028,Male,0,No,Yes,46,Yes,Yes,DSL,No,Yes,Yes,No,Yes,Yes,Two year,Yes,Electronic check,64.46,2960.15,No
CUST-2029,Female,0,Yes,No,11,Yes,Yes,DSL,Yes,Yes,No,No,Yes,No,One year,Yes,Credit card (automatic),64.0,697.34,Yes
CUST-2030,Male,0,Yes,No,65,Yes,No,DSL,Yes,Yes,Yes,No,No,No,Month-to-month,No,Electronic check,46.29,3017.38,Yes
CUST-2031,Female,0,Yes,Yes,10,No,No phone service,Fiber optic,No,Yes,Yes,No,No,Yes,Month-to-month,Yes,Mailed check,82.92,819.56,Yes
CUST-2032,Male,0,Yes,No,41,Yes,No,DSL,No,No,No,No,No,Yes,Two year,Yes,Electronic check,46.52,1901.28,No
CUST-2033,Male,0,No,No,44,Yes,Yes,DSL,Yes,Yes,Yes,No,Yes,No,One year,No,Credit card (automatic),63.47,2787.49,No
CUST-2034,Male,0,No,No,33,Yes,Yes,DSL,No,No,No,No,Yes,No,Month-to-month,Yes,Mailed check,67.38,2230.0,No
CUST-2035,Female,0,No,No,56,Yes,No,Fiber optic,Yes,Yes,No,Yes,Yes,No,Two year,Yes,Credit card (automatic),109.88,6157.48,No
CUST-2036,Male,0,No,No,12,Yes,No,Fiber optic,No,No,Yes,Yes,No,No,One year,Yes,Bank transfer (automatic),87.54,1059.83,Yes
CUST-2037,Female,1,Yes,No,2,Yes,No,No,No internet service,No internet service,No internet service,No internet service,No internet service,No internet service,Month-to-month,No,Credit card (automatic),19.11,42.12,Yes
CUST-2038,Male,0,No,No,1,Yes,Yes,Fiber optic,No,No,No,No,Yes,No,Month-to-month,No,Mailed check,88.92,88.92,No
CUST-2039,Male,1,No,No,65,Yes,No,Fiber optic,No,Yes,No,No,Yes,No,Two year,Yes,Mailed check,83.3,5407.84,Yes
CUST-2040,Female,0,No,Yes,33,Yes,Yes,DSL,Yes,No,No,No,Yes,Yes,Month-to-month,Yes,Mailed check,67.25,2224.36,Yes
CUST-2041,Female,0,No,No,36,Yes,Yes,DSL,No,Yes,Yes,Yes,No,Yes,One year,Yes,Electronic check,62.02,2240.74,No
CUST-2042,Male,0,No,Yes,21,Yes,Yes,DSL,No,No,No,No,Yes,No,Month-to-month,Yes,Mailed check,62.86,1328.29,No
CUST-2043,Female,0,No,No,36,Yes,No,Fiber optic,Yes,No,No,No,Yes,Yes,One year,Yes,Credit card (automatic),91.7,3306.62,No
CUST-2044,Female,0,Yes,No,26,Yes,No,Fiber optic,No,No,No,Yes,No,No,Month-to-month,Yes,Bank transfer (automatic),90.48,2358.37,No
CUST-2045,Female,0,No,No,47,Yes,No,DSL,No,Yes,Yes,No,Yes,No,Month-to-month,Yes,Credit card (automatic),73.87,3475.14,Yes
CUST-2046,Male,0,Yes,No,1,Yes,No,DSL,No,Yes,No,No,Yes,Yes,One year,No,Electronic check,73.85,78.57,Yes
CUST-2047,Male,0,Yes,Yes,38,Yes,Yes,Fiber optic,No,No,No,No,No,No,Two year,Yes,Mailed check,82.29,3119.34,No
CUST-2048,Female,0,Yes,No,14,Yes,Yes,DSL,No,No,No,No,No,No,One year,Yes,Electronic check,60.07,837.56,No
CUST-2049,Male,1,Yes,No,46,Yes,No,Fiber optic,No,Yes,No,No,Yes,No,Month-to-month,No,Bank transfer (automatic),98.05,4509.46,Yes
CUST-2050,Female,0,Yes,No,42,Yes,No,DSL,No,Yes,Yes,Yes,Yes,No,Month-to-month,Yes,Credit card (automatic),71.79,3018.47,Yes
CUST-2051,Female,1,Yes,No,7,Yes,No,Fiber optic,No,No,No,No,Yes,No,Month-to-month,No,Bank transfer (automatic),92.77,647.74,Yes
CUST-2052,Female,0,No,No,55,Yes,Yes,Fiber optic,No,No,Yes,No,Yes,No,One year,No,Electronic check,91.6,5035.5,Yes
CUST-2053,Female,0,No,No,56,Yes,Yes,Fiber optic,Yes,No,No,Yes,Yes,Yes,One year,Yes,Electronic check,106.38,5958.55,Yes
CUST-2054,Female,1,No,No,63,Yes,Yes,DSL,No,Yes,No,No,Yes,Yes,One year,Yes,Bank transfer (automatic),62.6,3941.69,No
CUST-2055,Male,0,Yes,No,24,Yes,No,DSL,No,No,Yes,No,No,Yes,One year,Yes,Bank transfer (automatic),41.26,981.69,No
CUST-2056,Female,0,No,No,4,Yes,No,Fiber optic,No,Yes,Yes,No,No,No,Month-to-month,Yes,Electronic check,72.25,298.39,Yes
CUST-2057,Male,0,No,No,42,Yes,Yes,Fiber optic,No,Yes,No,Yes,No,Yes,Month-to-month,Yes,Mailed check,86.63,3646.98,No
CUST-2058,Male,1,Yes,No,70,Yes,Yes,Fiber optic,No,Yes,No,No,No,No,Month-to-month,Yes,Mailed check,78.48,5484.38,No
CUST-2059,Female,0,No,Yes,28,Yes,Yes,Fiber optic,Yes,No,Yes,Yes,No,Yes,Month-to-month,No,Electronic check,88.58,2480.82,No
CUST-2060,Female,0,No,No,40,Yes,No,DSL,Yes,Yes,No,No,Yes,No,Month-to-month,Yes,Bank transfer (automatic),71.21,2852.66,No
CUST-2061,Female,0,Yes,Yes,51,Yes,No,Fiber optic,No,Yes,No,No,Yes,No,One year,No,Bank transfer (automatic),98.91,5046.61,No
CUST-2062,Female,0,No,Yes,29,Yes,No,Fiber optic,Yes,Yes,No,No,No,No,Month-to-month,No,Electronic check,70.89,2052.88,Yes
CUST-2063,Male,0,No,Yes,42,No,No phone service,Fiber optic,No,No,Yes,No,No,No,Month-to-month,Yes,Bank transfer (automatic),69.72,2934.31,Yes
CUST-2064,Male,0,Yes,Yes,69,Yes,No,No,No internet service,No internet service,No internet service,No internet service,No internet service,No internet service,Month-to-month,Yes,Electronic check,22.45,1551.34,No
CUST-2065,Female,0,Yes,No,5,Yes,Yes,DSL,No,Yes,No,Yes,No,No,Month-to-month,No,Bank transfer (automatic),68.03,334.93,Yes
CUST-2066,Male,0,Yes,Yes,41,Yes,No,Fiber optic,No,No,No,No,Yes,No,One year,Yes,Mailed check,90.55,3714.77,Yes
CUST-2067,Male,0,Yes,Yes,61,Yes,No,No,No internet service,No internet service,No internet service,No internet service,No internet service,No internet service,One year,No,Credit card (automatic),18.5,1123.99,No
CUST-2068,Male,0,No,Yes,55,Yes,Yes,DSL,No,No,Yes,No,No,No,One year,Yes,Mailed check,51.69,2844.87,No
CUST-2069,Male,0,No,Yes,28,No,No phone service,DSL,Yes,Yes,No,No,No,Yes,Month-to-month,No,Electronic check,48.93,1375.33,Yes
CUST-2070,Male,1,Yes,Yes,41,Yes,No,Fiber optic,Yes,Yes,Yes,No,Yes,No,Month-to-month,No,Credit card (automatic),93.49,3829.14,Yes
CUST-2071,Male,0,No,No,9,Yes,No,DSL,No,Yes,No,No,No,No,One year,Yes,Bank transfer (automatic),48.87,435.48,Yes
CUST-2072,Male,0,Yes,No,29,Yes,No,Fiber optic,Yes,No,Yes,No,No,No,Two year,No,Electronic check,79.15,2299.88,No
CUST-2073,Male,0,Yes,No,38,Yes,No,DSL,Yes,Yes,No,Yes,No,No,Month-to-month,Yes,Electronic check,69.17,2628.63,No
CUST-2074,Female,0,Yes,No,62,No,No phone service,Fiber optic,Yes,Yes,Yes,No,No,Yes,Month-to-month,Yes,Electronic check,72.08,4461.74,No
CUST-2075,Male,0,No,Yes,54,Yes,No,DSL,No,No,Yes,No,No,No,Month-to-month,No,Credit card (automatic),53.71,2901.25,Yes
CUST-2076,Male,0,Yes,Yes,52,Yes,No,DSL,No,Yes,No,Yes,No,Yes,One year,No,Electronic check,67.63,3520.02,No
CUST-2077,Female,0,Yes,Yes,34,Yes,Yes,No,No internet service,No internet service,No internet service,No internet service,No internet service,No internet service,One year,Yes,Mailed check,19.17,651.61,No
CUST-2078,Male,0,Yes,No,37,Yes,Yes,Fiber optic,No,No,No,Yes,Yes,No,Two year,No,Bank transfer (automatic),110.98,4108.74,Yes
CUST-2079,Female,0,No,Yes,49,Yes,Yes,DSL,No,Yes,No,No,Yes,No,One year,Yes,Bank transfer (automatic),58.62,2869.68,No
CUST-2080,Female,0,No,No,42,Yes,No,DSL,Yes,No,No,Yes,No,No,Month-to-month,Yes,Credit card (automatic),62.84,2646.84,No
CUST-2081,Male,1,Yes,Yes,14,Yes,Yes,Fiber optic,No,Yes,Yes,No,Yes,No,One year,Yes,Mailed check,95.83,1336.42,No
CUST-2082,Male,0,Yes,Yes,33,Yes,No,Fiber optic,No,No,No,No,No,No,Two year,No,Mailed check,75.91,2500.66,No
CUST-2083,Female,0,No,No,17,Yes,No,Fiber optic,Yes,No,No,No,No,Yes,One year,Yes,Electronic check,74.32,1268.91,No
CUST-2084,Female,0,No,No,32,Yes,Yes,Fiber optic,No,No,No,No,No,Yes,Month-to-month,Yes,Bank transfer (automatic),73.65,2347.96,Yes
CUST-2085,Male,0,Yes,No,68,Yes,No,DSL,No,Yes,Yes,Yes,Yes,Yes,Month-to-month,No,Mailed check,76.02,5179.11,Yes
CUST-2086,Female,0,No,No,39,Yes,Yes,Fiber optic,No,Yes,Yes,No,Yes,No,Month-to-month,Yes,Electronic check,96.91,3782.07,Yes
CUST-2087,Male,0,No,No,10,Yes,Yes,Fiber optic,No,No,Yes,Yes,No,No,Two year,Yes,Mailed check,90.92,915.35,No
CUST-2088,Female,0,Yes,No,24,Yes,Yes,Fiber optic,Yes,Yes,No,Yes,Yes,No,One year,No,Bank transfer (automatic),105.17,2525.76,Yes
CUST-2089,Male,0,No,No,58,Yes,No,Fiber optic,No,Yes,No,No,Yes,No,Two year,Yes,Bank transfer (automatic),95.51,5545.31,No
CUST-2090,Female,0,No,Yes,69,No,No phone service,Fiber optic,No,No,No,Yes,No,No,Month-to-month,Yes,Mailed check,95.58,6593.7,Yes
CUST-2091,Female,0,No,No,64,Yes,No,Fiber optic,Yes,No,No,No,No,No,Two year,No,Electronic check,76.16,4875.77,No
CUST-2092,Female,0,Yes,No,19,Yes,Yes,Fiber optic,Yes,No,Yes,Yes,No,No,Month-to-month,No,Bank transfer (automatic),102.35,1947.89,No
CUST-2093,Female,0,Yes,No,8,Yes,No,Fiber optic,No,No,Yes,No,No,No,Month-to-month,No,Bank transfer (automatic),68.11,552.92,Yes
CUST-2094,Male,0,Yes,No,71,Yes,No,Fiber optic,Yes,Yes,Yes,No,No,Yes,Month-to-month,Yes,Mailed check,83.29,5904.29,Yes
CUST-2095,Male,0,Yes,No,40,Yes,Yes,Fiber optic,Yes,Yes,Yes,Yes,Yes,No,Month-to-month,No,Electronic check,107.43,4289.38,Yes
CUST-2096,Male,0,No,No,13,Yes,Yes,Fiber optic,Yes,No,Yes,No,No,Yes,Two year,No,Electronic check,78.81,1028.34,Yes
CUST-2097,Male,1,No,No,27,Yes,Yes,DSL,Yes,Yes,Yes,Yes,No,No,Month-to-month,Yes,Electronic check,58.86,1586.11,No
CUST-2098,Female,0,No,No,2,Yes,No,Fiber optic,Yes,No,Yes,Yes,No,Yes,Month-to-month,Yes,Credit card (automatic),85.03,173.61,Yes
CUST-2099,Male,1,No,No,16,Yes,No,Fiber optic,No,No,No,Yes,No,Yes,Two year,Yes,Bank transfer (automatic),89.49,1426.39,No
CUST-2100,Male,0,Yes,No,14,Yes,Yes,No,No internet service,No internet service,No internet service,No internet service,No internet service,No internet service,One year,No,Credit card (automatic),21.67,305.95,No
CUST-2101,Female,0,No,Yes,17,Yes,Yes,DSL,No,No,Yes,No,Yes,Yes,Month-to-month,No,Credit card (automatic),66.63,1132.27,No
CUST-2102,Female,0,No,No,60,Yes,Yes,DSL,No,Yes,No,Yes,No,No,Month-to-month,No,Mailed check,64.21,3845.06,No
CUST-2103,Female,1,Yes,Yes,70,Yes,Yes,DSL,No,Yes,No,No,No,Yes,One year,Yes,Mailed check,46.84,3287.39,No
CUST-2104,Female,0,No,No,17,Yes,No,DSL,No,No,No,No,Yes,Yes,Month-to-month,No,Electronic check,65.68,1122.4,No
CUST-2105,Male,0,Yes,No,45,Yes,Yes,DSL,No,Yes,Yes,Yes,No,No,Month-to-month,No,Bank transfer (automatic),55.94,2522.92,No
CUST-2106,Male,0,No,No,38,Yes,No,Fiber optic,Yes,Yes,Yes,No,No,Yes,Month-to-month,Yes,Mailed check,85.74,3262.06,Yes
CUST-2107,Female,0,No,No,64,Yes,No,No,No internet service,No internet service,No internet service,No internet service,No internet service,No internet service,Month-to-month,Yes,Electronic check,19.23,1221.15,Yes
CUST-2108,Female,0,Yes,Yes,6,Yes,Yes,Fiber optic,No,Yes,No,No,No,Yes,One year,No,Electronic check,71.04,426.33,No
CUST-2109,Male,1,No,Yes,60,Yes,Yes,DSL,No,Yes,No,Yes,No,No,Two year,No,Bank transfer (automatic),61.41,3689.62,No
CUST-2110,Female,1,No,No,49,Yes,Yes,Fiber optic,No,No,No,Yes,No,No,One year,Yes,Mailed check,84.4,4129.93,No
CUST-2111,Male,0,Yes,Yes,21,Yes,No,Fiber optic,No,No,No,No,No,Yes,One year,No,Electronic check,80.2,1686.51,Yes
CUST-2112,Male,1,Yes,No,23,Yes,No,DSL,No,Yes,No,Yes,Yes,Yes,One year,Yes,Credit card (automatic),82.58,1907.93,No
CUST-2113,Female,0,Yes,No,57,Yes,No,DSL,Yes,Yes,No,Yes,Yes,Yes,One year,Yes,Bank transfer (automatic),79.39,4530.29,No
CUST-2114,Female,0,No,No,64,Yes,No,Fiber optic,Yes,No,No,No,Yes,Yes,One year,Yes,Electronic check,89.28,5714.87,No
CUST-2115,Female,0,No,No,29,Yes,Yes,Fiber optic,Yes,No,No,No,Yes,Yes,Two year,No,Electronic check,88.0,2548.2,No
CUST-2116,Male,0,No,No,27,Yes,Yes,Fiber optic,Yes,No,Yes,No,No,No,One year,No,Bank transfer (automatic),64.87,1754.22,No
CUST-2117,Female,1,No,No,6,Yes,Yes,DSL,Yes,Yes,No,No,No,Yes,Month-to-month,Yes,Electronic check,53.91,327.75,Yes
CUST-2118,Male,0,No,Yes,21,Yes,No,Fiber optic,No,No,No,Yes,Yes,Yes,One year,Yes,Bank transfer (automatic),105.03,2208.39,No
CUST-2119,Male,0,Yes,Yes,71,No,No phone service,DSL,No,Yes,Yes,Yes,No,No,Month-to-month,No,Mailed check,67.99,4832.4,No
CUST-2120,Female,0,No,No,41,Yes,Yes,Fiber optic,No,No,No,Yes,No,Yes,One year,No,Credit card (automatic),94.54,3871.72,No
CUST-2121,Female,0,Yes,No,5,No,No phone service,Fiber optic,No,Yes,Yes,Yes,Yes,No,Two year,Yes,Credit card (automatic),110.25,551.41,Yes
CUST-2122,Female,0,Yes,Yes,15,Yes,No,DSL,Yes,Yes,No,No,No,No,Month-to-month,Yes,Bank transfer (automatic),50.76,762.37,Yes
CUST-2123,Female,1,No,No,21,Yes,No,DSL,No,No,No,Yes,Yes,Yes,One year,No,Electronic check,80.7,1686.5,No
CUST-2124,Female,0,Yes,No,58,Yes,Yes,DSL,No,No,No,Yes,Yes,No,Month-to-month,Yes,Mailed check,85.6,4958.33,Yes
CUST-2125,Female,0,No,No,4,Yes,No,DSL,No,No,Yes,No,No,No,One year,Yes,Electronic check,49.48,194.05,Yes
CUST-2126,Male,0,No,No,69,Yes,No,DSL,Yes,No,Yes,No,No,Yes,One year,No,Mailed check,56.59,3895.67,No
CUST-2127,Male,0,Yes,No,7,Yes,Yes,Fiber optic,No,No,No,Yes,Yes,No,One year,Yes,Credit card (automatic),110.43,767.68,No
CUST-2128,Male,0,Yes,No,35,Yes,Yes,Fiber optic,No,No,No,No,Yes,No,Month-to-month,Yes,Electronic check,87.34,3057.34,No
CUST-2129,Male,0,No,No,36,No,No phone service,Fiber optic,No,Yes,No,No,Yes,Yes,Two year,Yes,Credit card (automatic),86.58,3117.71,No
CUST-2130,Female,0,No,No,15,No,No phone service,Fiber optic,No,Yes,No,Yes,Yes,No,Month-to-month,Yes,Credit card (automatic),99.43,1486.44,No
CUST-2131,Male,0,Yes,No,2,Yes,Yes,Fiber optic,No,No,Yes,No,No,Yes,One year,No,Credit card (automatic),79.46,167.85,No
CUST-2132,Male,0,Yes,No,57,Yes,No,No,No internet service,No internet service,No internet service,No internet service,No internet service,No internet service,One year,No,Credit card (automatic),18.5,1053.84,No
CUST-2133,Male,0,No,Yes,5,Yes,Yes,DSL,No,Yes,No,No,No,Yes,One year,Yes,Mailed check,36.7,186.25,No
CUST-2134,Female,0,No,Yes,71,Yes,No,Fiber optic,No,No,No,No,No,Yes,Month-to-month,No,Electronic check,76.88,5449.09,Yes
CUST-2135,Male,0,Yes,No,32,Yes,No,DSL,No,No,Yes,Yes,No,Yes,One year,Yes,Bank transfer (automatic),57.48,1837.34,No
CUST-2136,Female,0,Yes,No,72,Yes,No,DSL,No,No,No,Yes,No,No,Two year,No,Bank transfer (automatic),59.75,4302.84,No
CUST-2137,Male,1,No,No,41,Yes,Yes,Fiber optic,No,Yes,Yes,No,No,Yes,Month-to-month,Yes,Electronic check,75.9,3108.15,Yes
CUST-2138,Male,0,No,No,42,Yes,No,Fiber optic,No,No,Yes,No,No,No,Month-to-month,Yes,Bank transfer (automatic),67.42,2825.07,Yes
CUST-2139,Female,0,No,Yes,65,Yes,Yes,Fiber optic,Yes,Yes,No,Yes,No,No,Month-to-month,No,Electronic check,83.28,5407.22,Yes
CUST-2140,Female,0,No,No,40,No,No phone service,DSL,No,Yes,No,Yes,No,No,Two year,Yes,Bank transfer (automatic),72.92,2916.13,No
CUST-2141,Male,0,No,Yes,38,Yes,Yes,DSL,Yes,Yes,No,No,No,No,One year,Yes,Credit card (automatic),51.97,1966.28,No
CUST-2142,Female,0,Yes,No,42,Yes,No,Fiber optic,Yes,No,Yes,No,Yes,No,One year,Yes,Mailed check,94.66,3970.41,No
CUST-2143,Female,1,No,No,37,Yes,Yes,DSL,No,Yes,Yes,Yes,No,Yes,Two year,Yes,Bank transfer (automatic),62.03,2299.5,No
CUST-2144,Male,0,Yes,No,56,Yes,No,DSL,No,Yes,No,No,Yes,No,Month-to-month,Yes,Bank transfer (automatic),73.6,4115.89,No
CUST-2145,Female,0,No,Yes,71,Yes,No,DSL,No,No,No,Yes,Yes,Yes,One year,Yes,Electronic check,64.61,4579.65,No
CUST-2146,Female,0,Yes,No,55,Yes,No,No,No internet service,No internet service,No internet service,No internet service,No internet service,No internet service,One year,No,Electronic check,18.5,1009.18,No
CUST-2147,Female,0,Yes,No,54,Yes,No,DSL,No,No,No,No,Yes,No,Two year,No,Bank transfer (automatic),56.38,3054.29,No
CUST-2148,Female,0,No,No,22,No,No phone service,Fiber optic,No,No,No,Yes,Yes,No,Month-to-month,Yes,Electronic check,100.41,2200.76,No
CUST-2149,Female,1,No,No,27,Yes,No,Fiber optic,Yes,No,Yes,No,No,No,Month-to-month,Yes,Credit card (automatic),80.89,2182.7,No
CUST-2150,Female,0,Yes,No,47,Yes,Yes,Fiber optic,No,No,No,No,No,No,Month-to-month,Yes,Credit card (automatic),84.81,3986.29,Yes
CUST-2151,Female,0,No,No,38,Yes,No,Fiber optic,Yes,No,No,No,Yes,No,Month-to-month,Yes,Mailed check,90.71,3456.27,Yes
CUST-2152,Female,0,Yes,No,39,Yes,No,Fiber optic,No,No,No,Yes,No,No,Month-to-month,Yes,Electronic check,92.8,3627.02,Yes
CUST-2153,Female,0,Yes,Yes,15,Yes,No,No,No internet service,No internet service,No internet service,No internet service,No internet service,No internet service,Month-to-month,No,Bank transfer (automatic),18.5,272.25,No
CUST-2154,Female,0,No,No,66,Yes,Yes,Fiber optic,Yes,No,Yes,Yes,No,No,Month-to-month,Yes,Bank transfer (automatic),92.55,6099.99,Yes
CUST-2155,Female,0,Yes,No,61,Yes,Yes,DSL,No,Yes,Yes,No,No,No,Two year,Yes,Electronic check,46.68,2846.24,No
CUST-2156,Male,0,No,No,60,Yes,Yes,DSL,Yes,Yes,No,Yes,No,No,Two year,Yes,Electronic check,59.59,3567.42,No
CUST-2157,Female,0,Yes,Yes,8,Yes,Yes,No,No internet service,No internet service,No internet service,No internet service,No internet service,No internet service,Month-to-month,No,Bank transfer (automatic),18.5,155.42,No
CUST-2158,Female,0,No,Yes,44,Yes,Yes,Fiber optic,Yes,Yes,Yes,No,No,No,One year,No,Credit card (automatic),74.14,3266.24,No
CUST-2159,Male,0,No,Yes,43,Yes,No,Fiber optic,Yes,No,Yes,Yes,No,No,Two year,No,Electronic check,96.43,4155.37,No
CUST-2160,Female,0,Yes,No,6,Yes,Yes,Fiber optic,No,No,No,No,No,No,Month-to-month,Yes,Bank transfer (automatic),67.07,403.81,Yes
CUST-2161,Male,0,Yes,No,27,Yes,Yes,Fiber optic,No,Yes,No,No,No,Yes,Month-to-month,Yes,Credit card (automatic),69.81,1882.16,No
CUST-2162,Male,0,No,No,45,Yes,No,DSL,No,No,No,Yes,No,No,Month-to-month,Yes,Electronic check,71.02,3195.91,No
CUST-2163,Female,0,No,No,23,No,No phone service,DSL,No,No,No,Yes,Yes,Yes,Month-to-month,Yes,Mailed check,73.75,1689.47,No
CUST-2164,Male,0,Yes,No,13,Yes,Yes,Fiber optic,No,No,Yes,No,No,No,Two year,No,Credit card (automatic),65.63,852.45,No
CUST-2165,Female,0,No,No,68,Yes,No,DSL,Yes,No,No,Yes,No,Yes,Month-to-month,Yes,Mailed check,76.77,5230.33,No
CUST-2166,Female,0,Yes,No,64,Yes,No,DSL,No,Yes,No,No,Yes,Yes,One year,No,Electronic check,59.38,3804.13,No
CUST-2167,Female,1,Yes,No,25,Yes,No,Fiber optic,Yes,No,Yes,No,Yes,No,Month-to-month,Yes,Bank transfer (automatic),89.17,2220.5,No
CUST-2168,Male,0,No,No,52,Yes,No,DSL,No,No,Yes,No,No,No,Month-to-month,No,Mailed check,48.88,2546.27,Yes
CUST-2169,Male,0,Yes,No,48,Yes,No,DSL,No,Yes,No,No,Yes,Yes,Month-to-month,No,Bank transfer (automatic),71.92,3444.17,No
CUST-2170,Female,0,No,Yes,61,Yes,Yes,Fiber optic,Yes,No,No,No,Yes,Yes,Month-to-month,No,Electronic check,90.4,5512.21,Yes
CUST-2171,Female,0,No,No,17,Yes,No,Fiber optic,No,Yes,Yes,No,Yes,No,Two year,Yes,Mailed check,91.58,1562.59,No
CUST-2172,Female,0,No,No,40,Yes,No,DSL,Yes,No,Yes,No,No,No,Two year,Yes,Mailed check,53.7,2140.56,No
CUST-2173,Male,0,No,No,69,Yes,Yes,Fiber optic,No,Yes,Yes,No,Yes,No,Month-to-month,No,Credit card (automatic),94.21,6496.34,No
CUST-2174,Female,0,No,No,26,Yes,Yes,Fiber optic,No,Yes,No,Yes,Yes,Yes,Month-to-month,Yes,Bank transfer (automatic),109.67,2845.33,Yes
CUST-2175,Female,0,No,Yes,56,Yes,No,DSL,No,Yes,Yes,Yes,Yes,No,One year,Yes,Bank transfer (automatic),86.84,4870.44,No
CUST-2176,Female,0,No,No,40,No,No phone service,DSL,No,No,No,No,Yes,Yes,Month-to-month,No,Electronic check,61.59,2456.56,Yes
CUST-2177,Male,0,No,No,68,Yes,No,DSL,No,No,No,Yes,No,Yes,One year,Yes,Credit card (automatic),60.22,4095.68,No
CUST-2178,Female,0,No,No,8,Yes,Yes,Fiber optic,Yes,No,Yes,Yes,Yes,Yes,One year,Yes,Electronic check,102.65,816.71,Yes
CUST-2179,Female,0,Yes,Yes,45,Yes,No,Fiber optic,Yes,Yes,No,No,No,No,One year,No,Electronic check,71.2,3204.15,No
CUST-2180,Female,0,No,No,17,Yes,No,Fiber optic,Yes,Yes,No,No,Yes,No,Month-to-month,Yes,Electronic check,93.98,1591.01,No
CUST-2181,Male,0,No,No,41,Yes,No,No,No internet service,No internet service,No internet service,No internet service,No internet service,No internet service,Two year,Yes,Credit card (automatic),18.5,763.65,No
CUST-2182,Female,0,No,No,9,Yes,No,DSL,No,Yes,No,No,No,Yes,Month-to-month,Yes,Bank transfer (automatic),56.52,511.54,No
CUST-2183,Female,1,No,Yes,70,Yes,No,DSL,Yes,No,Yes,Yes,No,Yes,Month-to-month,No,Credit card (automatic),67.37,4706.77,No
CUST-2184,Male,0,No,Yes,24,Yes,No,DSL,No,No,No,No,No,Yes,Month-to-month,Yes,Electronic check,41.66,1008.79,No
CUST-2185,Female,0,No,No,11,Yes,No,DSL,No,Yes,Yes,Yes,Yes,Yes,Two year,Yes,Bank transfer (automatic),80.17,889.73,No
CUST-2186,Female,0,Yes,No,35,Yes,No,Fiber optic,No,Yes,Yes,No,No,No,Month-to-month,Yes,Mailed check,76.67,2679.41,Yes
CUST-2187,Male,0,No,No,29,Yes,No,Fiber optic,No,Yes,No,Yes,No,No,Two year,Yes,Bank transfer (automatic),94.45,2734.89,No
CUST-2188,Male,0,Yes,No,8,Yes,Yes,DSL,No,No,No,No,Yes,Yes,Month-to-month,Yes,Mailed check,64.74,517.9,No
CUST-2189,Female,0,No,No,17,Yes,Yes,DSL,No,Yes,No,No,Yes,No,Month-to-month,Yes,Bank transfer (automatic),64.99,1107.21,Yes
CUST-2190,Male,0,No,No,71,Yes,Yes,DSL,No,No,Yes,No,No,No,One year,Yes,Credit card (automatic),49.38,3501.8,No
CUST-2191,Female,0,Yes,Yes,12,Yes,No,No,No internet service,No internet service,No internet service,No internet service,No internet service,No internet service,Two year,No,Bank transfer (automatic),25.68,314.07,No
CUST-2192,Male,0,Yes,No,50,Yes,No,Fiber optic,No,No,Yes,No,No,No,Two year,Yes,Credit card (automatic),84.44,4213.57,No
CUST-2193,Female,1,No,No,24,Yes,No,Fiber optic,No,No,No,Yes,Yes,No,Month-to-month,Yes,Credit card (automatic),106.49,2553.72,Yes
CUST-2194,Male,0,Yes,No,37,Yes,No,DSL,Yes,Yes,No,No,No,No,Two year,Yes,Credit card (automatic),47.06,1742.34,No
CUST-2195,Female,0,Yes,No,11,Yes,No,DSL,Yes,Yes,No,No,No,Yes,Month-to-month,Yes,Bank transfer (automatic),51.91,577.0,Yes
CUST-2196,Female,0,No,No,59,Yes,Yes,DSL,No,No,Yes,Yes,No,Yes,Month-to-month,No,Mailed check,74.4,4397.04,No
CUST-2197,Female,1,Yes,Yes,55,Yes,Yes,No,No internet service,No internet service,No internet service,No internet service,No internet service,No internet service,Month-to-month,No,Electronic check,20.04,1097.09,No
CUST-2198,Female,0,No,No,27,Yes,No,Fiber optic,No,Yes,Yes,No,Yes,Yes,Month-to-month,No,Credit card (automatic),86.47,2329.51,No
CUST-2199,Male,0,No,No,67,Yes,No,Fiber optic,No,Yes,No,No,Yes,Yes,One year,Yes,Electronic check,98.01,6564.04,Yes
CUST-2200,Female,0,Yes,No,60,Yes,No,Fiber optic,No,Yes,No,No,Yes,No,One year,No,Electronic check,91.17,5468.75,Yes
CUST-2201,Male,0,Yes,No,2,Yes,Yes,Fiber optic,No,Yes,Yes,No,No,Yes,Two year,No,Mailed check,75.52,158.01,No
CUST-2202,Male,1,No,Yes,68,Yes,Yes,DSL,Yes,Yes,Yes,Yes,Yes,No,One year,Yes,Bank transfer (automatic),72.6,4926.95,No
CUST-2203,Male,0,No,No,18,Yes,No,DSL,No,No,No,Yes,Yes,No,Month-to-month,Yes,Bank transfer (automatic),80.58,1454.14,No
CUST-2204,Male,0,No,No,20,Yes,No,Fiber optic,No,No,Yes,No,Yes,Yes,Two year,No,Bank transfer (automatic),94.37,1881.8,No
CUST-2205,Female,1,No,Yes,63,Yes,No,DSL,Yes,No,Yes,No,No,No,Month-to-month,Yes,Bank transfer (automatic),47.51,3000.78,No
CUST-2206,Female,0,No,No,72,Yes,Yes,DSL,No,Yes,No,No,Yes,No,Month-to-month,No,Credit card (automatic),63.85,4593.55,No
CUST-2207,Male,0,Yes,Yes,2,No,No phone service,Fiber optic,No,No,No,No,Yes,No,Month-to-month,No,Bank transfer (automatic),90.21,181.17,Yes
CUST-2208,Male,0,Yes,No,42,Yes,Yes,No,No internet service,No internet service,No internet service,No internet service,No internet service,No internet service,Month-to-month,Yes,Credit card (automatic),20.37,852.12,No
CUST-2209,Female,0,Yes,No,28,Yes,No,No,No internet service,No internet service,No internet service,No internet service,No internet service,No internet service,Month-to-month,Yes,Mailed check,21.02,587.07,No
CUST-2210,Male,0,Yes,No,29,Yes,Yes,DSL,Yes,No,No,No,No,No,One year,Yes,Electronic check,58.75,1704.19,No
CUST-2211,Male,0,No,Yes,69,Yes,Yes,DSL,No,No,Yes,Yes,No,No,Month-to-month,Yes,Bank transfer (automatic),62.64,4327.11,No
CUST-2212,Male,0,No,No,28,Yes,No,Fiber optic,No,No,No,No,Yes,Yes,Two year,Yes,Electronic check,86.71,2420.3,No
CUST-2213,Female,0,Yes,No,60,Yes,No,Fiber optic,Yes,No,Yes,No,Yes,Yes,Two year,No,Credit card (automatic),85.94,5153.44,No
CUST-2214,Female,0,No,No,5,Yes,No,No,No internet service,No internet service,No internet service,No internet service,No internet service,No internet service,Month-to-month,No,Bank transfer (automatic),18.5,95.29,Yes
CUST-2215,Male,0,Yes,No,15,Yes,No,Fiber optic,No,Yes,No,No,No,No,One year,No,Bank transfer (automatic),69.57,1045.33,No
CUST-2216,Male,0,Yes,Yes,32,Yes,Yes,Fiber optic,No,Yes,No,Yes,Yes,Yes,Month-to-month,Yes,Electronic check,103.89,3330.1,No
CUST-2217,Female,0,No,No,52,Yes,Yes,DSL,No,No,No,No,Yes,No,Month-to-month,Yes,Bank transfer (automatic),69.03,3597.34,No
CUST-2218,Female,0,Yes,No,37,Yes,Yes,DSL,No,Yes,Yes,No,No,No,Two year,Yes,Mailed check,55.05,2028.73,Yes
CUST-2219,Male,0,Yes,No,15,Yes,No,DSL,No,Yes,Yes,No,Yes,Yes,Month-to-month,Yes,Electronic check,59.74,900.38,No
CUST-2220,Female,0,Yes,No,41,Yes,Yes,Fiber optic,No,No,No,No,No,Yes,Month-to-month,Yes,Credit card (automatic),73.14,2994.42,No
CUST-2221,Male,0,Yes,No,4,Yes,No,DSL,No,No,Yes,No,No,No,Month-to-month,Yes,Mailed check,52.68,210.35,No
CUST-2222,Male,0,No,No,53,Yes,Yes,Fiber optic,No,No,No,No,No,No,Two year,No,Electronic check,71.99,3818.03,No
CUST-2223,Female,0,No,No,27,Yes,No,Fiber optic,No,No,No,Yes,No,Yes,Month-to-month,Yes,Electronic check,94.75,2551.26,Yes
CUST-2224,Male,0,Yes,Yes,21,Yes,No,DSL,No,Yes,No,No,No,No,Month-to-month,No,Electronic check,49.12,1028.45,No
CUST-2225,Female,0,Yes,No,60,Yes,No,No,No internet service,No internet service,No internet service,No internet service,No internet service,No internet service,Two year,No,Electronic check,18.5,1119.52,No
CUST-2226,Male,0,No,Yes,64,Yes,Yes,Fiber optic,No,No,Yes,Yes,Yes,No,Month-to-month,Yes,Electronic check,106.86,6831.77,Yes
CUST-2227,Male,1,No,No,71,Yes,No,No,No internet service,No internet service,No internet service,No internet service,No internet service,No internet service,Month-to-month,No,Mailed check,23.92,1689.99,No
CUST-2228,Female,0,Yes,Yes,47,Yes,Yes,No,No internet service,No internet service,No internet service,No internet service,No internet service,No internet service,Month-to-month,Yes,Bank transfer (automatic),18.5,876.24,No
CUST-2229,Male,0,Yes,No,54,Yes,No,DSL,No,No,No,No,Yes,Yes,Month-to-month,No,Credit card (automatic),62.43,3369.83,No
CUST-2230,Female,0,No,Yes,31,Yes,No,DSL,No,No,Yes,No,No,Yes,One year,No,Electronic check,46.92,1458.02,No
CUST-2231,Male,1,No,Yes,17,Yes,Yes,DSL,Yes,No,Yes,No,No,Yes,One year,Yes,Electronic check,51.54,872.29,No
CUST-2232,Male,0,Yes,No,50,No,No phone service,Fiber optic,No,Yes,Yes,No,Yes,Yes,Month-to-month,No,Electronic check,85.94,4290.97,No
CUST-2233,Male,0,No,Yes,7,Yes,No,Fiber optic,No,Yes,Yes,No,Yes,No,Month-to-month,Yes,Electronic check,89.12,618.09,No
CUST-2234,Female,0,Yes,No,28,Yes,No,No,No internet service,No internet service,No internet service,No internet service,No internet service,No internet service,Month-to-month,No,Mailed check,18.5,511.91,Yes
CUST-2235,Male,1,No,No,10,Yes,No,DSL,No,No,Yes,No,Yes,No,One year,Yes,Mailed check,63.93,634.24,No
CUST-2236,Female,0,No,Yes,27,No,No phone service,Fiber optic,No,No,Yes,Yes,No,No,Two year,Yes,Electronic check,89.74,2417.4,No
CUST-2237,Male,0,No,No,13,Yes,No,No,No internet service,No internet service,No internet service,No internet service,No internet service,No internet service,One year,Yes,Electronic check,18.5,246.77,No
CUST-2238,Female,1,Yes,No,66,Yes,Yes,Fiber optic,No,No,Yes,Yes,No,No,Month-to-month,No,Bank transfer (automatic),81.29,5365.81,Yes
CUST-2239,Male,1,Yes,No,60,Yes,Yes,DSL,No,No,Yes,Yes,No,Yes,Month-to-month,Yes,Mailed check,74.72,4479.13,No
CUST-2240,Female,1,Yes,No,43,Yes,Yes,Fiber optic,Yes,No,No,Yes,Yes,No,Month-to-month,No,Mailed check,106.9,4593.6,No
CUST-2241,Female,0,No,No,69,Yes,No,DSL,Yes,Yes,Yes,Yes,No,No,Two year,No,Credit card (automatic),61.87,4278.19,No
CUST-2242,Female,0,Yes,No,63,Yes,Yes,DSL,No,No,No,Yes,No,No,Month-to-month,Yes,Bank transfer (automatic),66.76,4199.56,Yes
CUST-2243,Female,0,Yes,Yes,70,Yes,No,DSL,Yes,No,No,No,Yes,Yes,Two year,No,Mailed check,68.97,4835.64,No
CUST-2244,Female,0,Yes,No,65,Yes,No,DSL,No,Yes,No,Yes,No,Yes,Month-to-month,Yes,Electronic check,67.36,4383.14,No
CUST-2245,Female,0,No,No,67,Yes,No,Fiber optic,No,No,No,No,Yes,Yes,Month-to-month,Yes,Mailed check,93.55,6270.12,Yes
CUST-2246,Male,0,Yes,No,54,Yes,Yes,DSL,No,No,No,No,No,No,Two year,Yes,Credit card (automatic),55.18,2982.2,No
CUST-2247,Male,0,Yes,No,36,Yes,Yes,Fiber optic,No,Yes,Yes,No,No,Yes,Month-to-month,Yes,Credit card (automatic),70.94,2552.3,Yes
CUST-2248,Female,0,Yes,No,71,Yes,Yes,DSL,No,Yes,No,Yes,No,No,Month-to-month,Yes,Mailed check,63.39,4499.47,No
CUST-2249,Female,0,No,Yes,15,Yes,Yes,DSL,No,Yes,No,Yes,Yes,Yes,Month-to-month,Yes,Electronic check,80.39,1211.77,Yes
CUST-2250,Female,0,No,No,18,Yes,Yes,DSL,No,Yes,No,No,No,No,Month-to-month,Yes,Credit card (automatic),52.02,942.58,No
CUST-2251,Male,0,No,No,4,No,No phone service,DSL,No,No,No,No,Yes,No,One year,Yes,Electronic check,66.56,267.66,Yes
CUST-2252,Male,0,No,Yes,11,Yes,Yes,DSL,Yes,Yes,No,No,No,No,Two year,Yes,Electronic check,39.45,439.32,Yes
CUST-2253,Male,0,No,Yes,6,Yes,No,Fiber optic,Yes,No,No,No,Yes,No,One year,No,Electronic check,104.21,631.46,Yes
CUST-2254,Female,0,Yes,Yes,51,Yes,Yes,No,No internet service,No internet service,No internet service,No internet service,No internet service,No internet service,Month-to-month,Yes,Bank transfer (automatic),28.35,1442.49,No
CUST-2255,Male,0,No,No,58,Yes,Yes,DSL,No,No,No,No,No,No,One year,No,Mailed check,47.23,2741.81,No
CUST-2256,Male,0,Yes,No,60,Yes,Yes,DSL,No,No,No,Yes,Yes,No,Month-to-month,Yes,Electronic check,83.37,5000.92,Yes
CUST-2257,Male,0,Yes,Yes,18,Yes,Yes,DSL,No,Yes,No,Yes,Yes,Yes,One year,No,Bank transfer (automatic),76.5,1368.96,No
CUST-2258,Male,0,No,Yes,67,Yes,Yes,No,No internet service,No internet service,No internet service,No internet service,No internet service,No internet service,Month-to-month,Yes,Bank transfer (automatic),18.5,1242.47,No
CUST-2259,Female,0,Yes,No,17,Yes,Yes,Fiber optic,Yes,No,No,No,No,Yes,Month-to-month,No,Credit card (automatic),70.56,1201.27,No
CUST-2260,Male,0,Yes,No,34,Yes,No,Fiber optic,No,No,No,Yes,No,No,One year,Yes,Electronic check,87.62,2971.13,Yes
CUST-2261,Female,1,Yes,No,30,Yes,Yes,DSL,Yes,Yes,Yes,Yes,No,No,Month-to-month,Yes,Credit card (automatic),67.26,2009.22,No
CUST-2262,Male,0,No,No,19,Yes,No,DSL,No,No,No,No,No,No,Month-to-month,No,Electronic check,52.51,992.68,Yes
CUST-2263,Male,1,Yes,No,9,Yes,Yes,DSL,No,Yes,No,No,No,No,Two year,Yes,Electronic check,48.94,447.13,Yes
CUST-2264,Male,1,No,Yes,40,Yes,No,Fiber optic,Yes,No,No,Yes,No,Yes,Month-to-month,Yes,Electronic check,81.97,3270.07,Yes
CUST-2265,Male,0,No,No,44,Yes,No,DSL,Yes,Yes,Yes,No,No,Yes,Month-to-month,No,Mailed check,52.22,2296.89,No
CUST-2266,Male,1,No,No,59,Yes,No,Fiber optic,Yes,Yes,No,No,Yes,Yes,One year,Yes,Credit card (automatic),96.97,5714.81,Yes
CUST-2267,Male,0,Yes,No,25,No,No phone service,Fiber optic,Yes,Yes,Yes,No,Yes,Yes,One year,Yes,Electronic check,88.9,2217.57,No
CUST-2268,Female,0,No,No,71,Yes,No,Fiber optic,No,No,No,Yes,No,No,Month-to-month,Yes,Credit card (automatic),89.67,6371.97,No
CUST-2269,Male,0,Yes,No,53,Yes,Yes,DSL,No,Yes,Yes,No,No,Yes,Month-to-month,Yes,Bank transfer (automatic),60.47,3211.92,No
CUST-2270,Female,0,Yes,No,48,Yes,Yes,Fiber optic,No,No,No,Yes,No,Yes,One year,No,Electronic check,94.37,4531.37,No
CUST-2271,Female,1,Yes,No,71,Yes,Yes,DSL,No,No,No,No,Yes,No,Month-to-month,No,Electronic check,60.31,4289.27,No
CUST-2272,Female,0,No,No,53,Yes,Yes,No,No internet service,No internet service,No internet service,No internet service,No internet service,No internet service,One year,Yes,Electronic check,18.5,987.64,No
CUST-2273,Male,0,Yes,No,49,Yes,Yes,DSL,No,No,Yes,No,Yes,Yes,Month-to-month,No,Bank transfer (automatic),58.86,2878.57,Yes
CUST-2274,Male,0,Yes,No,43,Yes,No,DSL,Yes,Yes,No,No,Yes,No,Month-to-month,Yes,Bank transfer (automatic),66.9,2879.6,Yes
CUST-2275,Male,0,Yes,Yes,19,Yes,Yes,DSL,No,No,No,Yes,No,Yes,One year,No,Mailed check,73.02,1392.95,No
CUST-2276,Male,0,Yes,Yes,66,Yes,Yes,Fiber optic,Yes,No,No,No,No,Yes,Month-to-month,Yes,Electronic check,77.86,5139.98,Yes
CUST-2277,Female,0,No,No,34,Yes,Yes,DSL,Yes,Yes,Yes,No,No,No,Month-to-month,Yes,Mailed check,45.19,1542.58,No
CUST-2278,Male,1,No,Yes,54,Yes,No,Fiber optic,Yes,Yes,No,No,Yes,No,Month-to-month,Yes,Bank transfer (automatic),94.28,5093.7,No
CUST-2279,Male,0,No,No,1,Yes,No,DSL,No,Yes,Yes,No,No,No,Month-to-month,Yes,Electronic check,46.03,46.03,Yes
CUST-2280,Female,0,Yes,Yes,55,Yes,No,DSL,Yes,No,Yes,Yes,Yes,No,Month-to-month,Yes,Credit card (automatic),92.48,5090.11,Yes
CUST-2281,Female,0,Yes,No,15,Yes,Yes,Fiber optic,No,Yes,No,No,Yes,No,Month-to-month,No,Electronic check,87.2,1309.76,Yes
CUST-2282,Female,0,No,No,15,Yes,Yes,DSL,No,No,No,No,Yes,Yes,Month-to-month,Yes,Bank transfer (automatic),59.66,897.4,No
CUST-2283,Male,0,Yes,No,23,Yes,No,Fiber optic,Yes,No,No,Yes,No,Yes,Two year,Yes,Electronic check,91.53,2097.1,Yes
CUST-2284,Male,0,No,Yes,66,Yes,Yes,Fiber optic,No,Yes,No,Yes,No,Yes,One year,No,Electronic check,94.45,6226.21,No
CUST-2285,Female,0,Yes,No,46,Yes,No,Fiber optic,Yes,No,No,No,No,No,Two year,Yes,Mailed check,76.82,3540.01,Yes
CUST-2286,Male,1,No,No,9,Yes,Yes,DSL,No,No,No,No,No,No,Month-to-month,No,Bank transfer (automatic),51.63,463.3,Yes
CUST-2287,Male,0,Yes,No,66,Yes,Yes,Fiber optic,No,Yes,No,Yes,Yes,No,One year,Yes,Electronic check,108.38,7147.39,Yes
CUST-2288,Male,1,Yes,Yes,66,Yes,No,No,No internet service,No internet service,No internet service,No internet service,No internet service,No internet service,Month-to-month,No,Mailed check,20.42,1339.57,No
CUST-2289,Male,0,No,Yes,18,Yes,No,Fiber optic,No,No,No,Yes,Yes,Yes,Month-to-month,Yes,Mailed check,107.02,1921.62,No
CUST-2290,Male,0,No,No,17,No,No phone service,DSL,Yes,No,No,Yes,Yes,No,Month-to-month,No,Mailed check,84.0,1423.9,No
CUST-2291,Male,0,Yes,Yes,72,Yes,No,Fiber optic,No,Yes,Yes,No,Yes,No,One year,No,Credit card (automatic),83.88,6049.02,No
CUST-2292,Female,1,No,No,34,Yes,Yes,No,No internet service,No internet service,No internet service,No internet service,No internet service,No internet service,Month-to-month,Yes,Mailed check,18.76,644.53,No
CUST-2293,Female,0,No,No,69,Yes,No,Fiber optic,No,No,No,Yes,Yes,No,Month-to-month,No,Credit card (automatic),108.59,7484.28,No
CUST-2294,Female,1,Yes,Yes,64,Yes,Yes,Fiber optic,Yes,Yes,Yes,No,No,Yes,Month-to-month,Yes,Mailed check,67.41,4319.21,Yes
CUST-2295,Male,1,Yes,No,44,Yes,Yes,Fiber optic,No,No,No,No,No,No,Month-to-month,Yes,Credit card (automatic),76.75,3378.28,No
CUST-2296,Male,0,Yes,Yes,29,Yes,Yes,DSL,No,No,Yes,No,Yes,No,Month-to-month,Yes,Mailed check,62.58,1809.39,No
CUST-2297,Male,0,Yes,No,62,Yes,No,DSL,Yes,Yes,Yes,No,Yes,No,Month-to-month,Yes,Electronic check,63.75,3957.43,Yes
CUST-2298,Female,0,No,No,16,Yes,No,DSL,Yes,No,Yes,Yes,No,Yes,One year,No,Electronic check,65.15,1033.0,No
CUST-2299,Female,0,Yes,No,52,Yes,Yes,DSL,Yes,No,No,No,No,No,One year,No,Bank transfer (automatic),42.13,2195.39,No
CUST-2300,Male,0,Yes,No,2,Yes,No,No,No internet service,No internet service,No internet service,No internet service,No internet service,No internet service,Month-to-month,Yes,Credit card (automatic),18.5,44.91,No
CUST-2301,Female,0,Yes,No,61,Yes,Yes,Fiber optic,No,No,No,Yes,No,Yes,Month-to-month,Yes,Electronic check,96.57,5898.42,No
CUST-2302,Male,0,No,No,4,Yes,Yes,Fiber optic,No,Yes,Yes,No,Yes,Yes,Month-to-month,Yes,Bank transfer (automatic),80.19,326.21,No
CUST-2303,Female,0,Yes,No,52,Yes,No,Fiber optic,Yes,Yes,Yes,No,No,No,Month-to-month,Yes,Bank transfer (automatic),83.06,4327.81,No
CUST-2304,Female,0,Yes,No,41,Yes,No,DSL,No,No,Yes,No,No,Yes,One year,Yes,Bank transfer (automatic),47.13,1936.48,No
CUST-2305,Female,0,Yes,No,52,Yes,No,DSL,No,Yes,Yes,Yes,No,No,Month-to-month,Yes,Electronic check,62.09,3232.41,No
CUST-2306,Female,0,No,Yes,31,Yes,No,No,No internet service,No internet service,No internet service,No internet service,No internet service,No internet service,Two year,Yes,Electronic check,20.48,625.4,No
CUST-2307,Female,0,Yes,Yes,26,Yes,Yes,Fiber optic,No,No,No,Yes,No,No,Month-to-month,No,Electronic check,97.2,2520.68,Yes
CUST-2308,Male,0,No,No,27,Yes,No,Fiber optic,No,No,No,No,Yes,Yes,One year,No,Electronic check,83.28,2254.19,Yes
CUST-2309,Female,0,Yes,No,51,Yes,No,No,No internet service,No internet service,No internet service,No internet service,No internet service,No internet service,Two year,Yes,Electronic check,18.5,953.45,No
CUST-2310,Male,0,Yes,No,48,Yes,Yes,DSL,Yes,No,No,Yes,Yes,Yes,Two year,No,Electronic check,83.68,4021.04,Yes
CUST-2311,Female,0,No,No,11,Yes,No,Fiber optic,No,Yes,Yes,Yes,Yes,Yes,Month-to-month,Yes,Electronic check,108.87,1199.17,Yes
CUST-2312,Female,0,Yes,Yes,8,Yes,No,Fiber optic,No,Yes,Yes,No,No,No,Month-to-month,Yes,Mailed check,84.03,665.91,Yes
CUST-2313,Female,0,No,Yes,12,Yes,Yes,DSL,Yes,No,Yes,No,No,No,One year,Yes,Credit card (automatic),44.57,543.8,No
CUST-2314,Male,0,No,Yes,45,Yes,No,DSL,Yes,Yes,No,No,Yes,Yes,Month-to-month,No,Credit card (automatic),59.1,2662.49,Yes
CUST-2315,Female,1,No,No,34,Yes,Yes,No,No internet service,No internet service,No internet service,No internet service,No internet service,No internet service,Two year,Yes,Electronic check,24.16,821.22,No
CUST-2316,Female,0,No,No,72,No,No phone service,DSL,No,No,No,Yes,Yes,Yes,One year,Yes,Electronic check,76.7,5529.63,No
CUST-2317,Female,0,Yes,No,47,Yes,No,DSL,No,Yes,No,Yes,Yes,No,Two year,Yes,Credit card (automatic),82.22,3873.41,No
CUST-2318,Male,0,Yes,Yes,21,Yes,Yes,Fiber optic,No,Yes,No,No,No,No,Month-to-month,Yes,Mailed check,78.56,1647.18,Yes
CUST-2319,Male,0,No,No,41,Yes,No,Fiber optic,Yes,No,No,No,No,No,One year,No,Credit card (automatic),66.81,2739.53,No
CUST-2320,Male,0,No,No,22,Yes,No,Fiber optic,Yes,No,No,Yes,No,Yes,Month-to-month,Yes,Mailed check,99.19,2174.48,Yes
CUST-2321,Male,0,No,No,21,Yes,Yes,No,No internet service,No internet service,No internet service,No internet service,No internet service,No internet service,One year,No,Credit card (automatic),21.78,466.58,No
CUST-2322,Female,0,Yes,No,28,Yes,Yes,No,No internet service,No internet service,No internet service,No internet service,No internet service,No internet service,Month-to-month,No,Mailed check,18.5,510.41,No
CUST-2323,Male,0,Yes,No,67,Yes,No,No,No internet service,No internet service,No internet service,No internet service,No internet service,No internet service,Month-to-month,Yes,Bank transfer (automatic),20.54,1384.76,No
CUST-2324,Female,0,No,No,71,Yes,No,DSL,No,Yes,Yes,No,Yes,Yes,Two year,No,Mailed check,66.02,4681.24,No
CUST-2325,Male,0,Yes,Yes,14,Yes,No,Fiber optic,No,Yes,No,Yes,No,Yes,One year,Yes,Electronic check,91.27,1285.96,No
CUST-2326,Male,1,Yes,Yes,52,No,No phone service,DSL,No,No,No,Yes,No,No,Month-to-month,No,Bank transfer (automatic),69.39,3607.33,Yes
CUST-2327,Female,0,Yes,Yes,43,Yes,Yes,DSL,No,No,No,No,Yes,No,Month-to-month,Yes,Electronic check,62.17,2675.15,No
CUST-2328,Female,0,No,No,71,Yes,Yes,Fiber optic,No,No,No,No,No,No,Month-to-month,Yes,Mailed check,75.83,5374.64,Yes
CUST-2329,Male,0,Yes,No,19,Yes,No,DSL,Yes,No,Yes,Yes,No,No,Month-to-month,Yes,Credit card (automatic),63.48,1204.01,No
CUST-2330,Female,0,No,Yes,27,Yes,No,No,No internet service,No internet service,No internet service,No internet service,No internet service,No internet service,Month-to-month,No,Mailed check,21.75,587.12,No
CUST-2331,Female,0,Yes,No,18,Yes,Yes,DSL,No,No,No,No,Yes,No,One year,Yes,Electronic check,65.81,1174.77,No
CUST-2332,Male,0,No,No,13,No,No phone service,Fiber optic,No,No,Yes,No,No,Yes,One year,No,Electronic check,64.85,846.27,Yes
CUST-2333,Female,0,No,No,1,Yes,No,DSL,Yes,No,Yes,Yes,No,Yes,Two year,Yes,Electronic check,61.69,68.47,Yes
CUST-2334,Female,0,Yes,No,34,Yes,Yes,DSL,Yes,Yes,Yes,No,No,Yes,Month-to-month,Yes,Electronic check,40.99,1384.16,Yes
CUST-2335,Female,0,No,No,13,Yes,Yes,Fiber optic,Yes,Yes,Yes,No,Yes,No,Two year,Yes,Electronic check,98.89,1285.42,Yes
CUST-2336,Male,0,Yes,No,51,Yes,No,DSL,No,Yes,Yes,No,No,No,Month-to-month,No,Bank transfer (automatic),54.62,2776.29,No
CUST-2337,Female,0,Yes,No,1,Yes,Yes,Fiber optic,No,No,No,No,No,Yes,One year,No,Bank transfer (automatic),68.71,76.18,Yes
CUST-2338,Male,0,No,No,28,Yes,Yes,No,No internet service,No internet service,No internet service,No internet service,No internet service,No internet service,Two year,No,Electronic check,24.2,670.82,No
CUST-2339,Male,0,Yes,No,32,Yes,No,Fiber optic,No,Yes,Yes,Yes,Yes,No,One year,Yes,Mailed check,102.74,3278.85,No
CUST-2340,Male,0,Yes,Yes,72,Yes,No,DSL,No,Yes,No,No,No,Yes,Month-to-month,Yes,Electronic check,50.88,3670.51,Yes
CUST-2341,Male,0,Yes,No,55,Yes,No,DSL,No,No,No,Yes,Yes,Yes,Month-to-month,No,Electronic check,69.87,3841.74,No
CUST-2342,Female,0,Yes,No,26,No,No phone service,DSL,Yes,Yes,No,No,Yes,No,Two year,No,Bank transfer (automatic),67.06,1735.47,No
CUST-2343,Female,0,No,No,14,Yes,No,Fiber optic,Yes,Yes,No,No,No,Yes,Two year,Yes,Credit card (automatic),77.08,1082.08,Yes
CUST-2344,Female,0,Yes,No,68,Yes,No,Fiber optic,Yes,No,No,Yes,No,Yes,Month-to-month,No,Credit card (automatic),81.03,5514.15,No
CUST-2345,Male,0,No,No,63,Yes,Yes,DSL,No,No,No,No,No,No,One year,Yes,Mailed check,56.43,3556.46,No
CUST-2346,Male,0,No,No,14,No,No phone service,Fiber optic,Yes,No,No,No,Yes,No,Two year,No,Mailed check,95.79,1337.7,No
CUST-2347,Male,1,Yes,Yes,27,Yes,Yes,DSL,Yes,No,Yes,Yes,Yes,No,Month-to-month,Yes,Mailed check,80.96,2184.41,No
CUST-2348,Female,0,Yes,No,41,Yes,No,Fiber optic,No,No,No,No,No,No,Month-to-month,Yes,Mailed check,73.03,3003.33,No
CUST-2349,Male,0,No,Yes,3,Yes,Yes,Fiber optic,Yes,Yes,No,Yes,No,Yes,Two year,Yes,Electronic check,88.53,266.28,Yes
CUST-2350,Female,0,Yes,Yes,59,Yes,No,DSL,No,Yes,No,Yes,No,No,Month-to-month,No,Bank transfer (automatic),73.23,4318.51,No
CUST-2351,Female,0,Yes,No,23,Yes,No,Fiber optic,Yes,Yes,No,No,Yes,No,One year,Yes,Bank transfer (automatic),99.12,2283.92,No
CUST-2352,Male,0,Yes,Yes,18,Yes,Yes,Fiber optic,Yes,Yes,No,Yes,No,Yes,One year,No,Mailed check,87.24,1561.84,No
CUST-2353,Female,0,No,No,41,No,No phone service,Fiber optic,No,No,No,Yes,Yes,No,Month-to-month,Yes,Mailed check,96.29,3943.69,No
CUST-2354,Male,1,No,No,8,Yes,No,Fiber optic,Yes,Yes,No,Yes,No,No,Two year,No,Credit card (automatic),89.31,709.01,No
CUST-2355,Female,1,Yes,No,32,Yes,No,No,No internet service,No internet service,No internet service,No internet service,No internet service,No internet service,Month-to-month,No,Bank transfer (automatic),26.4,848.4,No
CUST-2356,Female,0,Yes,Yes,41,No,No phone service,Fiber optic,No,No,No,Yes,Yes,No,Month-to-month,No,Credit card (automatic),101.72,4172.6,No
CUST-2357,Male,0,No,No,45,Yes,Yes,DSL,No,Yes,Yes,No,No,Yes,One year,No,Credit card (automatic),44.81,2021.64,No
CUST-2358,Male,1,No,No,9,Yes,Yes,DSL,No,No,No,Yes,Yes,No,Month-to-month,No,Credit card (automatic),89.47,803.77,No
CUST-2359,Female,0,No,No,48,Yes,No,DSL,No,No,No,Yes,No,No,Month-to-month,No,Credit card (automatic),57.71,2763.56,No
CUST-2360,Female,0,No,No,24,Yes,Yes,DSL,No,No,No,No,No,No,Month-to-month,No,Bank transfer (automatic),57.03,1362.38,Yes
CUST-2361,Male,0,Yes,Yes,44,Yes,Yes,No,No internet service,No internet service,No internet service,No internet service,No internet service,No internet service,Month-to-month,Yes,Electronic check,20.18,895.77,No
CUST-2362,Female,0,No,No,58,Yes,Yes,DSL,Yes,No,No,No,No,No,Month-to-month,Yes,Electronic check,49.67,2872.36,Yes
CUST-2363,Female,0,Yes,No,66,Yes,No,No,No internet service,No internet service,No internet service,No internet service,No internet service,No internet service,Month-to-month,No,Electronic check,22.2,1467.08,Yes
CUST-2364,Female,0,Yes,Yes,18,Yes,No,DSL,No,Yes,No,No,No,No,Two year,Yes,Electronic check,49.54,886.35,No
CUST-2365,Male,0,No,No,29,Yes,No,DSL,No,No,Yes,No,Yes,Yes,Month-to-month,No,Mailed check,64.63,1868.56,Yes
CUST-2366,Female,0,Yes,No,2,Yes,No,No,No internet service,No internet service,No internet service,No internet service,No internet service,No internet service,Month-to-month,Yes,Credit card (automatic),18.5,28.97,No
CUST-2367,Female,0,No,Yes,68,Yes,No,DSL,No,No,No,Yes,No,No,Two year,Yes,Mailed check,63.19,4306.51,No
CUST-2368,Male,0,Yes,No,39,Yes,No,Fiber optic,Yes,Yes,No,No,Yes,No,Month-to-month,No,Bank transfer (automatic),93.42,3634.6,Yes
CUST-2369,Male,0,No,Yes,41,Yes,No,No,No internet service,No internet service,No internet service,No internet service,No internet service,No internet service,One year,Yes,Credit card (automatic),18.5,751.46,No
CUST-2370,Female,0,No,No,71,Yes,Yes,No,No internet service,No internet service,No internet service,No internet service,No internet service,No internet service,One year,Yes,Electronic check,24.37,1727.57,No
CUST-2371,Male,0,Yes,No,22,Yes,No,Fiber optic,No,Yes,No,No,Yes,No,Month-to-month,Yes,Electronic check,89.08,1958.88,Yes
CUST-2372,Female,1,No,No,49,Yes,Yes,Fiber optic,No,Yes,No,Yes,Yes,Yes,Month-to-month,Yes,Credit card (automatic),99.01,4860.51,No
CUST-2373,Male,1,Yes,No,28,Yes,No,Fiber optic,No,Yes,No,Yes,No,No,Month-to-month,No,Electronic check,89.37,2497.2,Yes
CUST-2374,Male,0,No,Yes,16,No,No phone service,DSL,Yes,No,No,No,No,Yes,Two year,No,Electronic check,52.1,838.02,No
CUST-2375,Female,0,Yes,Yes,68,Yes,Yes,Fiber optic,No,Yes,No,No,No,Yes,One year,No,Electronic check,71.06,4835.21,No
CUST-2376,Male,0,No,Yes,62,Yes,No,No,No internet service,No internet service,No internet service,No internet service,No internet service,No internet service,Month-to-month,No,Electronic check,27.05,1677.45,Yes
CUST-2377,Female,0,Yes,No,36,Yes,No,Fiber optic,No,No,Yes,Yes,Yes,Yes,Month-to-month,No,Credit card (automatic),109.54,3938.76,No
CUST-2378,Male,1,Yes,No,22,Yes,Yes,DSL,Yes,No,No,No,No,Yes,One year,Yes,Bank transfer (automatic),53.17,1162.87,No
CUST-2379,Female,1,Yes,No,11,No,No phone service,Fiber optic,No,No,No,Yes,No,Yes,Month-to-month,Yes,Electronic check,88.77,970.0,Yes
CUST-2380,Male,0,Yes,Yes,42,Yes,Yes,Fiber optic,Yes,No,No,Yes,No,No,Month-to-month,Yes,Bank transfer (automatic),94.22,3954.16,No
CUST-2381,Male,0,No,No,55,Yes,Yes,DSL,No,Yes,Yes,No,No,Yes,Month-to-month,Yes,Electronic check,55.77,3060.09,Yes
CUST-2382,Female,0,No,No,35,Yes,No,Fiber optic,No,Yes,Yes,No,Yes,No,One year,Yes,Electronic check,86.98,3054.27,No
CUST-2383,Male,0,No,No,57,Yes,Yes,Fiber optic,Yes,Yes,No,No,No,No,Two year,Yes,Bank transfer (automatic),74.96,4271.64,No
CUST-2384,Female,0,Yes,No,34,Yes,No,Fiber optic,Yes,No,Yes,No,No,Yes,Month-to-month,Yes,Bank transfer (automatic),74.19,2523.24,Yes
CUST-2385,Male,0,No,Yes,70,Yes,Yes,DSL,No,No,No,Yes,No,No,Month-to-month,Yes,Mailed check,63.98,4480.93,No
CUST-2386,Female,0,Yes,Yes,4,Yes,Yes,DSL,No,No,Yes,Yes,No,Yes,Month-to-month,Yes,Bank transfer (automatic),72.01,281.96,No
CUST-2387,Male,0,No,No,46,Yes,No,Fiber optic,No,Yes,No,Yes,Yes,No,Month-to-month,No,Credit card (automatic),110.97,5104.26,No
CUST-2388,Female,0,No,No,11,Yes,No,Fiber optic,No,No,Yes,Yes,No,No,Month-to-month,Yes,Credit card (automatic),95.14,1037.8,Yes
CUST-2389,Male,0,Yes,Yes,61,Yes,Yes,DSL,No,Yes,No,Yes,Yes,Yes,Month-to-month,Yes,Bank transfer (automatic),83.0,5072.38,Yes
CUST-2390,Male,0,Yes,Yes,35,Yes,No,DSL,Yes,No,Yes,No,No,No,Month-to-month,Yes,Electronic check,50.25,1758.21,No
CUST-2391,Male,0,Yes,No,69,Yes,No,DSL,Yes,Yes,No,Yes,Yes,No,Month-to-month,Yes,Bank transfer (automatic),79.18,5454.01,No
CUST-2392,Male,0,No,No,57,Yes,Yes,Fiber optic,No,No,No,No,Yes,No,Month-to-month,No,Electronic check,92.23,5259.09,No
CUST-2393,Female,0,No,Yes,11,Yes,Yes,No,No internet service,No internet service,No internet service,No internet service,No internet service,No internet service,One year,Yes,Electronic check,18.5,195.5,Yes
CUST-2394,Male,1,No,No,12,Yes,No,Fiber optic,No,No,No,No,No,Yes,One year,Yes,Credit card (automatic),79.47,959.44,No
CUST-2395,Female,0,Yes,No,43,Yes,Yes,Fiber optic,No,No,Yes,Yes,Yes,Yes,Two year,No,Credit card (automatic),109.83,4731.76,No
CUST-2396,Male,0,No,No,19,Yes,Yes,Fiber optic,No,Yes,No,No,Yes,Yes,Month-to-month,Yes,Electronic check,85.4,1630.93,Yes
CUST-2397,Male,0,No,No,68,Yes,No,Fiber optic,Yes,Yes,Yes,No,No,No,Month-to-month,Yes,Electronic check,68.26,4640.24,Yes
CUST-2398,Female,0,Yes,Yes,59,No,No phone service,DSL,No,No,No,No,Yes,No,Month-to-month,Yes,Bank transfer (automatic),67.74,4000.91,Yes
CUST-2399,Female,1,No,No,2,Yes,Yes,Fiber optic,No,Yes,Yes,Yes,Yes,Yes,One year,Yes,Credit card (automatic),97.34,187.8,No
CUST-2400,Male,0,Yes,No,8,Yes,Yes,DSL,No,No,No,No,Yes,Yes,Month-to-month,Yes,Bank transfer (automatic),66.5,523.51,Yes
CUST-2401,Male,1,Yes,No,22,Yes,No,Fiber optic,Yes,No,Yes,No,Yes,Yes,Month-to-month,Yes,Credit card (automatic),86.16,1901.94,Yes
CUST-2402,Male,0,No,No,21,No,No phone service,DSL,Yes,No,Yes,Yes,Yes,No,Month-to-month,Yes,Credit card (automatic),72.92,1535.22,No
CUST-2403,Female,1,Yes,No,29,Yes,Yes,DSL,No,No,No,Yes,No,No,Two year,Yes,Mailed check,68.64,1998.7,No
CUST-2404,Female,0,No,No,37,Yes,No,DSL,No,No,No,No,Yes,No,Two year,Yes,Bank transfer (automatic),72.05,2674.14,No
CUST-2405,Male,1,No,No,29,No,No phone service,Fiber optic,No,No,No,No,No,No,One year,Yes,Bank transfer (automatic),73.05,2115.4,No
CUST-2406,Female,0,Yes,Yes,37,Yes,Yes,DSL,Yes,No,Yes,Yes,No,No,Month-to-month,Yes,Bank transfer (automatic),69.18,2556.03,No
CUST-2407,Female,0,No,Yes,21,Yes,No,DSL,No,No,Yes,No,Yes,No,One year,Yes,Mailed check,61.19,1283.83,No
CUST-2408,Female,0,No,No,12,Yes,No,No,No internet service,No internet service,No internet service,No internet service,No internet service,No internet service,One year,No,Bank transfer (automatic),24.47,296.95,No
CUST-2409,Female,1,Yes,No,48,Yes,Yes,Fiber optic,No,Yes,No,No,No,No,One year,Yes,Mailed check,72.58,3473.94,No
CUST-2410,Male,0,Yes,No,47,Yes,No,DSL,No,Yes,No,No,No,Yes,Two year,No,Bank transfer (automatic),57.16,2687.21,No
CUST-2411,Male,0,Yes,No,15,Yes,No,DSL,Yes,Yes,Yes,Yes,No,No,Month-to-month,Yes,Mailed check,53.77,796.94,No
CUST-2412,Male,1,Yes,No,67,Yes,Yes,DSL,No,No,Yes,No,No,No,Two year,Yes,Electronic check,47.4,3174.81,No
CUST-2413,Male,0,Yes,No,13,No,No phone service,Fiber optic,Yes,No,Yes,Yes,Yes,No,Two year,No,Bank transfer (automatic),103.2,1333.25,No
CUST-2414,Female,0,Yes,No,59,Yes,No,Fiber optic,No,Yes,No,No,Yes,No,Month-to-month,Yes,Mailed check,82.15,4848.09,Yes
CUST-2415,Female,0,Yes,No,13,Yes,Yes,DSL,Yes,No,Yes,No,Yes,Yes,One year,Yes,Electronic check,68.56,887.57,No
CUST-2416,Male,0,No,No,72,Yes,No,Fiber optic,Yes,No,No,Yes,Yes,No,Month-to-month,No,Credit card (automatic),104.79,7544.46,No
CUST-2417,Male,1,Yes,No,19,Yes,No,DSL,No,No,No,No,Yes,No,One year,No,Electronic check,68.89,1318.06,No
CUST-2418,Male,0,No,No,57,Yes,Yes,DSL,No,Yes,No,No,No,No,Month-to-month,Yes,Mailed check,46.31,2636.49,No
CUST-2419,Female,0,No,No,32,Yes,Yes,No,No internet service,No internet service,No internet service,No internet service,No internet service,No internet service,Month-to-month,No,Bank transfer (automatic),18.5,596.39,No
CUST-2420,Male,1,No,No,21,Yes,No,DSL,Yes,Yes,Yes,No,No,Yes,Month-to-month,No,Bank transfer (automatic),47.24,995.71,No
CUST-2421,Female,0,Yes,Yes,14,Yes,No,No,No internet service,No internet service,No internet service,No internet service,No internet service,No internet service,One year,Yes,Electronic check,18.5,266.38,No
CUST-2422,Male,0,No,Yes,24,Yes,Yes,Fiber optic,Yes,Yes,Yes,Yes,Yes,No,Two year,Yes,Electronic check,103.35,2477.09,No
CUST-2423,Male,0,No,No,49,Yes,No,DSL,No,Yes,No,No,Yes,No,Month-to-month,No,Electronic check,71.71,3504.91,Yes
CUST-2424,Female,0,No,No,32,Yes,Yes,Fiber optic,Yes,Yes,Yes,No,No,Yes,Month-to-month,Yes,Electronic check,76.37,2453.25,Yes
CUST-2425,Female,0,Yes,No,11,Yes,No,Fiber optic,No,Yes,No,No,No,No,Two year,No,Electronic check,78.32,858.77,Yes
CUST-2426,Male,1,Yes,Yes,60,No,No phone service,No,No internet service,No internet service,No internet service,No internet service,No internet service,No internet service,Month-to-month,Yes,Mailed check,18.5,1103.87,No
CUST-2427,Female,0,No,No,68,Yes,No,DSL,No,No,No,Yes,Yes,Yes,Two year,Yes,Electronic check,75.31,5129.36,No
CUST-2428,Female,0,Yes,No,61,Yes,No,Fiber optic,Yes,Yes,Yes,Yes,No,No,One year,No,Credit card (automatic),90.95,5541.76,No
CUST-2429,Female,0,Yes,No,5,Yes,No,DSL,Yes,Yes,Yes,No,No,No,Two year,No,Bank transfer (automatic),50.26,251.88,Yes
CUST-2430,Male,0,Yes,Yes,36,Yes,Yes,Fiber optic,No,No,Yes,No,No,Yes,Two year,No,Bank transfer (automatic),80.44,2900.95,Yes
CUST-2431,Female,1,No,No,64,No,No phone service,DSL,No,Yes,No,No,No,No,One year,Yes,Bank transfer (automatic),56.32,3609.1,No
CUST-2432,Male,1,No,No,32,Yes,Yes,DSL,No,No,No,No,No,No,Month-to-month,No,Mailed check,54.77,1743.23,No
CUST-2433,Female,0,Yes,Yes,71,Yes,No,No,No internet service,No internet service,No internet service,No internet service,No internet service,No internet service,Month-to-month,Yes,Mailed check,30.45,2156.0,No
CUST-2434,Male,0,No,No,66,Yes,Yes,DSL,No,Yes,Yes,Yes,Yes,Yes,Month-to-month,No,Credit card (automatic),80.31,5308.23,No
CUST-2435,Male,0,No,No,10,Yes,No,DSL,Yes,Yes,No,Yes,No,Yes,Two year,No,Bank transfer (automatic),68.19,682.96,No
CUST-2436,Male,0,No,No,21,Yes,No,Fiber optic,No,No,Yes,No,No,Yes,One year,Yes,Bank transfer (automatic),81.11,1707.05,Yes
CUST-2437,Female,0,No,No,40,Yes,No,Fiber optic,Yes,No,No,Yes,No,No,Month-to-month,Yes,Credit card (automatic),94.17,3764.85,Yes
CUST-2438,Male,0,No,No,42,Yes,Yes,DSL,No,No,No,Yes,No,No,Month-to-month,No,Bank transfer (automatic),70.0,2944.9,No
CUST-2439,Female,0,No,No,72,Yes,Yes,DSL,Yes,Yes,Yes,Yes,Yes,No,Month-to-month,Yes,Mailed check,80.36,5781.7,Yes
CUST-2440,Female,0,Yes,No,46,Yes,No,DSL,No,Yes,No,No,Yes,Yes,One year,No,Electronic check,64.67,2969.46,No
CUST-2441,Male,0,No,Yes,41,Yes,Yes,DSL,Yes,No,Yes,Yes,Yes,No,Month-to-month,Yes,Mailed check,78.51,3228.85,No
CUST-2442,Female,0,Yes,Yes,4,Yes,No,Fiber optic,No,No,No,Yes,No,Yes,Month-to-month,Yes,Credit card (automatic),89.02,349.23,No
CUST-2443,Male,0,Yes,No,14,Yes,No,Fiber optic,Yes,No,No,Yes,Yes,Yes,Month-to-month,Yes,Electronic check,105.24,1482.99,Yes
CUST-2444,Female,0,No,Yes,14,Yes,Yes,Fiber optic,No,Yes,No,No,Yes,No,Month-to-month,No,Electronic check,86.66,1221.77,Yes
CUST-2445,Male,0,No,No,53,Yes,Yes,Fiber optic,Yes,No,No,No,Yes,No,Month-to-month,Yes,Credit card (automatic),84.42,4478.55,Yes
CUST-2446,Female,1,No,No,29,Yes,No,Fiber optic,Yes,No,Yes,No,No,No,Month-to-month,Yes,Mailed check,69.25,2009.89,Yes
CUST-2447,Female,0,Yes,No,23,Yes,No,Fiber optic,Yes,No,Yes,Yes,No,No,Two year,No,Electronic check,96.41,2207.52,Yes
CUST-2448,Female,0,Yes,No,31,Yes,No,No,No internet service,No internet service,No internet service,No internet service,No internet service,No internet service,Month-to-month,Yes,Credit card (automatic),18.5,576.21,No
CUST-2449,Female,0,No,No,71,No,No phone service,Fiber optic,Yes,No,No,Yes,No,No,One year,Yes,Mailed check,93.01,6609.16,No
CUST-2450,Male,1,Yes,No,61,Yes,No,Fiber optic,No,No,Yes,No,No,No,Month-to-month,No,Mailed check,74.26,4534.52,No
CUST-2451,Female,1,No,Yes,23,Yes,No,DSL,No,Yes,Yes,Yes,No,No,One year,Yes,Electronic check,71.63,1640.93,No
CUST-2452,Female,0,Yes,Yes,8,Yes,No,DSL,No,Yes,No,Yes,Yes,Yes,Month-to-month,No,Bank transfer (automatic),73.73,590.73,No
CUST-2453,Female,0,Yes,No,16,No,No phone service,Fiber optic,No,No,Yes,No,No,Yes,Month-to-month,Yes,Credit card (automatic),74.12,1186.92,No
CUST-2454,Male,1,No,Yes,26,Yes,Yes,DSL,No,No,No,No,No,No,Month-to-month,Yes,Bank transfer (automatic),47.42,1235.98,Yes
CUST-2455,Female,0,Yes,No,29,Yes,No,Fiber optic,Yes,No,No,No,Yes,Yes,Month-to-month,Yes,Bank transfer (automatic),89.96,2615.46,No
CUST-2456,Female,0,Yes,No,6,Yes,Yes,Fiber optic,Yes,No,No,Yes,Yes,No,Month-to-month,Yes,Mailed check,109.56,661.32,Yes
CUST-2457,Female,0,Yes,No,37,Yes,No,Fiber optic,No,No,Yes,No,No,Yes,Month-to-month,No,Credit card (automatic),74.49,2748.96,Yes
CUST-2458,Male,0,No,Yes,33,Yes,No,Fiber optic,Yes,Yes,Yes,No,Yes,No,Month-to-month,No,Bank transfer (automatic),86.99,2861.05,Yes
CUST-2459,Female,0,No,No,46,No,No phone service,Fiber optic,No,Yes,No,Yes,Yes,No,Month-to-month,Yes,Credit card (automatic),104.99,4822.27,No
CUST-2460,Male,0,Yes,Yes,61,Yes,Yes,DSL,Yes,Yes,No,No,No,No,One year,Yes,Electronic check,48.42,2944.43,No
CUST-2461,Female,0,Yes,No,41,No,No phone service,No,No internet service,No internet service,No internet service,No internet service,No internet service,No internet service,Two year,No,Bank transfer (automatic),22.32,913.86,No
CUST-2462,Male,1,No,Yes,18,Yes,Yes,DSL,Yes,No,No,Yes,No,Yes,Month-to-month,Yes,Credit card (automatic),52.24,936.0,No
CUST-2463,Female,0,Yes,No,16,Yes,No,Fiber optic,Yes,No,No,No,No,No,Month-to-month,No,Mailed check,73.26,1162.31,No
CUST-2464,Female,0,No,Yes,51,Yes,Yes,DSL,Yes,Yes,No,No,Yes,No,Month-to-month,Yes,Credit card (automatic),65.28,3320.89,No
CUST-2465,Male,0,Yes,Yes,37,Yes,No,DSL,No,No,No,No,Yes,Yes,Month-to-month,No,Mailed check,68.93,2548.36,No
CUST-2466,Female,0,Yes,No,14,Yes,Yes,DSL,Yes,No,No,No,No,Yes,Month-to-month,Yes,Mailed check,54.5,771.8,No
CUST-2467,Male,0,No,Yes,68,No,No phone service,Fiber optic,No,No,Yes,No,No,No,Month-to-month,Yes,Credit card (automatic),71.63,4880.74,Yes
CUST-2468,Female,1,Yes,No,30,No,No phone service,DSL,No,No,Yes,No,No,Yes,Two year,No,Electronic check,47.89,1427.7,Yes
CUST-2469,Female,0,No,Yes,60,Yes,No,DSL,Yes,No,Yes,No,Yes,No,One year,Yes,Bank transfer (automatic),56.58,3401.41,No
CUST-2470,Female,0,Yes,No,53,Yes,Yes,DSL,No,Yes,Yes,Yes,Yes,No,Two year,Yes,Electronic check,80.57,4269.82,No
CUST-2471,Female,0,Yes,No,36,Yes,No,DSL,No,No,No,Yes,No,No,Month-to-month,Yes,Bank transfer (automatic),77.44,2790.26,No
CUST-2472,Female,0,No,Yes,30,No,No phone service,DSL,Yes,No,Yes,Yes,Yes,Yes,Two year,Yes,Bank transfer (automatic),80.95,2428.62,No
CUST-2473,Male,1,Yes,No,64,Yes,Yes,DSL,No,No,Yes,No,No,Yes,Two year,Yes,Electronic check,46.54,2987.05,No
CUST-2474,Male,0,No,No,14,Yes,Yes,Fiber optic,No,Yes,No,Yes,No,No,Two year,Yes,Electronic check,90.86,1271.61,No
CUST-2475,Female,1,Yes,Yes,23,Yes,Yes,DSL,No,Yes,No,Yes,No,No,Month-to-month,No,Credit card (automatic),54.76,1252.84,No
CUST-2476,Female,0,No,Yes,48,Yes,No,DSL,No,Yes,No,Yes,Yes,No,One year,No,Credit card (automatic),83.76,4026.08,No
CUST-2477,Female,0,No,No,28,Yes,Yes,No,No internet service,No internet service,No internet service,No internet service,No internet service,No internet service,One year,No,Credit card (automatic),26.57,744.24,No
CUST-2478,Female,0,Yes,No,7,Yes,No,Fiber optic,No,No,Yes,No,No,Yes,Month-to-month,Yes,Mailed check,73.94,509.92,Yes
CUST-2479,Male,0,No,No,42,Yes,Yes,No,No internet service,No internet service,No internet service,No internet service,No internet service,No internet service,Month-to-month,Yes,Bank transfer (automatic),18.5,776.23,No
CUST-2480,Female,0,No,No,10,No,No phone service,DSL,No,No,Yes,No,No,Yes,Two year,No,Credit card (automatic),47.83,482.05,No
CUST-2481,Male,0,Yes,No,68,Yes,No,DSL,Yes,No,Yes,No,Yes,No,Two year,Yes,Mailed check,63.13,4288.76,No
CUST-2482,Female,0,No,Yes,44,Yes,No,DSL,No,No,Yes,No,Yes,No,Two year,No,Credit card (automatic),67.56,2980.88,No
CUST-2483,Male,0,No,No,13,Yes,No,Fiber optic,Yes,No,Yes,No,No,No,Two year,Yes,Electronic check,76.33,999.29,No
CUST-2484,Male,0,Yes,No,33,Yes,Yes,Fiber optic,Yes,Yes,No,Yes,Yes,Yes,Month-to-month,No,Mailed check,104.54,3451.18,No
CUST-2485,Male,0,Yes,No,32,Yes,No,DSL,No,Yes,No,No,No,Yes,One year,No,Electronic check,50.01,1591.41,No
CUST-2486,Male,1,Yes,No,48,Yes,No,Fiber optic,No,Yes,Yes,Yes,Yes,No,Month-to-month,Yes,Mailed check,101.75,4885.67,Yes
CUST-2487,Female,0,Yes,No,5,Yes,Yes,Fiber optic,No,Yes,No,No,No,Yes,Month-to-month,Yes,Electronic check,78.06,388.61,No
CUST-2488,Male,0,No,No,61,Yes,Yes,DSL,Yes,Yes,Yes,No,No,Yes,Two year,No,Mailed check,50.07,3058.75,No
CUST-2489,Male,0,No,No,3,Yes,Yes,Fiber optic,No,Yes,Yes,Yes,No,No,Two year,Yes,Electronic check,82.19,241.91,Yes
CUST-2490,Male,0,No,Yes,24,Yes,Yes,Fiber optic,No,No,No,Yes,Yes,No,One year,Yes,Mailed check,108.66,2609.96,No
CUST-2491,Male,0,Yes,Yes,34,Yes,Yes,DSL,No,No,No,Yes,No,Yes,Two year,No,Mailed check,63.52,2160.77,No
CUST-2492,Male,0,Yes,No,42,Yes,Yes,DSL,No,Yes,No,No,No,No,Month-to-month,No,Electronic check,47.95,2014.44,No
CUST-2493,Male,0,No,No,20,Yes,No,Fiber optic,No,Yes,No,No,No,No,Month-to-month,Yes,Credit card (automatic),84.09,1674.12,No
CUST-2494,Female,1,No,Yes,41,Yes,Yes,No,No internet service,No internet service,No internet service,No internet service,No internet service,No internet service,Two year,Yes,Electronic check,22.09,905.49,No
CUST-2495,Female,0,No,No,20,Yes,Yes,DSL,No,Yes,No,Yes,No,No,Month-to-month,Yes,Credit card (automatic),68.34,1367.81,No
CUST-2496,Female,0,Yes,No,6,Yes,Yes,No,No internet service,No internet service,No internet service,No internet service,No internet service,No internet service,Month-to-month,Yes,Mailed check,18.5,119.55,Yes
CUST-2497,Male,0,Yes,Yes,57,Yes,No,DSL,Yes,No,No,Yes,No,No,Month-to-month,Yes,Electronic check,62.06,3536.64,No
CUST-2498,Male,0,Yes,Yes,42,Yes,Yes,No,No internet service,No internet service,No internet service,No internet service,No internet service,No internet service,Month-to-month,Yes,Electronic check,27.13,1142.26,No
CUST-2499,Female,0,No,No,25,Yes,No,Fiber optic,No,No,No,No,No,Yes,Month-to-month,Yes,Credit card (automatic),87.36,2185.38,No
CUST-2500,Female,0,Yes,No,41,Yes,No,No,No internet service,No internet service,No internet service,No internet service,No internet service,No internet service,Month-to-month,Yes,Credit card (automatic),24.72,1007.42,No
CUST-2501,Male,0,No,No,41,No,No phone service,Fiber optic,Yes,Yes,No,No,Yes,No,Two year,Yes,Electronic check,77.31,3163.4,Yes
CUST-2502,Male,0,No,No,3,Yes,No,DSL,No,No,Yes,Yes,Yes,No,Two year,No,Electronic check,76.26,233.57,No
CUST-2503,Male,0,Yes,No,43,Yes,Yes,DSL,No,No,Yes,No,Yes,Yes,Month-to-month,No,Bank transfer (automatic),64.69,2782.13,Yes
CUST-2504,Male,0,No,Yes,46,Yes,No,Fiber optic,No,Yes,No,Yes,Yes,No,One year,No,Electronic check,104.23,4802.5,No
CUST-2505,Male,0,No,No,57,Yes,Yes,DSL,Yes,Yes,No,Yes,No,No,Month-to-month,No,Credit card (automatic),64.22,3668.7,No
CUST-2506,Female,0,No,No,51,Yes,No,Fiber optic,No,Yes,No,No,Yes,Yes,One year,Yes,Credit card (automatic),82.88,4222.82,No
CUST-2507,Female,1,Yes,No,5,Yes,No,No,No internet service,No internet service,No internet service,No internet service,No internet service,No internet service,Month-to-month,Yes,Credit card (automatic),29.61,140.08,Yes
CUST-2508,Female,1,Yes,Yes,15,Yes,No,DSL,No,No,No,Yes,No,Yes,One year,No,Electronic check,67.81,1014.03,No
CUST-2509,Female,0,Yes,Yes,39,Yes,No,Fiber optic,No,Yes,No,No,No,No,One year,No,Electronic check,71.18,2767.36,Yes
CUST-2510,Female,0,Yes,No,70,Yes,No,DSL,Yes,Yes,No,No,No,Yes,Month-to-month,No,Credit card (automatic),47.1,3302.63,Yes
CUST-2511,Female,0,No,No,38,Yes,Yes,Fiber optic,No,Yes,No,Yes,No,Yes,Two year,Yes,Mailed check,93.03,3528.06,No
CUST-2512,Female,1,No,No,39,Yes,Yes,DSL,No,Yes,No,No,Yes,No,One year,Yes,Mailed check,63.73,2492.8,No
CUST-2513,Male,0,Yes,No,52,Yes,No,DSL,No,No,Yes,No,Yes,No,One year,No,Bank transfer (automatic),65.65,3412.11,No
CUST-2514,Male,0,No,No,3,Yes,No,Fiber optic,Yes,Yes,Yes,No,No,Yes,Month-to-month,No,Mailed check,77.13,226.96,Yes
CUST-2515,Male,0,No,No,29,Yes,No,Fiber optic,No,Yes,No,No,No,Yes,One year,Yes,Credit card (automatic),72.44,2100.79,No
CUST-2516,Female,1,Yes,No,31,Yes,No,Fiber optic,No,No,No,Yes,No,No,Month-to-month,Yes,Credit card (automatic),98.65,3060.26,No
CUST-2517,Female,0,Yes,No,66,Yes,Yes,Fiber optic,No,Yes,Yes,No,No,No,Two year,Yes,Electronic check,63.25,4178.53,No
CUST-2518,Male,1,No,No,45,Yes,No,Fiber optic,No,No,Yes,Yes,No,Yes,Two year,Yes,Electronic check,86.12,3872.16,No
CUST-2519,Female,0,No,Yes,22,Yes,No,Fiber optic,No,No,No,Yes,No,No,Month-to-month,Yes,Electronic check,94.07,2079.2,Yes
CUST-2520,Male,0,No,Yes,10,Yes,Yes,DSL,No,Yes,No,No,Yes,Yes,One year,Yes,Electronic check,61.57,614.15,No
CUST-2521,Female,0,Yes,No,21,Yes,No,DSL,No,Yes,Yes,Yes,No,Yes,Month-to-month,Yes,Electronic check,64.19,1354.68,No
CUST-2522,Male,0,Yes,No,17,Yes,No,DSL,No,Yes,No,No,No,No,Two year,Yes,Electronic check,56.23,946.61,No
CUST-2523,Male,0,Yes,No,67,Yes,No,DSL,No,No,No,Yes,No,Yes,Month-to-month,No,Electronic check,67.38,4520.02,Yes
CUST-2524,Male,0,No,No,7,Yes,No,DSL,No,No,No,No,No,No,Month-to-month,Yes,Mailed check,50.6,355.23,Yes
CUST-2525,Male,1,No,No,36,Yes,Yes,DSL,No,Yes,Yes,Yes,Yes,No,Month-to-month,No,Bank transfer (automatic),85.85,3093.39,No
CUST-2526,Male,0,Yes,No,67,Yes,Yes,Fiber optic,No,Yes,Yes,No,Yes,No,One year,Yes,Credit card (automatic),87.14,5835.84,Yes
CUST-2527,Male,0,No,No,30,Yes,No,DSL,No,No,Yes,No,No,Yes,Month-to-month,No,Electronic check,52.17,1566.0,Yes
CUST-2528,Female,0,No,Yes,71,Yes,No,Fiber optic,No,Yes,No,Yes,No,No,One year,No,Bank transfer (automatic),92.57,6581.11,No
CUST-2529,Female,1,No,No,29,Yes,Yes,Fiber optic,No,Yes,No,No,Yes,Yes,One year,No,Mailed check,84.18,2438.94,Yes
CUST-2530,Male,0,No,No,72,Yes,No,No,No internet service,No internet service,No internet service,No internet service,No internet service,No internet service,Month-to-month,No,Mailed check,18.5,1324.12,No
CUST-2531,Female,1,Yes,No,33,Yes,No,DSL,No,No,Yes,No,No,Yes,Month-to-month,Yes,Bank transfer (automatic),41.44,1371.93,No
CUST-2532,Female,1,No,No,59,Yes,No,Fiber optic,Yes,No,Yes,No,No,Yes,Month-to-month,No,Electronic check,76.35,4504.75,Yes
CUST-2533,Male,0,Yes,Yes,20,Yes,No,Fiber optic,Yes,Yes,Yes,No,No,No,Two year,Yes,Electronic check,81.21,1622.7,No
CUST-2534,Male,0,Yes,No,29,Yes,Yes,No,No internet service,No internet service,No internet service,No internet service,No internet service,No internet service,Month-to-month,No,Mailed check,18.5,542.06,No
CUST-2535,Male,0,No,No,53,Yes,No,DSL,No,No,No,No,No,Yes,Two year,Yes,Electronic check,38.23,2027.43,No
CUST-2536,Male,0,No,No,1,Yes,Yes,DSL,No,No,No,No,Yes,Yes,Month-to-month,Yes,Mailed check,64.75,67.38,Yes
CUST-2537,Female,1,No,No,34,Yes,No,DSL,Yes,Yes,No,No,Yes,Yes,One year,No,Electronic check,71.0,2422.52,No
CUST-2538,Male,0,No,No,44,Yes,Yes,DSL,No,Yes,No,Yes,No,Yes,Month-to-month,No,Electronic check,63.24,2773.73,No
CUST-2539,Female,0,No,No,14,Yes,No,Fiber optic,No,No,No,Yes,No,No,Month-to-month,Yes,Electronic check,92.62,1291.93,No
CUST-2540,Female,0,No,Yes,37,Yes,No,Fiber optic,No,No,No,No,Yes,No,Month-to-month,No,Electronic check,78.93,2928.37,Yes
CUST-2541,Male,0,Yes,No,35,Yes,No,DSL,No,No,No,Yes,No,No,Month-to-month,Yes,Mailed check,67.85,2380.6,Yes
CUST-2542,Female,1,No,No,59,No,No phone service,DSL,Yes,No,Yes,No,No,No,Month-to-month,Yes,Bank transfer (automatic),57.65,3395.12,No
CUST-2543,Male,0,No,No,24,Yes,No,DSL,No,Yes,No,No,No,No,Month-to-month,No,Electronic check,59.25,1415.38,Yes
CUST-2544,Female,0,Yes,No,65,Yes,Yes,DSL,No,No,No,Yes,No,No,Month-to-month,Yes,Credit card (automatic),69.97,4554.55,No
CUST-2545,Male,0,Yes,No,6,Yes,No,No,No internet service,No internet service,No internet service,No internet service,No internet service,No internet service,Month-to-month,Yes,Electronic check,32.77,197.68,Yes
CUST-2546,Female,0,No,No,68,Yes,Yes,Fiber optic,No,Yes,No,No,Yes,No,Two year,No,Electronic check,94.35,6423.01,No
CUST-2547,Female,0,No,Yes,38,No,No phone service,DSL,No,No,Yes,No,No,Yes,One year,Yes,Electronic check,49.52,1890.11,No
CUST-2548,Male,0,No,No,1,Yes,Yes,DSL,Yes,Yes,No,Yes,Yes,No,Two year,Yes,Bank transfer (automatic),77.66,77.66,No
CUST-2549,Female,0,No,Yes,41,Yes,No,No,No internet service,No internet service,No internet service,No internet service,No internet service,No internet service,Month-to-month,Yes,Bank transfer (automatic),18.5,767.9,No
CUST-2550,Female,0,Yes,Yes,31,No,No phone service,DSL,No,Yes,Yes,No,Yes,Yes,Month-to-month,No,Credit card (automatic),61.81,1920.44,Yes
CUST-2551,Female,0,No,No,36,Yes,No,Fiber optic,Yes,No,No,No,No,No,Month-to-month,No,Electronic check,69.51,2509.05,No
CUST-2552,Female,0,No,Yes,54,Yes,No,No,No internet service,No internet service,No internet service,No internet service,No internet service,No internet service,Two year,No,Mailed check,23.96,1296.45,No
CUST-2553,Female,0,No,No,31,Yes,No,Fiber optic,No,No,No,No,Yes,Yes,One year,No,Credit card (automatic),84.14,2604.44,No
CUST-2554,Male,0,No,No,29,Yes,No,DSL,No,Yes,Yes,No,Yes,Yes,One year,Yes,Credit card (automatic),59.85,1737.64,No
CUST-2555,Male,0,No,No,3,No,No phone service,DSL,Yes,No,Yes,No,Yes,Yes,Month-to-month,Yes,Electronic check,69.79,209.69,Yes
CUST-2556,Female,0,No,No,58,Yes,No,No,No internet service,No internet service,No internet service,No internet service,No internet service,No internet service,Two year,Yes,Credit card (automatic),18.5,1081.64,No
CUST-2557,Male,0,No,No,61,Yes,No,DSL,No,No,No,Yes,Yes,No,Month-to-month,No,Bank transfer (automatic),84.25,5140.35,Yes
CUST-2558,Female,0,Yes,No,6,No,No phone service,DSL,Yes,No,No,No,No,Yes,Month-to-month,Yes,Electronic check,58.79,343.3,Yes
CUST-2559,Female,1,No,No,20,Yes,No,Fiber optic,Yes,No,No,Yes,Yes,Yes,Month-to-month,No,Electronic check,100.37,2011.12,No
CUST-2560,Male,0,Yes,Yes,61,Yes,No,Fiber optic,No,Yes,No,No,No,No,Month-to-month,Yes,Mailed check,76.57,4661.78,No
CUST-2561,Male,0,Yes,No,46,Yes,No,Fiber optic,Yes,Yes,No,No,Yes,No,Month-to-month,Yes,Bank transfer (automatic),104.59,4820.02,Yes
CUST-2562,Female,0,No,No,13,Yes,No,DSL,No,Yes,No,No,Yes,Yes,One year,Yes,Electronic check,68.3,887.63,No
CUST-2563,Male,0,Yes,No,23,No,No phone service,Fiber optic,Yes,No,No,No,No,Yes,Month-to-month,No,Electronic check,79.68,1842.0,Yes
CUST-2564,Female,0,No,No,31,Yes,Yes,DSL,No,No,No,No,No,Yes,Month-to-month,Yes,Electronic check,49.4,1521.92,Yes
CUST-2565,Male,0,Yes,No,4,Yes,No,DSL,No,Yes,No,No,No,Yes,Month-to-month,No,Credit card (automatic),50.93,204.38,Yes
CUST-2566,Female,0,Yes,No,66,Yes,No,Fiber optic,No,No,Yes,No,Yes,Yes,Month-to-month,No,Electronic check,93.92,6193.24,Yes
CUST-2567,Male,0,No,No,16,Yes,Yes,DSL,No,Yes,No,No,Yes,No,Month-to-month,Yes,Bank transfer (automatic),59.13,948.89,No
CUST-2568,Female,0,Yes,No,31,Yes,Yes,DSL,Yes,Yes,No,No,No,Yes,Month-to-month,Yes,Bank transfer (automatic),43.29,1341.95,Yes
CUST-2569,Male,0,No,Yes,48,Yes,No,DSL,No,No,Yes,Yes,No,Yes,Month-to-month,Yes,Credit card (automatic),67.01,3217.8,No
CUST-2570,Female,0,Yes,No,43,Yes,Yes,Fiber optic,Yes,Yes,No,No,Yes,No,Month-to-month,Yes,Bank transfer (automatic),88.83,3816.88,Yes
CUST-2571,Male,0,Yes,Yes,4,Yes,No,Fiber optic,No,Yes,No,Yes,No,Yes,Two year,Yes,Bank transfer (automatic),83.39,324.59,No
CUST-2572,Female,0,Yes,No,62,Yes,Yes,Fiber optic,Yes,No,No,No,Yes,No,One year,No,Mailed check,82.26,5092.24,Yes
CUST-2573,Female,1,Yes,No,48,Yes,Yes,Fiber optic,Yes,No,Yes,No,Yes,Yes,Month-to-month,Yes,Mailed check,95.18,4575.81,Yes
CUST-2574,Male,0,No,Yes,28,Yes,No,Fiber optic,No,Yes,No,Yes,Yes,No,One year,No,Electronic check,104.82,2939.02,No
CUST-2575,Male,0,Yes,No,16,Yes,Yes,Fiber optic,Yes,Yes,Yes,Yes,Yes,Yes,Month-to-month,No,Mailed check,102.88,1651.47,No
CUST-2576,Male,1,No,No,69,Yes,No,DSL,Yes,No,Yes,No,No,Yes,Month-to-month,Yes,Electronic check,49.9,3435.55,No
CUST-2577,Female,0,No,No,30,No,No phone service,DSL,Yes,Yes,No,No,No,No,One year,Yes,Mailed check,50.18,1496.38,No
CUST-2578,Female,0,No,Yes,65,Yes,No,Fiber optic,Yes,No,Yes,No,Yes,Yes,Month-to-month,Yes,Bank transfer (automatic),88.94,5771.45,No
CUST-2579,Female,0,No,No,69,Yes,No,DSL,No,No,No,No,No,No,Two year,Yes,Mailed check,41.77,2882.57,No
CUST-2580,Male,1,Yes,No,14,Yes,No,DSL,No,Yes,No,No,No,No,Month-to-month,No,Mailed check,51.94,727.18,Yes
CUST-2581,Male,1,Yes,No,34,No,No phone service,DSL,Yes,No,Yes,Yes,No,No,One year,Yes,Credit card (automatic),60.07,2034.59,No
CUST-2582,Female,0,No,No,56,Yes,Yes,Fiber optic,Yes,No,No,No,Yes,Yes,Month-to-month,Yes,Bank transfer (automatic),87.98,4923.81,No
CUST-2583,Male,0,No,No,29,Yes,Yes,Fiber optic,No,No,Yes,No,No,No,One year,Yes,Electronic check,77.24,2240.56,No
CUST-2584,Female,0,No,No,25,Yes,Yes,Fiber optic,No,No,Yes,Yes,No,Yes,Month-to-month,Yes,Mailed check,93.89,2350.77,Yes
CUST-2585,Male,0,No,No,66,Yes,Yes,Fiber optic,No,Yes,No,Yes,No,No,Month-to-month,No,Mailed check,91.59,6051.14,Yes
CUST-2586,Female,0,Yes,Yes,40,Yes,No,No,No internet service,No internet service,No internet service,No internet service,No internet service,No internet service,Two year,No,Electronic check,20.59,826.43,No
CUST-2587,Male,0,Yes,Yes,15,Yes,Yes,DSL,Yes,Yes,No,No,No,No,Two year,Yes,Bank transfer (automatic),54.51,808.25,No
CUST-2588,Male,0,No,Yes,32,Yes,No,Fiber optic,Yes,No,No,Yes,No,No,Two year,Yes,Mailed check,92.16,2950.84,No
CUST-2589,Female,0,No,No,20,Yes,Yes,DSL,No,Yes,Yes,No,Yes,No,Month-to-month,No,Bank transfer (automatic),60.29,1197.56,No
CUST-2590,Female,0,Yes,No,53,Yes,No,DSL,Yes,No,Yes,No,Yes,Yes,One year,No,Bank transfer (automatic),69.46,3682.68,No
CUST-2591,Female,0,No,No,67,Yes,Yes,Fiber optic,No,No,No,Yes,Yes,No,Two year,No,Electronic check,109.11,7307.89,No
CUST-2592,Male,0,Yes,No,49,Yes,Yes,DSL,No,Yes,Yes,Yes,Yes,Yes,Month-to-month,No,Mailed check,80.84,3956.89,No
CUST-2593,Male,1,Yes,No,67,Yes,No,DSL,No,No,Yes,No,No,No,Month-to-month,Yes,Electronic check,53.16,3561.35,No
CUST-2594,Female,0,No,No,1,Yes,No,Fiber optic,No,No,No,No,Yes,Yes,Month-to-month,Yes,Electronic check,91.23,91.23,Yes
CUST-2595,Female,0,No,Yes,39,No,No phone service,DSL,No,No,Yes,No,Yes,Yes,Month-to-month,Yes,Credit card (automatic),48.65,1903.96,No
CUST-2596,Male,0,No,Yes,61,Yes,No,Fiber optic,No,No,No,Yes,No,No,Two year,No,Mailed check,88.0,5362.53,No
CUST-2597,Male,0,Yes,No,55,Yes,No,DSL,Yes,Yes,Yes,No,No,No,Month-to-month,Yes,Bank transfer (automatic),49.2,2698.73,No
CUST-2598,Male,1,Yes,No,69,Yes,No,DSL,No,No,No,No,Yes,Yes,Month-to-month,No,Credit card (automatic),64.06,4426.88,No
CUST-2599,Female,0,No,No,2,Yes,No,Fiber optic,No,Yes,Yes,Yes,No,No,Month-to-month,Yes,Mailed check,87.53,169.93,No
CUST-2600,Male,0,Yes,No,17,Yes,Yes,Fiber optic,No,No,No,No,Yes,Yes,One year,No,Electronic check,89.85,1518.09,No
CUST-2601,Male,0,No,No,29,Yes,Yes,Fiber optic,Yes,No,Yes,No,Yes,Yes,Month-to-month,Yes,Credit card (automatic),93.84,2719.1,Yes
CUST-2602,Male,0,No,No,4,Yes,No,Fiber optic,No,Yes,No,Yes,Yes,No,Month-to-month,Yes,Mailed check,106.23,431.3,Yes
CUST-2603,Male,0,No,No,64,Yes,Yes,Fiber optic,No,Yes,No,No,Yes,Yes,One year,Yes,Bank transfer (automatic),89.12,5702.32,No
CUST-2604,Male,0,Yes,Yes,43,Yes,Yes,Fiber optic,No,No,Yes,Yes,Yes,Yes,One year,No,Credit card (automatic),95.35,4099.45,No
CUST-2605,Female,0,No,No,12,Yes,Yes,DSL,Yes,No,No,No,Yes,Yes,Month-to-month,Yes,Mailed check,70.31,834.66,Yes
CUST-2606,Male,0,Yes,No,50,Yes,Yes,DSL,Yes,No,Yes,Yes,Yes,No,Two year,Yes,Electronic check,77.64,3886.22,No
CUST-2607,Female,0,Yes,No,68,Yes,No,DSL,No,Yes,No,No,Yes,Yes,One year,Yes,Bank transfer (automatic),73.65,5005.07,No
CUST-2608,Male,1,Yes,Yes,61,Yes,Yes,DSL,No,Yes,No,Yes,No,Yes,One year,Yes,Electronic check,60.63,3703.0,No
CUST-2609,Female,0,Yes,No,51,Yes,Yes,DSL,No,No,No,Yes,Yes,No,One year,Yes,Credit card (automatic),83.57,4260.29,No
CUST-2610,Female,1,No,No,5,Yes,Yes,DSL,No,Yes,No,No,Yes,No,Month-to-month,Yes,Credit card (automatic),64.34,322.24,Yes
CUST-2611,Female,0,Yes,No,28,Yes,No,Fiber optic,No,No,Yes,No,No,No,Month-to-month,Yes,Bank transfer (automatic),69.11,1936.87,No
CUST-2612,Female,0,Yes,Yes,10,Yes,No,Fiber optic,Yes,No,No,No,Yes,No,Two year,Yes,Electronic check,94.71,941.04,Yes
CUST-2613,Male,0,No,Yes,52,Yes,Yes,DSL,No,No,Yes,No,Yes,Yes,Month-to-month,Yes,Mailed check,56.93,2956.24,No
CUST-2614,Male,0,Yes,No,17,Yes,No,Fiber optic,Yes,No,No,Yes,No,No,Two year,Yes,Mailed check,90.85,1546.16,No
CUST-2615,Female,0,No,No,65,Yes,Yes,Fiber optic,No,No,No,Yes,No,Yes,Month-to-month,Yes,Electronic check,90.61,5896.11,Yes
CUST-2616,Female,0,Yes,Yes,21,Yes,No,DSL,No,No,Yes,No,Yes,Yes,Month-to-month,Yes,Electronic check,61.35,1297.58,Yes
CUST-2617,Female,0,Yes,No,54,Yes,No,Fiber optic,Yes,No,Yes,No,No,No,Month-to-month,No,Electronic check,81.01,4375.02,Yes
CUST-2618,Female,0,No,Yes,49,Yes,No,DSL,No,No,Yes,Yes,No,No,One year,No,Mailed check,66.15,3232.83,No
CUST-2619,Female,0,Yes,No,22,Yes,Yes,Fiber optic,Yes,No,No,No,No,No,One year,Yes,Bank transfer (automatic),83.75,1851.62,No
CUST-2620,Male,0,No,No,69,Yes,Yes,DSL,No,No,No,No,Yes,Yes,Month-to-month,No,Credit card (automatic),66.38,4578.64,No
CUST-2621,Male,0,Yes,No,64,Yes,Yes,DSL,No,Yes,Yes,No,No,Yes,One year,No,Electronic check,52.71,3365.49,No
CUST-2622,Female,0,Yes,No,36,Yes,Yes,DSL,No,No,No,No,Yes,No,Month-to-month,Yes,Electronic check,54.33,1965.32,No
CUST-2623,Female,0,Yes,No,21,Yes,Yes,Fiber optic,No,No,Yes,Yes,No,No,One year,Yes,Electronic check,93.47,1958.48,Yes
CUST-2624,Male,0,Yes,No,56,Yes,Yes,Fiber optic,No,No,No,No,No,No,Month-to-month,Yes,Credit card (automatic),77.26,4329.7,Yes
CUST-2625,Female,0,Yes,No,48,Yes,Yes,DSL,No,No,No,Yes,No,No,Month-to-month,Yes,Mailed check,62.48,2991.92,No
CUST-2626,Male,0,No,No,18,Yes,No,DSL,No,Yes,Yes,No,No,Yes,Month-to-month,No,Credit card (automatic),46.35,838.69,No
CUST-2627,Female,0,No,No,15,Yes,Yes,Fiber optic,No,Yes,No,Yes,No,No,Month-to-month,Yes,Credit card (automatic),88.9,1343.03,No
CUST-2628,Male,0,Yes,No,44,Yes,No,Fiber optic,No,No,Yes,No,No,No,Two year,No,Electronic check,79.32,3499.78,Yes
CUST-2629,Male,0,Yes,Yes,45,Yes,No,Fiber optic,Yes,Yes,No,Yes,No,Yes,Month-to-month,Yes,Electronic check,84.2,3781.52,Yes
CUST-2630,Female,0,No,Yes,36,Yes,No,No,No internet service,No internet service,No internet service,No internet service,No internet service,No internet service,Month-to-month,No,Electronic check,18.5,671.37,No
CUST-2631,Male,0,No,No,40,Yes,No,DSL,Yes,Yes,No,No,Yes,Yes,One year,Yes,Electronic check,69.03,2764.49,No
CUST-2632,Female,0,No,No,51,Yes,No,DSL,No,Yes,No,No,No,No,One year,No,Mailed check,47.97,2452.5,No
CUST-2633,Female,0,No,Yes,30,Yes,No,Fiber optic,No,No,No,No,Yes,No,Two year,No,Mailed check,89.28,2675.06,No
CUST-2634,Female,0,Yes,No,26,No,No phone service,DSL,No,No,No,Yes,Yes,No,Month-to-month,No,Bank transfer (automatic),79.38,2061.91,No
CUST-2635,Male,0,Yes,No,31,Yes,Yes,DSL,No,No,Yes,Yes,No,No,Month-to-month,No,Electronic check,66.63,2062.37,No
CUST-2636,Male,1,No,No,56,Yes,No,DSL,No,No,No,No,Yes,Yes,Month-to-month,Yes,Electronic check,71.26,3995.89,Yes
CUST-2637,Male,0,No,Yes,61,Yes,No,DSL,No,Yes,No,No,Yes,Yes,Month-to-month,Yes,Bank transfer (automatic),59.68,3646.66,No
CUST-2638,Female,0,No,No,17,Yes,Yes,DSL,Yes,No,Yes,No,No,Yes,Two year,Yes,Electronic check,52.15,881.54,No
CUST-2639,Female,0,Yes,No,24,Yes,Yes,No,No internet service,No internet service,No internet service,No internet service,No internet service,No internet service,Two year,No,Mailed check,19.88,478.58,No
CUST-2640,Female,0,No,No,4,Yes,No,DSL,Yes,Yes,Yes,No,No,Yes,Two year,Yes,Electronic check,51.54,198.68,Yes
CUST-2641,Female,0,No,Yes,9,Yes,No,DSL,No,No,No,No,No,Yes,Month-to-month,Yes,Electronic check,61.18,540.88,Yes
CUST-2642,Female,0,Yes,No,2,No,No phone service,DSL,Yes,No,Yes,No,Yes,Yes,One year,No,Credit card (automatic),58.84,119.88,Yes
CUST-2643,Female,1,No,No,35,Yes,No,Fiber optic,No,No,No,No,Yes,No,One year,Yes,Bank transfer (automatic),93.04,3263.2,No
CUST-2644,Male,0,Yes,No,38,Yes,Yes,Fiber optic,No,No,No,Yes,No,No,One year,Yes,Electronic check,95.5,3637.13,No
CUST-2645,Female,0,Yes,No,45,Yes,No,DSL,No,Yes,No,No,No,Yes,Two year,No,Mailed check,44.99,2026.96,No
CUST-2646,Male,1,Yes,No,15,Yes,Yes,DSL,Yes,No,No,No,Yes,No,Month-to-month,No,Electronic check,63.77,962.72,Yes
CUST-2647,Female,1,Yes,No,42,Yes,No,Fiber optic,No,Yes,Yes,No,Yes,Yes,Month-to-month,Yes,Electronic check,87.42,3669.72,Yes
CUST-2648,Female,0,Yes,Yes,3,Yes,Yes,DSL,No,Yes,Yes,No,No,Yes,One year,No,Bank transfer (automatic),57.04,178.63,Yes
CUST-2649,Female,1,No,No,31,Yes,No,No,No internet service,No internet service,No internet service,No internet service,No internet service,No internet service,One year,Yes,Mailed check,20.02,626.11,No
CUST-2650,Male,0,Yes,Yes,52,No,No phone service,Fiber optic,Yes,No,Yes,No,No,No,One year,Yes,Electronic check,66.98,3479.13,No
CUST-2651,Male,1,No,Yes,41,Yes,Yes,DSL,Yes,Yes,Yes,Yes,Yes,Yes,Month-to-month,Yes,Electronic check,91.37,3748.11,No
CUST-2652,Male,0,Yes,No,57,Yes,Yes,Fiber optic,No,No,No,Yes,No,Yes,Month-to-month,No,Bank transfer (automatic),98.33,5595.84,No
CUST-2653,Male,0,Yes,No,42,Yes,Yes,DSL,Yes,Yes,No,Yes,Yes,Yes,Two year,No,Electronic check,84.66,3548.65,No
CUST-2654,Male,0,No,No,53,Yes,Yes,DSL,No,Yes,Yes,No,Yes,No,Month-to-month,Yes,Credit card (automatic),63.94,3397.75,No
CUST-2655,Female,0,No,No,56,Yes,No,DSL,Yes,No,No,No,Yes,No,Month-to-month,No,Electronic check,59.5,3322.2,No
CUST-2656,Female,0,No,No,72,Yes,Yes,Fiber optic,No,No,No,No,No,Yes,Month-to-month,Yes,Electronic check,73.74,5303.34,Yes
CUST-2657,Male,0,No,Yes,53,Yes,Yes,DSL,No,No,No,No,No,No,Two year,No,Credit card (automatic),54.64,2888.7,No
CUST-2658,Male,0,Yes,Yes,32,Yes,Yes,DSL,No,Yes,No,No,No,Yes,Month-to-month,Yes,Bank transfer (automatic),49.04,1573.26,No
CUST-2659,Male,0,Yes,Yes,54,Yes,No,DSL,Yes,Yes,Yes,Yes,Yes,Yes,One year,No,Electronic check,77.21,4161.45,No
CUST-2660,Female,0,No,No,37,Yes,Yes,Fiber optic,No,No,Yes,No,No,No,One year,Yes,Mailed check,67.61,2491.97,No
CUST-2661,Female,0,No,Yes,8,Yes,Yes,DSL,No,Yes,Yes,Yes,No,Yes,One year,No,Electronic check,60.39,491.73,Yes
CUST-2662,Female,0,No,No,11,Yes,No,DSL,No,Yes,No,Yes,No,No,Month-to-month,Yes,Bank transfer (automatic),58.09,646.45,Yes
CUST-2663,Male,0,No,No,54,Yes,No,Fiber optic,No,Yes,Yes,Yes,No,Yes,Month-to-month,Yes,Electronic check,90.6,4889.57,No
CUST-2664,Female,1,No,Yes,60,Yes,No,Fiber optic,No,Yes,Yes,No,Yes,Yes,Two year,No,Credit card (automatic),94.05,5635.01,No
CUST-2665,Female,0,Yes,Yes,10,Yes,No,Fiber optic,No,No,Yes,Yes,No,No,One year,No,Mailed check,83.62,839.76,No
CUST-2666,Male,0,No,No,70,Yes,Yes,DSL,Yes,No,No,No,Yes,No,Month-to-month,No,Bank transfer (automatic),56.67,3974.56,Yes
CUST-2667,Female,0,No,No,42,Yes,No,Fiber optic,Yes,Yes,Yes,Yes,Yes,No,Month-to-month,Yes,Bank transfer (automatic),105.04,4421.17,No
CUST-2668,Male,0,No,No,37,Yes,No,Fiber optic,No,Yes,Yes,No,No,No,Month-to-month,Yes,Electronic check,73.86,2725.42,No
CUST-2669,Female,0,Yes,No,58,Yes,No,DSL,No,No,Yes,Yes,Yes,No,Month-to-month,No,Credit card (automatic),81.69,4740.02,No
CUST-2670,Male,0,Yes,No,59,Yes,Yes,Fiber optic,No,No,No,Yes,No,Yes,One year,Yes,Electronic check,82.5,4866.11,No
CUST-2671,Female,0,Yes,No,24,Yes,No,Fiber optic,No,Yes,Yes,No,No,No,Month-to-month,No,Electronic check,80.68,1929.46,No
CUST-2672,Female,0,Yes,No,28,Yes,Yes,Fiber optic,Yes,No,No,No,No,No,Two year,Yes,Mailed check,77.09,2164.68,No
CUST-2673,Female,0,No,No,37,Yes,No,No,No internet service,No internet service,No internet service,No internet service,No internet service,No internet service,Month-to-month,No,Credit card (automatic),25.66,955.06,No
CUST-2674,Female,0,Yes,No,21,Yes,Yes,Fiber optic,No,Yes,No,No,Yes,Yes,Month-to-month,Yes,Electronic check,87.67,1850.36,Yes
CUST-2675,Male,1,Yes,No,33,Yes,Yes,DSL,No,Yes,Yes,No,Yes,Yes,Month-to-month,No,Credit card (automatic),70.08,2304.35,No
CUST-2676,Male,0,Yes,No,2,Yes,No,Fiber optic,No,No,Yes,No,No,Yes,Month-to-month,No,Mailed check,72.16,139.1,No
CUST-2677,Male,0,No,No,28,Yes,Yes,DSL,No,No,Yes,No,Yes,No,One year,No,Credit card (automatic),69.87,1962.91,No
CUST-2678,Male,0,No,Yes,15,Yes,No,Fiber optic,No,No,Yes,No,Yes,No,Month-to-month,No,Mailed check,87.33,1307.86,No
CUST-2679,Female,0,Yes,No,1,Yes,No,DSL,No,Yes,No,Yes,Yes,No,One year,Yes,Electronic check,70.45,70.45,No
CUST-2680,Male,0,Yes,No,28,Yes,No,DSL,Yes,No,Yes,No,No,Yes,Month-to-month,No,Credit card (automatic),54.21,1520.11,No
CUST-2681,Female,0,Yes,No,50,Yes,Yes,Fiber optic,No,Yes,No,No,Yes,Yes,Month-to-month,No,Electronic check,86.91,4343.67,Yes
CUST-2682,Female,1,No,Yes,35,No,No phone service,DSL,No,No,No,No,No,No,Month-to-month,No,Bank transfer (automatic),54.74,1906.61,No
CUST-2683,Female,0,Yes,No,28,Yes,No,Fiber optic,No,No,No,Yes,Yes,No,Month-to-month,No,Credit card (automatic),96.87,2714.44,Yes
CUST-2684,Male,0,No,Yes,9,Yes,No,Fiber optic,Yes,No,No,No,Yes,Yes,One year,Yes,Credit card (automatic),81.13,724.75,No
CUST-2685,Female,0,Yes,Yes,24,Yes,Yes,DSL,Yes,No,Yes,No,Yes,No,Month-to-month,No,Bank transfer (automatic),62.96,1520.42,No
CUST-2686,Female,0,Yes,Yes,63,Yes,No,Fiber optic,Yes,No,Yes,Yes,No,No,Two year,No,Electronic check,90.07,5678.22,No
CUST-2687,Male,0,No,No,4,Yes,Yes,Fiber optic,Yes,Yes,No,No,Yes,Yes,Month-to-month,Yes,Mailed check,81.3,332.01,No
CUST-2688,Female,0,Yes,No,56,Yes,Yes,Fiber optic,Yes,Yes,Yes,Yes,No,No,Month-to-month,No,Bank transfer (automatic),86.94,4877.73,No
CUST-2689,Female,0,No,No,41,Yes,No,Fiber optic,Yes,No,Yes,Yes,Yes,Yes,Two year,Yes,Credit card (automatic),99.27,4061.34,No
CUST-2690,Male,0,Yes,No,67,Yes,No,DSL,No,Yes,No,No,No,No,Two year,Yes,Electronic check,50.46,3373.79,No
CUST-2691,Female,0,No,No,48,Yes,Yes,DSL,Yes,Yes,Yes,No,Yes,No,Month-to-month,Yes,Mailed check,76.14,3660.88,Yes
CUST-2692,Male,0,No,No,58,Yes,Yes,DSL,Yes,No,Yes,Yes,No,Yes,Month-to-month,No,Electronic check,62.81,3650.68,Yes
CUST-2693,Male,0,No,Yes,39,Yes,No,DSL,No,Yes,Yes,Yes,Yes,No,One year,Yes,Mailed check,76.81,2985.69,No
CUST-2694,Male,0,Yes,No,25,Yes,Yes,Fiber optic,Yes,Yes,Yes,Yes,No,Yes,Two year,Yes,Electronic check,90.63,2274.65,No
CUST-2695,Male,0,Yes,No,60,Yes,Yes,DSL,No,Yes,Yes,No,No,No,Two year,Yes,Electronic check,59.8,3587.09,No
CUST-2696,Male,0,Yes,No,47,Yes,No,No,No internet service,No internet service,No internet service,No internet service,No internet service,No internet service,Month-to-month,Yes,Bank transfer (automatic),18.5,868.75,Yes
CUST-2697,Male,0,No,No,61,Yes,Yes,Fiber optic,No,Yes,Yes,No,Yes,No,One year,No,Mailed check,90.22,5510.99,No
CUST-2698,Female,0,No,No,27,Yes,No,DSL,No,No,No,No,Yes,No,One year,Yes,Mailed check,77.48,2087.75,No
CUST-2699,Female,0,Yes,Yes,42,Yes,Yes,DSL,Yes,No,No,No,No,No,One year,No,Credit card (automatic),46.56,1957.19,No
CUST-2700,Female,0,Yes,No,52,Yes,No,Fiber optic,Yes,No,Yes,No,No,No,One year,Yes,Electronic check,72.43,3763.04,Yes
CUST-2701,Male,0,No,Yes,48,Yes,Yes,Fiber optic,No,No,Yes,No,Yes,No,Month-to-month,Yes,Electronic check,94.65,4535.47,Yes
CUST-2702,Male,0,Yes,Yes,32,Yes,No,No,No internet service,No internet service,No internet service,No internet service,No internet service,No internet service,One year,Yes,Electronic check,29.02,925.81,No
CUST-2703,Female,0,Yes,No,24,Yes,Yes,DSL,Yes,No,Yes,Yes,No,No,One year,No,Bank transfer (automatic),74.7,1786.26,No
CUST-2704,Male,0,Yes,No,3,Yes,No,DSL,No,No,Yes,Yes,Yes,Yes,One year,Yes,Bank transfer (automatic),79.26,238.2,No
CUST-2705,Male,0,No,Yes,27,Yes,No,No,No internet service,No internet service,No internet service,No internet service,No internet service,No internet service,Month-to-month,Yes,Mailed check,18.5,500.1,No
CUST-2706,Female,1,No,No,40,Yes,No,DSL,Yes,No,Yes,Yes,No,Yes,Month-to-month,No,Bank transfer (automatic),61.88,2473.95,No
CUST-2707,Male,0,No,No,23,Yes,Yes,Fiber optic,No,Yes,No,Yes,No,No,Month-to-month,Yes,Mailed check,84.53,1937.67,Yes
CUST-2708,Female,0,Yes,No,7,Yes,No,DSL,Yes,Yes,No,No,Yes,Yes,Month-to-month,Yes,Credit card (automatic),65.39,450.1,No
CUST-2709,Female,1,No,No,37,Yes,Yes,Fiber optic,No,Yes,No,No,Yes,No,Month-to-month,Yes,Mailed check,93.33,3445.3,No
CUST-2710,Male,0,No,No,7,Yes,No,DSL,No,No,No,Yes,Yes,Yes,One year,Yes,Credit card (automatic),80.98,559.1,No
CUST-2711,Male,0,Yes,No,22,Yes,Yes,Fiber optic,No,No,Yes,No,No,Yes,One year,Yes,Electronic check,72.54,1591.78,No
CUST-2712,Female,0,No,No,17,Yes,Yes,Fiber optic,No,No,Yes,No,No,Yes,One year,Yes,Electronic check,79.73,1345.45,Yes
CUST-2713,Male,0,Yes,No,19,Yes,Yes,No,No internet service,No internet service,No internet service,No internet service,No internet service,No internet service,Two year,No,Bank transfer (automatic),22.67,421.98,No
CUST-2714,Male,1,Yes,No,39,Yes,No,DSL,No,Yes,No,Yes,No,No,Month-to-month,No,Mailed check,67.42,2628.79,No
CUST-2715,Female,0,Yes,No,36,Yes,No,DSL,Yes,Yes,No,No,Yes,No,Month-to-month,No,Mailed check,69.0,2477.65,No
CUST-2716,Male,0,Yes,Yes,15,Yes,Yes,DSL,No,Yes,No,No,No,Yes,Month-to-month,Yes,Bank transfer (automatic),51.6,769.27,No
CUST-2717,Female,0,No,Yes,63,No,No phone service,Fiber optic,Yes,Yes,No,Yes,Yes,No,Month-to-month,Yes,Electronic check,104.43,6576.16,Yes
CUST-2718,Female,0,Yes,Yes,29,No,No phone service,Fiber optic,Yes,Yes,No,Yes,No,Yes,Month-to-month,Yes,Electronic check,83.93,2424.76,Yes
CUST-2719,Male,0,Yes,No,60,Yes,No,Fiber optic,No,Yes,No,Yes,Yes,Yes,One year,Yes,Mailed check,103.49,6203.8,Yes
CUST-2720,Male,0,Yes,No,56,Yes,No,DSL,No,Yes,No,No,Yes,Yes,Month-to-month,Yes,Credit card (automatic),61.13,3428.81,No
CUST-2721,Male,0,No,No,40,Yes,No,Fiber optic,No,No,Yes,Yes,Yes,Yes,Month-to-month,No,Mailed check,113.81,4549.22,No
CUST-2722,Male,0,No,No,16,Yes,No,DSL,Yes,No,No,Yes,No,Yes,Month-to-month,No,Bank transfer (automatic),73.31,1166.68,No
CUST-2723,Male,0,No,No,33,Yes,No,DSL,Yes,Yes,Yes,No,Yes,No,Month-to-month,No,Electronic check,72.18,2375.89,No
CUST-2724,Female,0,No,No,16,Yes,No,Fiber optic,No,Yes,No,No,No,Yes,One year,Yes,Mailed check,72.98,1177.37,No
CUST-2725,Male,0,Yes,No,30,Yes,Yes,DSL,Yes,No,Yes,Yes,No,Yes,Month-to-month,Yes,Mailed check,64.4,1924.97,No
CUST-2726,Female,0,Yes,Yes,66,Yes,No,Fiber optic,No,No,No,No,Yes,No,One year,Yes,Electronic check,86.79,5736.25,No
CUST-2727,Female,0,No,Yes,44,Yes,Yes,Fiber optic,No,Yes,Yes,No,Yes,Yes,Month-to-month,No,Electronic check,84.0,3687.61,No
CUST-2728,Female,1,Yes,No,38,Yes,No,No,No internet service,No internet service,No internet service,No internet service,No internet service,No internet service,Month-to-month,No,Mailed check,24.17,925.95,No
CUST-2729,Female,0,Yes,No,51,Yes,No,Fiber optic,No,Yes,Yes,No,No,No,Month-to-month,Yes,Electronic check,71.32,3637.46,Yes
CUST-2730,Male,0,No,No,60,Yes,Yes,DSL,Yes,Yes,Yes,Yes,No,Yes,Month-to-month,Yes,Electronic check,63.65,3821.17,Yes
CUST-2731,Female,0,Yes,Yes,18,Yes,Yes,Fiber optic,Yes,No,No,No,Yes,Yes,Two year,Yes,Bank transfer (automatic),88.15,1581.62,No
CUST-2732,Female,1,Yes,Yes,5,Yes,Yes,DSL,No,Yes,Yes,Yes,Yes,No,Month-to-month,No,Bank transfer (automatic),89.47,455.32,No
CUST-2733,Male,0,Yes,No,40,Yes,Yes,DSL,No,Yes,Yes,No,Yes,No,Two year,Yes,Electronic check,65.25,2611.74,No
CUST-2734,Male,0,Yes,No,6,Yes,No,Fiber optic,No,Yes,Yes,No,Yes,Yes,Two year,Yes,Mailed check,94.27,569.13,Yes
CUST-2735,Female,0,No,No,12,Yes,No,Fiber optic,No,Yes,No,Yes,No,No,Month-to-month,Yes,Credit card (automatic),88.23,1059.9,Yes
CUST-2736,Male,1,No,No,12,No,No phone service,DSL,No,No,No,No,Yes,No,Month-to-month,Yes,Credit card (automatic),61.61,731.82,Yes
CUST-2737,Male,0,No,No,22,Yes,Yes,DSL,Yes,No,Yes,No,Yes,No,Month-to-month,No,Bank transfer (automatic),67.01,1480.94,No
CUST-2738,Male,0,No,No,49,Yes,No,Fiber optic,Yes,No,No,No,No,No,Month-to-month,Yes,Electronic check,80.19,3922.98,Yes
CUST-2739,Male,1,Yes,No,50,Yes,Yes,DSL,No,No,Yes,No,Yes,Yes,One year,Yes,Electronic check,62.41,3116.34,No
CUST-2740,Female,0,Yes,No,4,No,No phone service,Fiber optic,No,Yes,No,Yes,Yes,Yes,Month-to-month,Yes,Electronic check,108.35,436.79,Yes
CUST-2741,Female,0,Yes,No,50,Yes,No,DSL,Yes,Yes,No,Yes,No,No,Month-to-month,Yes,Bank transfer (automatic),63.66,3174.87,No
CUST-2742,Female,0,Yes,No,3,Yes,Yes,DSL,Yes,Yes,Yes,No,No,No,One year,No,Electronic check,41.55,133.32,No
CUST-2743,Male,1,No,No,16,Yes,No,Fiber optic,No,No,No,No,No,No,One year,Yes,Mailed check,71.07,1129.6,No
CUST-2744,Male,0,No,Yes,14,Yes,Yes,Fiber optic,No,No,No,No,No,No,One year,Yes,Credit card (automatic),74.86,1051.38,No
CUST-2745,Male,1,Yes,No,64,Yes,Yes,Fiber optic,No,No,Yes,No,Yes,Yes,Two year,No,Credit card (automatic),91.21,5840.14,No
CUST-2746,Male,0,Yes,No,41,Yes,No,Fiber optic,No,Yes,No,Yes,No,Yes,One year,Yes,Credit card (automatic),93.08,3820.24,No
CUST-2747,Male,0,Yes,Yes,68,Yes,No,DSL,Yes,No,Yes,No,No,Yes,Two year,No,Electronic check,57.46,3905.95,Yes
CUST-2748,Female,1,Yes,No,59,Yes,No,No,No internet service,No internet service,No internet service,No internet service,No internet service,No internet service,One year,Yes,Credit card (automatic),20.01,1178.24,No
CUST-2749,Male,0,Yes,Yes,2,Yes,No,DSL,No,Yes,Yes,Yes,No,No,Month-to-month,Yes,Bank transfer (automatic),57.79,125.13,No
CUST-2750,Female,0,No,No,10,Yes,No,Fiber optic,Yes,Yes,No,Yes,No,Yes,Month-to-month,Yes,Bank transfer (automatic),91.08,917.14,Yes
CUST-2751,Male,0,No,No,26,Yes,No,Fiber optic,No,No,Yes,No,No,No,Month-to-month,Yes,Electronic check,72.82,1893.03,Yes
CUST-2752,Male,0,No,Yes,4,Yes,No,DSL,Yes,No,No,No,Yes,No,Month-to-month,Yes,Credit card (automatic),59.72,232.53,Yes
CUST-2753,Male,0,Yes,No,28,Yes,No,DSL,Yes,Yes,Yes,Yes,Yes,No,Month-to-month,Yes,Electronic check,80.26,2255.09,No
CUST-2754,Female,0,Yes,No,2,Yes,No,Fiber optic,No,No,Yes,No,Yes,Yes,Month-to-month,No,Electronic check,93.46,189.89,Yes
CUST-2755,Female,0,No,No,66,Yes,Yes,DSL,Yes,No,No,No,No,No,One year,Yes,Electronic check,53.03,3492.7,No
CUST-2756,Female,0,No,No,16,Yes,No,No,No internet service,No internet service,No internet service,No internet service,No internet service,No internet service,Month-to-month,No,Bank transfer (automatic),18.5,289.66,No
CUST-2757,Male,0,No,No,57,Yes,No,DSL,Yes,No,No,No,Yes,Yes,Month-to-month,No,Bank transfer (automatic),70.96,4045.54,Yes
CUST-2758,Male,1,No,No,23,Yes,No,DSL,No,No,No,No,No,No,Month-to-month,Yes,Credit card (automatic),52.85,1215.62,Yes
CUST-2759,Female,0,No,No,23,Yes,Yes,DSL,No,No,Yes,No,No,Yes,Month-to-month,Yes,Mailed check,58.18,1336.33,No
CUST-2760,Male,0,No,Yes,21,Yes,No,DSL,No,Yes,No,Yes,No,Yes,One year,Yes,Mailed check,75.38,1581.52,No
CUST-2761,Female,0,Yes,No,25,No,No phone service,Fiber optic,No,Yes,Yes,No,Yes,Yes,Two year,Yes,Bank transfer (automatic),93.06,2319.94,Yes
CUST-2762,Male,0,No,Yes,58,Yes,Yes,Fiber optic,No,Yes,Yes,Yes,No,No,Month-to-month,No,Electronic check,95.99,5562.53,Yes
CUST-2763,Male,0,Yes,No,37,Yes,No,Fiber optic,No,No,No,No,Yes,Yes,Month-to-month,Yes,Mailed check,92.61,3426.42,Yes
CUST-2764,Male,0,Yes,No,49,No,No phone service,DSL,No,Yes,No,Yes,No,Yes,Month-to-month,Yes,Electronic check,57.28,2797.99,No
CUST-2765,Male,1,No,Yes,15,Yes,No,No,No internet service,No internet service,No internet service,No internet service,No internet service,No internet service,Month-to-month,No,Bank transfer (automatic),18.5,274.55,No
CUST-2766,Female,1,Yes,No,28,Yes,Yes,DSL,Yes,Yes,Yes,No,No,No,Month-to-month,No,Credit card (automatic),47.24,1316.93,No
CUST-2767,Male,0,Yes,Yes,67,Yes,No,No,No internet service,No internet service,No internet service,No internet service,No internet service,No internet service,One year,Yes,Electronic check,22.03,1469.5,No
CUST-2768,Male,1,Yes,No,4,Yes,No,DSL,Yes,Yes,Yes,No,Yes,No,Month-to-month,Yes,Electronic check,57.54,223.09,Yes
CUST-2769,Male,0,Yes,No,47,Yes,No,Fiber optic,No,Yes,No,No,Yes,No,Month-to-month,Yes,Electronic check,89.96,4220.92,No
CUST-2770,Male,0,Yes,No,50,Yes,Yes,Fiber optic,No,Yes,Yes,Yes,No,Yes,One year,Yes,Bank transfer (automatic),94.07,4696.71,No
CUST-2771,Female,1,Yes,No,60,Yes,No,DSL,Yes,Yes,Yes,Yes,No,Yes,Month-to-month,Yes,Bank transfer (automatic),57.12,3424.68,No
CUST-2772,Female,0,Yes,No,62,Yes,No,DSL,No,No,No,No,No,No,Two year,No,Credit card (automatic),54.95,3398.93,No
CUST-2773,Female,0,Yes,No,67,Yes,No,Fiber optic,Yes,Yes,Yes,Yes,No,Yes,Two year,Yes,Credit card (automatic),91.32,6126.38,No
CUST-2774,Female,0,No,No,72,Yes,Yes,DSL,Yes,No,No,No,Yes,No,One year,No,Credit card (automatic),64.95,4676.36,No
CUST-2775,Male,0,Yes,No,43,Yes,Yes,Fiber optic,Yes,No,No,No,No,Yes,Month-to-month,No,Electronic check,68.68,2953.34,Yes
CUST-2776,Female,0,Yes,No,58,Yes,No,Fiber optic,No,No,No,No,No,No,Month-to-month,Yes,Mailed check,78.43,4543.16,No
CUST-2777,Male,0,No,No,52,Yes,Yes,Fiber optic,Yes,No,No,No,No,Yes,Month-to-month,Yes,Credit card (automatic),75.79,3948.42,No
CUST-2778,Male,1,No,No,69,Yes,No,No,No internet service,No internet service,No internet service,No internet service,No internet service,No internet service,Month-to-month,Yes,Bank transfer (automatic),18.5,1283.06,No
CUST-2779,Female,0,No,No,46,Yes,Yes,DSL,No,No,No,No,Yes,Yes,Month-to-month,No,Credit card (automatic),66.09,3030.82,Yes
CUST-2780,Male,0,Yes,No,25,Yes,No,DSL,No,No,No,Yes,No,No,Month-to-month,Yes,Mailed check,60.22,1510.15,No
CUST-2781,Female,0,No,No,25,Yes,No,DSL,No,No,Yes,No,No,No,One year,Yes,Mailed check,46.5,1156.19,No
CUST-2782,Male,0,No,Yes,35,Yes,No,Fiber optic,No,Yes,No,No,Yes,Yes,Month-to-month,Yes,Electronic check,90.51,3168.96,No
CUST-2783,Female,0,No,No,61,Yes,Yes,No,No internet service,No internet service,No internet service,No internet service,No internet service,No internet service,One year,No,Electronic check,22.27,1365.88,No
CUST-2784,Female,0,No,No,15,Yes,No,No,No internet service,No internet service,No internet service,No internet service,No internet service,No internet service,Month-to-month,No,Bank transfer (automatic),25.32,388.48,No
CUST-2785,Female,1,No,No,35,Yes,No,No,No internet service,No internet service,No internet service,No internet service,No internet service,No internet service,Two year,No,Mailed check,18.5,641.19,No
CUST-2786,Female,1,No,No,29,Yes,No,Fiber optic,No,No,No,No,Yes,Yes,Two year,Yes,Bank transfer (automatic),90.17,2623.72,Yes
CUST-2787,Female,0,No,No,38,Yes,Yes,No,No internet service,No internet service,No internet service,No internet service,No internet service,No internet service,Month-to-month,Yes,Electronic check,18.5,694.39,No
CUST-2788,Male,1,Yes,No,69,Yes,No,DSL,Yes,No,No,No,Yes,No,One year,Yes,Credit card (automatic),66.96,4628.43,No
CUST-2789,Female,0,No,No,24,Yes,No,No,No internet service,No internet service,No internet service,No internet service,No internet service,No internet service,One year,No,Credit card (automatic),18.5,449.45,No
CUST-2790,Male,0,No,No,19,Yes,Yes,Fiber optic,No,Yes,No,No,No,No,Two year,No,Bank transfer (automatic),77.64,1483.44,Yes
CUST-2791,Female,0,Yes,Yes,46,No,No phone service,DSL,Yes,Yes,Yes,No,Yes,No,One year,Yes,Electronic check,64.07,2944.54,No
CUST-2792,Female,0,No,No,49,Yes,No,DSL,No,No,No,No,Yes,No,Month-to-month,Yes,Electronic check,62.31,3062.01,No
CUST-2793,Female,0,Yes,No,44,Yes,Yes,DSL,Yes,Yes,No,No,Yes,Yes,Month-to-month,Yes,Bank transfer (automatic),63.68,2808.29,Yes
CUST-2794,Male,0,Yes,No,26,Yes,No,Fiber optic,Yes,No,No,No,No,No,One year,Yes,Credit card (automatic),64.02,1661.09,No
CUST-2795,Male,0,No,Yes,25,Yes,No,Fiber optic,Yes,No,Yes,No,No,No,Two year,Yes,Bank transfer (automatic),78.67,1963.53,No
CUST-2796,Female,1,Yes,Yes,35,No,No phone service,DSL,No,No,No,Yes,No,No,Two year,No,Credit card (automatic),69.03,2413.19,No
CUST-2797,Male,0,Yes,Yes,36,Yes,Yes,Fiber optic,No,No,No,No,Yes,Yes,Month-to-month,Yes,Bank transfer (automatic),94.16,3391.54,No
CUST-2798,Male,0,Yes,Yes,14,Yes,Yes,DSL,Yes,No,No,No,Yes,No,Two year,No,Bank transfer (automatic),64.46,896.08,No
CUST-2799,Male,0,Yes,No,56,No,No phone service,Fiber optic,No,No,No,Yes,No,No,Month-to-month,Yes,Bank transfer (automatic),95.71,5358.43,Yes
CUST-2800,Female,0,Yes,No,6,Yes,No,Fiber optic,Yes,No,Yes,Yes,No,No,Month-to-month,No,Bank transfer (automatic),86.46,510.11,No
CUST-2801,Female,0,Yes,No,32,Yes,Yes,No,No internet service,No internet service,No internet service,No internet service,No internet service,No internet service,Month-to-month,No,Bank transfer (automatic),18.5,589.17,No
CUST-2802,Male,0,Yes,No,26,Yes,No,DSL,Yes,No,No,No,Yes,No,One year,No,Mailed check,68.57,1786.15,No
CUST-2803,Male,0,No,No,15,Yes,Yes,No,No internet service,No internet service,No internet service,No internet service,No internet service,No internet service,One year,Yes,Credit card (automatic),18.5,279.29,No
CUST-2804,Male,0,No,No,49,Yes,No,DSL,No,No,No,Yes,Yes,No,Month-to-month,No,Credit card (automatic),88.23,4319.6,Yes
CUST-2805,Female,0,Yes,No,56,Yes,Yes,DSL,No,No,No,No,No,No,One year,No,Bank transfer (automatic),55.88,3124.42,No
CUST-2806,Female,0,No,No,37,Yes,Yes,Fiber optic,Yes,Yes,Yes,Yes,Yes,No,Month-to-month,Yes,Bank transfer (automatic),105.21,3889.31,No
CUST-2807,Male,0,Yes,No,53,Yes,Yes,Fiber optic,Yes,Yes,No,No,No,Yes,One year,Yes,Mailed check,69.03,3649.98,No
CUST-2808,Male,0,Yes,No,58,Yes,No,No,No internet service,No internet service,No internet service,No internet service,No internet service,No internet service,Month-to-month,No,Credit card (automatic),18.5,1068.15,No
CUST-2809,Male,0,Yes,Yes,36,Yes,No,Fiber optic,No,No,No,No,No,No,Month-to-month,No,Credit card (automatic),74.06,2670.32,Yes
CUST-2810,Female,0,No,No,11,Yes,Yes,No,No internet service,No internet service,No internet service,No internet service,No internet service,No internet service,Month-to-month,Yes,Credit card (automatic),33.24,359.21,No
CUST-2811,Female,0,No,No,27,Yes,No,DSL,Yes,Yes,No,No,Yes,No,One year,Yes,Electronic check,66.2,1780.16,No
CUST-2812,Male,0,Yes,No,2,Yes,No,DSL,No,No,No,No,No,Yes,Two year,Yes,Credit card (automatic),53.54,114.0,No
CUST-2813,Male,0,Yes,No,22,Yes,Yes,Fiber optic,Yes,Yes,No,No,No,No,Month-to-month,Yes,Mailed check,70.83,1552.99,No
CUST-2814,Male,0,Yes,No,66,Yes,No,DSL,No,Yes,Yes,Yes,No,Yes,Month-to-month,No,Bank transfer (automatic),65.46,4315.38,No
CUST-2815,Female,0,No,Yes,17,Yes,No,No,No internet service,No internet service,No internet service,No internet service,No internet service,No internet service,Month-to-month,Yes,Credit card (automatic),18.5,313.76,No
CUST-2816,Male,0,No,No,4,Yes,Yes,Fiber optic,No,Yes,Yes,Yes,No,Yes,One year,Yes,Mailed check,87.09,347.8,No
CUST-2817,Female,1,Yes,Yes,14,Yes,Yes,Fiber optic,No,No,No,No,No,No,Month-to-month,Yes,Mailed check,66.06,918.56,Yes
CUST-2818,Female,1,No,No,7,Yes,No,Fiber optic,No,No,No,Yes,No,Yes,Month-to-month,No,Electronic check,91.56,642.04,Yes
CUST-2819,Male,0,Yes,No,16,Yes,No,Fiber optic,No,Yes,No,Yes,Yes,No,One year,No,Electronic check,108.6,1741.51,No
CUST-2820,Male,0,No,Yes,66,Yes,Yes,DSL,Yes,No,No,No,No,No,Month-to-month,Yes,Electronic check,42.6,2811.29,Yes
CUST-2821,Male,0,No,No,19,Yes,No,Fiber optic,No,Yes,No,Yes,Yes,No,One year,No,Mailed check,99.07,1890.24,No
CUST-2822,Female,1,Yes,Yes,1,Yes,No,Fiber optic,Yes,No,No,No,Yes,Yes,Month-to-month,No,Credit card (automatic),82.73,92.56,Yes
CUST-2823,Female,1,No,Yes,31,Yes,Yes,No,No internet service,No internet service,No internet service,No internet service,No internet service,No internet service,One year,Yes,Credit card (automatic),20.04,621.81,No
CUST-2824,Female,0,No,No,4,Yes,Yes,DSL,Yes,Yes,Yes,Yes,No,No,Two year,Yes,Electronic check,64.67,268.13,No
CUST-2825,Female,0,Yes,Yes,58,No,No phone service,Fiber optic,No,No,No,No,No,Yes,Month-to-month,Yes,Bank transfer (automatic),79.29,4601.75,Yes
CUST-2826,Male,0,Yes,No,56,No,No phone service,DSL,No,Yes,No,Yes,No,Yes,One year,Yes,Credit card (automatic),59.22,3316.9,No
CUST-2827,Female,0,No,Yes,53,Yes,Yes,DSL,No,No,Yes,Yes,Yes,No,Month-to-month,Yes,Mailed check,78.13,4148.29,No
CUST-2828,Female,0,Yes,Yes,43,Yes,No,Fiber optic,No,No,No,No,No,Yes,Two year,No,Credit card (automatic),71.17,3069.64,Yes
CUST-2829,Male,0,Yes,No,49,Yes,No,DSL,No,Yes,No,No,No,Yes,Month-to-month,No,Credit card (automatic),53.26,2619.72,No
CUST-2830,Female,1,Yes,No,60,Yes,No,Fiber optic,Yes,Yes,No,No,Yes,No,Two year,Yes,Mailed check,89.9,5399.18,No
CUST-2831,Female,0,No,Yes,16,No,No phone service,Fiber optic,No,No,No,No,No,Yes,Month-to-month,Yes,Credit card (automatic),72.17,1154.43,No
CUST-2832,Female,0,No,No,60,No,No phone service,DSL,Yes,No,Yes,No,Yes,Yes,Month-to-month,Yes,Bank transfer (automatic),61.01,3656.52,No
CUST-2833,Female,1,No,No,47,Yes,No,Fiber optic,No,Yes,Yes,No,Yes,No,One year,Yes,Mailed check,91.81,4316.23,Yes
CUST-2834,Female,1,No,No,15,Yes,Yes,DSL,Yes,Yes,Yes,Yes,Yes,No,One year,Yes,Bank transfer (automatic),85.49,1287.9,No
CUST-2835,Female,0,Yes,Yes,63,Yes,No,Fiber optic,No,No,Yes,Yes,No,No,One year,Yes,Credit card (automatic),91.69,5767.01,No
CUST-2836,Male,0,No,No,28,Yes,Yes,DSL,No,Yes,No,Yes,No,Yes,Month-to-month,Yes,Bank transfer (automatic),63.28,1767.19,No
CUST-2837,Male,0,No,No,20,Yes,Yes,DSL,Yes,No,Yes,No,No,Yes,One year,Yes,Credit card (automatic),43.06,858.29,No
CUST-2838,Female,0,Yes,Yes,63,No,No phone service,Fiber optic,No,No,Yes,No,No,No,Month-to-month,Yes,Credit card (automatic),81.42,5135.06,Yes
CUST-2839,Male,1,Yes,No,33,Yes,No,No,No internet service,No internet service,No internet service,No internet service,No internet service,No internet service,One year,Yes,Credit card (automatic),19.98,661.61,No
CUST-2840,Male,1,Yes,No,36,Yes,Yes,Fiber optic,No,Yes,No,No,Yes,No,Month-to-month,No,Electronic check,93.65,3369.91,Yes
CUST-2841,Male,0,No,No,13,Yes,No,DSL,Yes,No,No,No,Yes,Yes,Month-to-month,Yes,Credit card (automatic),68.68,901.23,Yes
CUST-2842,Male,0,No,No,62,Yes,No,DSL,Yes,No,Yes,No,Yes,Yes,Two year,Yes,Credit card (automatic),70.06,4344.48,No
CUST-2843,Female,0,No,No,68,Yes,No,Fiber optic,No,No,No,Yes,Yes,No,Two year,Yes,Credit card (automatic),112.69,7667.4,No
CUST-2844,Female,1,No,No,23,Yes,Yes,Fiber optic,Yes,No,No,Yes,No,No,Month-to-month,Yes,Bank transfer (automatic),78.44,1807.23,No
CUST-2845,Male,0,Yes,No,72,Yes,Yes,DSL,No,No,No,Yes,Yes,Yes,Month-to-month,Yes,Credit card (automatic),80.79,5824.05,No
CUST-2846,Male,0,No,No,13,Yes,Yes,DSL,No,Yes,Yes,No,Yes,Yes,Month-to-month,Yes,Electronic check,70.87,927.56,No
CUST-2847,Male,0,No,No,40,Yes,No,DSL,Yes,No,No,No,Yes,No,Month-to-month,Yes,Credit card (automatic),65.22,2618.58,No
CUST-2848,Female,0,Yes,No,30,Yes,No,DSL,No,Yes,Yes,No,No,Yes,Month-to-month,Yes,Electronic check,51.36,1538.38,Yes
CUST-2849,Female,0,No,No,25,Yes,No,Fiber optic,Yes,No,No,No,No,Yes,One year,No,Credit card (automatic),75.2,1873.3,No
CUST-2850,Male,0,Yes,No,26,Yes,No,DSL,No,Yes,Yes,Yes,Yes,No,Two year,No,Credit card (automatic),79.08,2061.28,No
CUST-2851,Female,1,No,Yes,24,Yes,No,DSL,No,Yes,No,No,No,No,Month-to-month,Yes,Electronic check,44.4,1073.09,No
CUST-2852,Female,1,No,No,39,Yes,No,DSL,Yes,No,Yes,Yes,Yes,Yes,Two year,Yes,Credit card (automatic),77.34,3007.35,No
CUST-2853,Female,0,No,No,61,Yes,Yes,Fiber optic,No,No,No,No,Yes,Yes,Two year,Yes,Credit card (automatic),84.09,5126.15,No
CUST-2854,Female,0,No,No,49,Yes,No,DSL,No,No,No,No,No,No,Month-to-month,Yes,Credit card (automatic),52.78,2592.36,No
CUST-2855,Male,0,Yes,No,41,Yes,No,Fiber optic,Yes,No,Yes,No,No,No,Month-to-month,Yes,Electronic check,77.48,3180.35,Yes
CUST-2856,Female,0,No,No,70,Yes,Yes,No,No internet service,No internet service,No internet service,No internet service,No internet service,No internet service,Month-to-month,Yes,Bank transfer (automatic),19.71,1384.81,Yes
CUST-2857,Male,0,Yes,Yes,20,Yes,No,DSL,No,No,Yes,Yes,Yes,No,Month-to-month,Yes,Mailed check,68.17,1364.26,No
CUST-2858,Female,1,No,No,44,Yes,No,Fiber optic,No,No,No,No,No,No,Month-to-month,No,Electronic check,73.21,3218.88,Yes
CUST-2859,Female,0,No,Yes,16,Yes,No,Fiber optic,No,Yes,Yes,Yes,No,No,One year,Yes,Bank transfer (automatic),84.23,1353.91,No
CUST-2860,Female,0,No,No,21,Yes,No,DSL,No,No,No,No,No,No,Two year,Yes,Mailed check,44.72,940.21,No
CUST-2861,Female,1,Yes,No,15,Yes,Yes,DSL,No,Yes,Yes,No,Yes,No,Two year,No,Credit card (automatic),66.18,993.0,No
CUST-2862,Male,1,No,Yes,39,No,No phone service,DSL,No,No,No,No,Yes,No,Two year,Yes,Bank transfer (automatic),69.46,2713.64,No
CUST-2863,Female,0,No,No,42,Yes,Yes,Fiber optic,No,Yes,Yes,No,No,Yes,Two year,No,Electronic check,81.69,3424.8,No
CUST-2864,Female,0,No,No,61,Yes,Yes,Fiber optic,No,No,No,No,No,No,Month-to-month,Yes,Electronic check,76.65,4677.37,Yes
CUST-2865,Female,0,Yes,No,4,Yes,No,DSL,No,No,No,No,No,No,Month-to-month,No,Electronic check,57.19,224.85,Yes
CUST-2866,Male,0,Yes,No,24,Yes,No,Fiber optic,Yes,No,No,No,Yes,Yes,Month-to-month,Yes,Mailed check,83.48,1993.95,No
CUST-2867,Male,0,Yes,Yes,3,Yes,Yes,Fiber optic,No,Yes,No,Yes,Yes,Yes,Month-to-month,No,Bank transfer (automatic),100.66,306.96,Yes
CUST-2868,Male,0,No,Yes,1,Yes,No,DSL,No,No,Yes,No,No,Yes,One year,Yes,Credit card (automatic),49.57,49.57,No
CUST-2869,Female,1,No,No,13,Yes,Yes,Fiber optic,Yes,Yes,No,No,Yes,No,Month-to-month,Yes,Bank transfer (automatic),93.24,1220.18,Yes
CUST-2870,Female,0,No,No,54,Yes,Yes,DSL,No,Yes,No,Yes,No,No,Month-to-month,No,Bank transfer (automatic),67.46,3642.84,No
CUST-2871,Male,0,Yes,No,40,Yes,Yes,Fiber optic,No,No,No,Yes,Yes,No,Two year,No,Electronic check,108.77,4341.0,No
CUST-2872,Female,0,Yes,Yes,11,No,No phone service,DSL,No,No,No,No,No,Yes,Two year,No,Mailed check,50.87,557.74,Yes
CUST-2873,Female,0,No,No,42,Yes,Yes,Fiber optic,No,No,No,No,Yes,No,Month-to-month,Yes,Mailed check,90.29,3785.6,Yes
CUST-2874,Female,1,No,No,4,No,No phone service,DSL,No,No,No,No,Yes,No,Month-to-month,No,Bank transfer (automatic),73.2,301.22,Yes
CUST-2875,Female,0,No,No,25,Yes,Yes,Fiber optic,Yes,No,No,Yes,No,Yes,Month-to-month,Yes,Mailed check,92.3,2306.42,No
CUST-2876,Female,0,No,Yes,36,Yes,Yes,DSL,Yes,Yes,No,Yes,Yes,Yes,Month-to-month,Yes,Electronic check,80.74,2906.85,No
CUST-2877,Female,0,Yes,No,64,Yes,Yes,Fiber optic,Yes,Yes,No,No,No,Yes,One year,Yes,Electronic check,75.33,4818.43,Yes
CUST-2878,Male,0,No,Yes,44,Yes,Yes,DSL,No,Yes,No,Yes,Yes,No,One year,Yes,Electronic check,76.2,3353.24,No
CUST-2879,Female,0,No,Yes,40,Yes,Yes,DSL,No,No,No,No,No,No,Month-to-month,Yes,Credit card (automatic),53.7,2139.66,Yes
CUST-2880,Female,0,No,No,45,Yes,No,DSL,No,No,Yes,No,Yes,No,Month-to-month,Yes,Mailed check,59.39,2671.72,No
CUST-2881,Female,0,Yes,No,8,Yes,Yes,DSL,No,No,No,No,Yes,Yes,Month-to-month,Yes,Credit card (automatic),56.0,451.27,Yes
CUST-2882,Female,0,Yes,No,35,Yes,No,Fiber optic,No,No,Yes,No,No,No,Two year,Yes,Electronic check,83.78,2929.75,No
CUST-2883,Female,0,Yes,No,44,Yes,Yes,No,No internet service,No internet service,No internet service,No internet service,No internet service,No internet service,Month-to-month,No,Electronic check,27.37,1202.13,No
CUST-2884,Male,1,No,No,18,Yes,Yes,Fiber optic,Yes,Yes,Yes,No,Yes,No,Two year,Yes,Bank transfer (automatic),92.23,1666.89,No
CUST-2885,Male,1,Yes,No,47,Yes,Yes,Fiber optic,Yes,No,No,No,Yes,No,Month-to-month,Yes,Mailed check,91.79,4314.86,No
CUST-2886,Male,0,Yes,No,25,Yes,No,DSL,Yes,Yes,No,Yes,No,No,Month-to-month,Yes,Credit card (automatic),63.78,1596.25,No
CUST-2887,Male,0,Yes,No,41,Yes,Yes,DSL,No,Yes,No,Yes,Yes,Yes,Month-to-month,Yes,Credit card (automatic),77.78,3184.92,No
CUST-2888,Female,0,No,Yes,5,Yes,No,Fiber optic,No,No,Yes,No,Yes,No,Two year,No,Bank transfer (automatic),80.87,404.01,No
CUST-2889,Female,0,Yes,Yes,64,Yes,No,No,No internet service,No internet service,No internet service,No internet service,No internet service,No internet service,Month-to-month,Yes,Credit card (automatic),18.5,1175.08,No
CUST-2890,Male,0,No,No,62,Yes,Yes,Fiber optic,Yes,No,No,No,Yes,Yes,Two year,Yes,Credit card (automatic),85.3,5287.21,No
CUST-2891,Male,1,Yes,No,72,Yes,No,DSL,No,No,Yes,Yes,Yes,Yes,Month-to-month,No,Credit card (automatic),80.3,5787.65,No
CUST-2892,Female,1,Yes,Yes,3,Yes,Yes,DSL,Yes,Yes,No,No,No,No,Month-to-month,No,Mailed check,58.7,169.33,No
CUST-2893,Male,0,No,No,37,Yes,Yes,DSL,No,No,No,No,No,No,Month-to-month,No,Electronic check,42.32,1571.13,Yes
CUST-2894,Female,0,Yes,No,41,Yes,Yes,DSL,Yes,No,Yes,No,No,No,One year,No,Credit card (automatic),53.04,2172.12,No
CUST-2895,Female,1,Yes,No,20,Yes,Yes,Fiber optic,No,No,No,No,Yes,No,Two year,No,Electronic check,93.47,1859.94,Yes
CUST-2896,Female,0,Yes,Yes,67,No,No phone service,DSL,No,No,Yes,Yes,No,Yes,Month-to-month,No,Electronic check,56.59,3800.59,No
CUST-2897,Male,0,No,No,40,Yes,Yes,Fiber optic,No,No,Yes,No,Yes,No,Month-to-month,Yes,Electronic check,82.76,3304.03,Yes
CUST-2898,Male,0,No,No,8,Yes,No,No,No internet service,No internet service,No internet service,No internet service,No internet service,No internet service,One year,No,Bank transfer (automatic),21.22,166.46,No
CUST-2899,Female,0,Yes,No,5,Yes,Yes,No,No internet service,No internet service,No internet service,No internet service,No internet service,No internet service,Month-to-month,Yes,Electronic check,21.48,107.01,Yes
CUST-2900,Female,0,Yes,Yes,25,Yes,No,No,No internet service,No internet service,No internet service,No internet service,No internet service,No internet service,One year,No,Mailed check,26.19,663.74,No
CUST-2901,Male,0,No,Yes,39,Yes,Yes,DSL,No,No,No,Yes,No,Yes,Month-to-month,Yes,Bank transfer (automatic),67.34,2627.88,No
CUST-2902,Female,0,No,No,37,Yes,No,No,No internet service,No internet service,No internet service,No internet service,No internet service,No internet service,Two year,Yes,Credit card (automatic),18.5,692.61,No
CUST-2903,Male,0,Yes,No,5,Yes,Yes,DSL,No,Yes,No,Yes,No,No,Two year,Yes,Electronic check,65.04,326.49,Yes
CUST-2904,Female,0,No,No,8,Yes,No,Fiber optic,No,Yes,No,No,Yes,Yes,Month-to-month,No,Credit card (automatic),86.4,685.31,Yes
CUST-2905,Male,0,No,No,4,Yes,No,DSL,Yes,No,No,No,No,No,Month-to-month,Yes,Electronic check,39.69,160.05,Yes
CUST-2906,Female,0,No,No,41,Yes,Yes,Fiber optic,No,No,Yes,Yes,Yes,No,Month-to-month,No,Credit card (automatic),108.61,4445.02,Yes
CUST-2907,Male,0,Yes,Yes,60,Yes,Yes,DSL,No,Yes,Yes,No,Yes,Yes,Month-to-month,Yes,Mailed check,67.93,4068.14,No
CUST-2908,Male,1,Yes,No,54,Yes,Yes,DSL,Yes,Yes,No,Yes,No,No,Month-to-month,Yes,Electronic check,64.18,3458.03,No
CUST-2909,Male,0,Yes,Yes,22,Yes,Yes,No,No internet service,No internet service,No internet service,No internet service,No internet service,No internet service,Month-to-month,Yes,Credit card (automatic),28.47,616.59,No
CUST-2910,Male,0,No,No,19,Yes,Yes,Fiber optic,Yes,Yes,Yes,No,No,Yes,Two year,Yes,Electronic check,68.72,1298.71,Yes
CUST-2911,Female,1,No,No,68,No,No phone service,Fiber optic,Yes,No,No,Yes,Yes,No,Two year,Yes,Mailed check,110.02,7478.42,No
CUST-2912,Female,0,Yes,No,33,Yes,No,Fiber optic,Yes,Yes,No,Yes,No,No,Month-to-month,Yes,Mailed check,86.29,2839.01,No
CUST-2913,Male,0,No,Yes,22,Yes,Yes,Fiber optic,Yes,No,No,Yes,Yes,No,One year,Yes,Mailed check,107.4,2352.92,No
CUST-2914,Male,0,No,Yes,65,Yes,No,DSL,No,No,Yes,No,No,No,One year,No,Credit card (automatic),54.81,3554.9,No
CUST-2915,Female,0,No,No,11,Yes,Yes,Fiber optic,No,Yes,No,Yes,No,Yes,Month-to-month,Yes,Credit card (automatic),85.76,952.08,Yes
CUST-2916,Female,0,No,No,16,Yes,No,Fiber optic,No,No,No,No,No,Yes,Month-to-month,No,Bank transfer (automatic),71.94,1151.55,No
CUST-2917,Female,1,No,No,68,Yes,Yes,Fiber optic,Yes,No,No,No,Yes,No,Month-to-month,Yes,Credit card (automatic),91.86,6245.18,No
CUST-2918,Male,0,Yes,No,44,Yes,Yes,No,No internet service,No internet service,No internet service,No internet service,No internet service,No internet service,One year,No,Credit card (automatic),18.5,813.74,No
CUST-2919,Male,0,No,No,9,Yes,Yes,Fiber optic,Yes,No,No,No,No,No,Month-to-month,No,Bank transfer (automatic),78.13,704.27,Yes
CUST-2920,Female,1,No,No,72,Yes,Yes,DSL,Yes,No,Yes,No,No,No,One year,No,Electronic check,50.38,3619.52,No
CUST-2921,Male,0,Yes,Yes,62,Yes,No,No,No internet service,No internet service,No internet service,No internet service,No internet service,No internet service,Two year,Yes,Mailed check,21.76,1350.82,No
CUST-2922,Female,0,Yes,No,15,Yes,No,No,No internet service,No internet service,No internet service,No internet service,No internet service,No internet service,One year,No,Electronic check,18.5,284.18,No
CUST-2923,Male,0,No,No,6,Yes,No,No,No internet service,No internet service,No internet service,No internet service,No internet service,No internet service,Two year,Yes,Electronic check,18.5,112.21,No
CUST-2924,Female,0,Yes,No,1,No,No phone service,Fiber optic,No,Yes,No,Yes,No,Yes,One year,No,Bank transfer (automatic),82.98,90.64,No
CUST-2925,Male,0,No,No,20,Yes,No,DSL,Yes,No,Yes,Yes,Yes,No,Month-to-month,No,Electronic check,81.36,1619.96,No
CUST-2926,Female,0,Yes,Yes,36,Yes,No,DSL,Yes,No,No,No,Yes,No,Two year,No,Electronic check,58.96,2129.08,No
CUST-2927,Male,0,Yes,Yes,2,Yes,No,DSL,No,No,No,Yes,No,Yes,Month-to-month,Yes,Mailed check,63.39,130.03,No
CUST-2928,Female,0,Yes,Yes,70,No,No phone service,Fiber optic,No,Yes,No,No,No,No,Two year,Yes,Electronic check,78.84,5520.87,Yes
CUST-2929,Male,0,Yes,No,2,No,No phone service,DSL,No,Yes,No,No,No,Yes,Month-to-month,Yes,Bank transfer (automatic),59.33,120.44,No
CUST-2930,Female,0,No,No,3,Yes,Yes,Fiber optic,Yes,No,No,No,Yes,No,Two year,No,Credit card (automatic),91.69,267.45,Yes
CUST-2931,Female,0,No,No,7,Yes,Yes,No,No internet service,No internet service,No internet service,No internet service,No internet service,No internet service,Month-to-month,Yes,Electronic check,20.47,146.13,Yes
CUST-2932,Female,0,Yes,Yes,64,Yes,Yes,No,No internet service,No internet service,No internet service,No internet service,No internet service,No internet service,Month-to-month,Yes,Mailed check,18.5,1181.98,No
CUST-2933,Female,0,Yes,Yes,41,No,No phone service,DSL,No,No,No,No,No,No,Month-to-month,Yes,Credit card (automatic),47.63,1944.1,No
CUST-2934,Female,1,Yes,Yes,54,Yes,No,DSL,No,Yes,No,Yes,No,No,Month-to-month,Yes,Bank transfer (automatic),62.84,3387.47,No
CUST-2935,Female,0,Yes,No,41,Yes,Yes,Fiber optic,Yes,No,No,No,Yes,Yes,One year,Yes,Electronic check,91.99,3770.44,Yes
CUST-2936,Male,0,No,Yes,5,No,No phone service,Fiber optic,Yes,Yes,Yes,Yes,No,No,Month-to-month,No,Mailed check,88.35,451.61,Yes
CUST-2937,Female,0,Yes,Yes,63,Yes,No,Fiber optic,No,No,No,Yes,No,No,One year,Yes,Bank transfer (automatic),100.35,6320.66,No
CUST-2938,Male,0,Yes,No,1,Yes,Yes,Fiber optic,Yes,No,No,Yes,Yes,No,One year,Yes,Bank transfer (automatic),107.5,107.5,Yes
CUST-2939,Male,0,No,No,25,Yes,No,Fiber optic,No,Yes,No,No,Yes,No,One year,Yes,Electronic check,93.67,2349.78,No
CUST-2940,Male,0,Yes,No,46,Yes,No,DSL,No,Yes,No,Yes,Yes,Yes,Two year,No,Electronic check,82.5,3785.7,Yes
CUST-2941,Male,1,Yes,Yes,15,Yes,Yes,Fiber optic,No,No,No,No,Yes,No,Month-to-month,No,Bank transfer (automatic),85.03,1267.98,Yes
CUST-2942,Female,0,Yes,No,69,Yes,No,Fiber optic,Yes,No,No,Yes,No,No,Month-to-month,No,Bank transfer (automatic),87.17,6014.2,No
CUST-2943,Female,0,No,No,17,Yes,No,DSL,Yes,No,No,No,Yes,Yes,Month-to-month,No,Electronic check,62.58,1055.72,Yes
CUST-2944,Female,0,No,Yes,21,Yes,No,Fiber optic,No,No,No,Yes,Yes,No,Month-to-month,No,Credit card (automatic),110.95,2331.38,No
CUST-2945,Female,0,No,Yes,53,Yes,Yes,No,No internet service,No internet service,No internet service,No internet service,No internet service,No internet service,Month-to-month,Yes,Electronic check,25.02,1319.22,Yes
CUST-2946,Male,0,Yes,No,55,No,No phone service,DSL,Yes,No,Yes,Yes,Yes,No,Two year,No,Mailed check,81.6,4491.02,No
CUST-2947,Male,0,Yes,No,10,Yes,No,No,No internet service,No internet service,No internet service,No internet service,No internet service,No internet service,Month-to-month,Yes,Electronic check,21.16,203.95,Yes
CUST-2948,Male,1,No,Yes,57,Yes,Yes,Fiber optic,No,No,Yes,Yes,No,No,Month-to-month,Yes,Credit card (automatic),93.37,5328.29,No
CUST-2949,Male,0,No,No,65,Yes,No,Fiber optic,No,Yes,Yes,No,No,No,Two year,Yes,Credit card (automatic),67.51,4392.83,No
CUST-2950,Male,0,No,No,37,Yes,No,DSL,Yes,No,Yes,Yes,No,No,Two year,Yes,Electronic check,65.68,2438.67,No
CUST-2951,Male,0,Yes,Yes,7,No,No phone service,DSL,Yes,No,No,Yes,No,No,Two year,Yes,Electronic check,57.52,394.01,No
CUST-2952,Female,0,Yes,No,40,Yes,No,DSL,No,No,No,Yes,No,No,Two year,No,Bank transfer (automatic),63.76,2551.51,No
CUST-2953,Female,0,No,No,50,Yes,Yes,DSL,No,Yes,No,No,No,Yes,Month-to-month,Yes,Mailed check,54.51,2729.68,No
CUST-2954,Female,0,No,No,1,Yes,No,DSL,No,Yes,No,Yes,No,No,Month-to-month,No,Electronic check,60.21,68.26,No
CUST-2955,Female,0,No,No,20,Yes,Yes,Fiber optic,No,No,Yes,No,No,No,One year,No,Credit card (automatic),81.6,1631.64,Yes
CUST-2956,Female,0,No,Yes,31,Yes,Yes,DSL,Yes,No,No,No,No,Yes,Month-to-month,Yes,Bank transfer (automatic),53.67,1672.8,No
CUST-2957,Male,0,No,Yes,68,Yes,No,No,No internet service,No internet service,No internet service,No internet service,No internet service,No internet service,Month-to-month,Yes,Electronic check,20.24,1368.77,Yes
CUST-2958,Female,0,No,No,12,Yes,No,Fiber optic,Yes,No,Yes,No,No,No,Two year,No,Mailed check,74.95,898.06,No
CUST-2959,Female,1,No,No,22,Yes,No,DSL,Yes,Yes,No,No,No,Yes,Month-to-month,Yes,Mailed check,45.12,987.7,Yes
CUST-2960,Male,0,No,No,1,Yes,No,Fiber optic,No,Yes,No,Yes,No,Yes,Month-to-month,No,Mailed check,84.24,84.24,Yes
CUST-2961,Male,0,No,No,1,No,No phone service,No,No internet service,No internet service,No internet service,No internet service,No internet service,No internet service,One year,Yes,Mailed check,18.5,18.5,No
CUST-2962,Female,1,Yes,No,3,Yes,Yes,Fiber optic,No,Yes,No,No,Yes,Yes,Month-to-month,Yes,Bank transfer (automatic),87.13,264.68,No
CUST-2963,Male,0,Yes,No,21,Yes,Yes,DSL,Yes,Yes,Yes,No,No,No,Month-to-month,No,Mailed check,51.78,1087.04,No
CUST-2964,Female,0,No,No,13,No,No phone service,No,No internet service,No internet service,No internet service,No internet service,No internet service,No internet service,Two year,No,Electronic check,18.5,234.13,No
CUST-2965,Female,0,Yes,No,61,Yes,Yes,DSL,Yes,Yes,No,No,Yes,Yes,Two year,Yes,Bank transfer (automatic),63.01,3834.24,No
CUST-2966,Male,1,No,No,13,Yes,Yes,Fiber optic,Yes,Yes,No,Yes,No,No,Month-to-month,No,Credit card (automatic),93.98,1230.21,Yes
CUST-2967,Male,0,Yes,Yes,33,Yes,Yes,Fiber optic,No,Yes,Yes,No,Yes,No,Month-to-month,Yes,Credit card (automatic),83.16,2740.56,Yes
CUST-2968,Male,0,Yes,No,6,Yes,Yes,DSL,Yes,No,No,No,No,No,One year,No,Electronic check,43.37,252.77,Yes
CUST-2969,Male,0,No,No,25,Yes,Yes,DSL,No,Yes,Yes,No,No,Yes,One year,Yes,Mailed check,49.03,1218.67,No
CUST-2970,Male,0,Yes,Yes,23,No,No phone service,No,No internet service,No internet service,No internet service,No internet service,No internet service,No internet service,One year,No,Credit card (automatic),20.41,464.5,No
CUST-2971,Female,0,Yes,No,26,Yes,No,No,No internet service,No internet service,No internet service,No internet service,No internet service,No internet service,One year,Yes,Electronic check,19.99,514.36,No
CUST-2972,Male,0,Yes,No,4,Yes,No,Fiber optic,Yes,Yes,No,No,No,Yes,One year,No,Credit card (automatic),81.12,320.07,Yes
CUST-2973,Female,0,No,No,35,Yes,No,DSL,No,No,No,No,Yes,No,Two year,No,Electronic check,60.6,2115.51,Yes
CUST-2974,Male,0,Yes,Yes,25,Yes,Yes,DSL,No,Yes,No,Yes,No,No,One year,No,Credit card (automatic),58.66,1465.11,No
CUST-2975,Female,0,No,No,20,Yes,Yes,DSL,Yes,Yes,No,No,Yes,Yes,Month-to-month,No,Bank transfer (automatic),55.25,1110.31,No
CUST-2976,Male,0,Yes,Yes,1,Yes,Yes,Fiber optic,No,Yes,Yes,No,Yes,Yes,Two year,No,Bank transfer (automatic),88.62,88.62,No
CUST-2977,Male,0,No,No,68,Yes,Yes,DSL,No,No,Yes,No,No,No,Month-to-month,No,Credit card (automatic),51.75,3512.81,No
CUST-2978,Female,0,Yes,Yes,23,Yes,No,DSL,No,Yes,Yes,No,No,No,Two year,No,Credit card (automatic),52.0,1200.24,No
CUST-2979,Female,0,Yes,No,22,Yes,No,Fiber optic,Yes,Yes,No,No,Yes,No,Two year,Yes,Electronic check,89.06,1952.3,Yes
CUST-2980,Male,0,Yes,No,62,Yes,No,Fiber optic,No,Yes,Yes,Yes,No,Yes,Month-to-month,No,Mailed check,88.1,5467.03,Yes
CUST-2981,Female,0,Yes,No,1,Yes,No,No,No internet service,No internet service,No internet service,No internet service,No internet service,No internet service,One year,Yes,Mailed check,20.87,21.17,No
CUST-2982,Male,1,No,No,59,Yes,No,Fiber optic,No,No,Yes,Yes,No,No,Month-to-month,No,Electronic check,91.04,5378.99,No
CUST-2983,Male,0,Yes,No,68,No,No phone service,Fiber optic,Yes,Yes,No,No,Yes,No,Two year,No,Mailed check,85.04,5772.92,No
CUST-2984,Male,1,Yes,Yes,19,Yes,Yes,DSL,No,Yes,No,No,Yes,No,Month-to-month,No,Credit card (automatic),67.96,1296.93,Yes
CUST-2985,Male,0,No,Yes,30,Yes,No,Fiber optic,No,No,Yes,No,Yes,Yes,Month-to-month,No,Mailed check,93.02,2792.04,Yes
CUST-2986,Female,0,Yes,Yes,1,Yes,No,Fiber optic,Yes,No,No,No,Yes,No,Month-to-month,Yes,Credit card (automatic),82.12,82.12,Yes
CUST-2987,Male,0,Yes,Yes,48,Yes,No,Fiber optic,Yes,Yes,No,Yes,No,No,Month-to-month,No,Electronic check,87.55,4195.31,Yes
CUST-2988,Male,0,No,No,19,Yes,No,DSL,No,No,No,No,Yes,Yes,One year,Yes,Electronic check,59.5,1125.18,No
CUST-2989,Female,0,No,No,52,Yes,Yes,Fiber optic,Yes,Yes,Yes,Yes,Yes,Yes,Month-to-month,Yes,Bank transfer (automatic),104.15,5421.52,Yes
CUST-2990,Female,1,Yes,Yes,22,Yes,Yes,No,No internet service,No internet service,No internet service,No internet service,No internet service,No internet service,Month-to-month,No,Bank transfer (automatic),18.5,399.98,No
CUST-2991,Male,0,Yes,No,50,Yes,Yes,Fiber optic,No,Yes,No,No,Yes,Yes,Month-to-month,No,Electronic check,90.87,4544.05,Yes
CUST-2992,Female,0,No,No,66,Yes,Yes,Fiber optic,No,No,Yes,Yes,Yes,No,Two year,No,Mailed check,99.25,6544.65,No
CUST-2993,Male,0,Yes,Yes,6,Yes,Yes,Fiber optic,No,No,No,No,Yes,No,Month-to-month,No,Credit card (automatic),91.96,551.55,Yes
CUST-2994,Female,1,No,No,64,Yes,Yes,DSL,Yes,Yes,Yes,No,No,No,Month-to-month,Yes,Bank transfer (automatic),61.63,3939.41,Yes
CUST-2995,Female,0,Yes,No,21,Yes,No,Fiber optic,Yes,Yes,Yes,Yes,Yes,Yes,Month-to-month,Yes,Electronic check,106.48,2233.1,Yes
CUST-2996,Female,0,No,No,19,Yes,No,No,No internet service,No internet service,No internet service,No internet service,No internet service,No internet service,One year,Yes,Electronic check,26.33,506.32,No
CUST-2997,Male,1,Yes,No,37,Yes,Yes,DSL,No,No,Yes,No,Yes,Yes,Two year,Yes,Electronic check,63.97,2357.63,No
CUST-2998,Male,0,No,No,63,Yes,Yes,DSL,No,No,Yes,No,No,No,One year,Yes,Bank transfer (automatic),44.77,2829.0,No
CUST-2999,Male,0,Yes,Yes,29,Yes,No,Fiber optic,No,Yes,No,No,No,Yes,Month-to-month,No,Credit card (automatic),73.1,2116.29,No
CUST-3000,Male,0,No,No,60,Yes,Yes,DSL,No,No,Yes,No,Yes,Yes,One year,Yes,Electronic check,67.69,4063.32,No
CUST-3001,Male,0,Yes,No,34,No,No phone service,Fiber optic,Yes,No,Yes,No,Yes,Yes,Month-to-month,No,Bank transfer (automatic),89.79,3047.3,Yes
CUST-3002,Female,0,Yes,No,1,No,No phone service,DSL,No,Yes,Yes,No,No,Yes,Month-to-month,Yes,Credit card (automatic),48.2,48.2,Yes
CUST-3003,Male,0,No,No,48,Yes,No,Fiber optic,No,Yes,Yes,No,No,Yes,Month-to-month,No,Electronic check,78.62,3772.95,Yes
CUST-3004,Male,0,No,No,21,Yes,No,Fiber optic,No,No,No,No,No,No,Month-to-month,Yes,Bank transfer (automatic),74.47,1567.64,Yes
CUST-3005,Female,0,No,No,34,Yes,No,DSL,No,No,No,No,Yes,No,Month-to-month,No,Electronic check,56.88,1941.38,Yes
CUST-3006,Male,0,Yes,No,26,Yes,Yes,DSL,No,Yes,No,No,Yes,No,One year,Yes,Credit card (automatic),67.92,1773.24,No
CUST-3007,Female,0,No,No,36,Yes,No,DSL,No,No,No,No,No,No,Two year,No,Electronic check,51.06,1834.9,No
CUST-3008,Male,0,Yes,No,23,Yes,Yes,DSL,No,No,No,No,Yes,Yes,Month-to-month,No,Mailed check,70.55,1614.42,No
CUST-3009,Male,0,No,No,47,Yes,Yes,Fiber optic,No,No,No,Yes,No,No,Month-to-month,No,Electronic check,91.87,4326.39,No
CUST-3010,Male,0,No,No,44,No,No phone service,DSL,No,No,Yes,No,Yes,No,Month-to-month,Yes,Electronic check,61.91,2714.65,Yes
CUST-3011,Male,0,Yes,No,20,No,No phone service,Fiber optic,No,No,Yes,No,Yes,Yes,Month-to-month,No,Credit card (automatic),91.52,1838.02,No
CUST-3012,Female,0,No,No,27,Yes,No,Fiber optic,No,No,No,No,No,Yes,Two year,No,Bank transfer (automatic),74.32,1997.16,No
CUST-3013,Male,0,No,Yes,61,Yes,No,DSL,No,No,No,Yes,No,Yes,Two year,No,Bank transfer (automatic),65.89,4028.82,No
CUST-3014,Female,0,Yes,Yes,37,Yes,Yes,DSL,No,Yes,No,Yes,Yes,Yes,Month-to-month,Yes,Bank transfer (automatic),85.21,3142.99,No
CUST-3015,Male,1,No,No,52,Yes,No,DSL,Yes,No,Yes,No,No,Yes,Month-to-month,No,Electronic check,47.96,2484.26,Yes
CUST-3016,Male,0,Yes,No,62,Yes,Yes,Fiber optic,Yes,No,No,No,No,No,One year,Yes,Electronic check,73.53,4559.03,Yes
CUST-3017,Female,0,No,Yes,66,Yes,Yes,DSL,No,No,No,Yes,No,Yes,Month-to-month,Yes,Bank transfer (automatic),53.06,3505.3,Yes
CUST-3018,Male,0,Yes,No,24,Yes,No,DSL,No,No,No,No,Yes,No,One year,No,Bank transfer (automatic),73.32,1756.74,No
CUST-3019,Female,0,Yes,No,12,Yes,Yes,DSL,Yes,Yes,No,No,No,No,Two year,No,Bank transfer (automatic),49.93,601.28,No
CUST-3020,Female,0,Yes,Yes,16,Yes,Yes,No,No internet service,No internet service,No internet service,No internet service,No internet service,No internet service,Two year,Yes,Bank transfer (automatic),18.5,302.92,No
CUST-3021,Female,0,No,Yes,36,No,No phone service,Fiber optic,No,Yes,No,Yes,No,Yes,One year,Yes,Bank transfer (automatic),94.7,3415.11,No
CUST-3022,Female,1,No,No,2,Yes,Yes,Fiber optic,Yes,No,No,No,Yes,Yes,Month-to-month,No,Electronic check,96.39,200.46,Yes
CUST-3023,Male,0,No,Yes,62,Yes,Yes,DSL,No,No,No,No,No,No,Month-to-month,No,Bank transfer (automatic),42.33,2617.64,No
CUST-3024,Male,0,Yes,No,64,Yes,Yes,DSL,No,Yes,No,Yes,No,Yes,Two year,No,Mailed check,62.06,3966.33,No
CUST-3025,Male,0,Yes,No,29,Yes,No,DSL,Yes,No,Yes,No,Yes,No,Month-to-month,No,Bank transfer (automatic),66.34,1925.61,Yes
CUST-3026,Female,0,No,No,31,No,No phone service,No,No internet service,No internet service,No internet service,No internet service,No internet service,No internet service,Month-to-month,Yes,Electronic check,18.5,577.97,No
CUST-3027,Female,1,No,No,15,Yes,No,DSL,No,Yes,Yes,Yes,Yes,Yes,Month-to-month,Yes,Electronic check,77.07,1148.2,No
CUST-3028,Male,0,Yes,No,55,Yes,No,Fiber optic,Yes,Yes,No,No,No,Yes,Month-to-month,Yes,Electronic check,68.59,3765.96,Yes
CUST-3029,Female,0,Yes,No,33,Yes,No,DSL,No,No,No,Yes,No,Yes,Month-to-month,Yes,Credit card (automatic),65.15,2158.41,No
CUST-3030,Male,0,No,No,52,No,No phone service,Fiber optic,No,No,No,No,No,Yes,Month-to-month,Yes,Electronic check,70.04,3632.6,Yes
CUST-3031,Female,0,Yes,No,20,Yes,No,DSL,No,Yes,No,Yes,Yes,No,Two year,Yes,Mailed check,92.25,1843.04,No
CUST-3032,Male,0,No,No,38,Yes,No,Fiber optic,Yes,No,No,No,Yes,No,Month-to-month,Yes,Bank transfer (automatic),98.56,3739.5,Yes
CUST-3033,Female,0,No,No,3,Yes,No,No,No internet service,No internet service,No internet service,No internet service,No internet service,No internet service,One year,No,Mailed check,18.5,60.99,No
CUST-3034,Female,0,No,No,54,Yes,Yes,Fiber optic,No,Yes,No,No,Yes,Yes,Two year,Yes,Electronic check,81.1,4386.67,Yes
CUST-3035,Male,0,No,No,66,Yes,Yes,Fiber optic,No,Yes,Yes,No,Yes,No,Two year,Yes,Electronic check,82.6,5446.54,Yes
CUST-3036,Male,0,Yes,Yes,18,Yes,No,Fiber optic,Yes,Yes,No,No,No,No,One year,Yes,Mailed check,72.56,1307.88,No
CUST-3037,Male,0,No,Yes,7,Yes,Yes,Fiber optic,No,Yes,No,No,No,No,Month-to-month,Yes,Bank transfer (automatic),75.83,537.67,Yes
CUST-3038,Male,0,No,No,35,Yes,No,DSL,No,Yes,No,Yes,Yes,Yes,Month-to-month,No,Mailed check,73.3,2567.47,No
CUST-3039,Male,0,Yes,No,60,Yes,No,DSL,Yes,Yes,No,Yes,No,Yes,One year,Yes,Credit card (automatic),63.51,3812.61,No
CUST-3040,Female,0,No,No,24,Yes,Yes,Fiber optic,Yes,Yes,No,Yes,No,No,Two year,Yes,Electronic check,88.78,2128.98,No
CUST-3041,Female,0,Yes,No,39,Yes,No,DSL,No,Yes,Yes,No,No,No,Month-to-month,No,Mailed check,43.88,1714.38,No
CUST-3042,Female,0,No,Yes,12,Yes,Yes,No,No internet service,No internet service,No internet service,No internet service,No internet service,No internet service,One year,Yes,Bank transfer (automatic),26.9,332.01,No
CUST-3043,Male,0,Yes,No,53,Yes,No,Fiber optic,No,No,Yes,Yes,No,Yes,Month-to-month,No,Credit card (automatic),91.55,4848.14,No
CUST-3044,Female,1,No,Yes,64,Yes,No,Fiber optic,No,No,Yes,Yes,No,No,Month-to-month,Yes,Mailed check,92.26,5898.65,Yes
CUST-3045,Female,0,Yes,No,4,Yes,No,DSL,No,No,No,Yes,Yes,No,One year,Yes,Bank transfer (automatic),92.11,377.6,No
CUST-3046,Male,0,Yes,No,5,Yes,Yes,Fiber optic,No,No,No,No,No,Yes,Month-to-month,Yes,Bank transfer (automatic),69.51,338.75,Yes
CUST-3047,Female,0,No,No,16,Yes,Yes,Fiber optic,No,No,No,No,Yes,Yes,One year,Yes,Electronic check,94.6,1520.4,No
CUST-3048,Female,0,No,No,27,Yes,No,Fiber optic,No,Yes,No,No,No,No,Month-to-month,Yes,Bank transfer (automatic),83.35,2258.65,No
CUST-3049,Male,0,Yes,Yes,4,Yes,No,DSL,No,Yes,No,No,No,Yes,Month-to-month,Yes,Electronic check,57.58,224.71,Yes
CUST-3050,Male,1,Yes,No,72,Yes,Yes,No,No internet service,No internet service,No internet service,No internet service,No internet service,No internet service,Month-to-month,Yes,Credit card (automatic),23.23,1671.07,Yes
CUST-3051,Male,0,Yes,Yes,48,Yes,Yes,DSL,No,Yes,Yes,No,Yes,No,Month-to-month,No,Credit card (automatic),56.2,2690.06,No
CUST-3052,Male,1,No,Yes,8,Yes,Yes,DSL,No,Yes,No,Yes,No,No,One year,Yes,Mailed check,66.68,530.78,No
CUST-3053,Female,0,No,Yes,46,Yes,No,No,No internet service,No internet service,No internet service,No internet service,No internet service,No internet service,Month-to-month,Yes,Electronic check,18.5,850.15,No
CUST-3054,Female,0,No,No,44,Yes,No,Fiber optic,Yes,Yes,No,No,No,Yes,Two year,No,Bank transfer (automatic),76.12,3349.47,No
CUST-3055,Female,0,No,Yes,67,Yes,Yes,DSL,No,Yes,No,Yes,Yes,No,Month-to-month,Yes,Mailed check,85.15,5697.5,Yes
CUST-3056,Male,0,No,No,52,Yes,Yes,No,No internet service,No internet service,No internet service,No internet service,No internet service,No internet service,One year,Yes,Electronic check,21.71,1126.99,No
CUST-3057,Male,0,Yes,No,34,Yes,No,DSL,Yes,No,No,No,Yes,Yes,Month-to-month,No,Electronic check,59.33,2019.72,Yes
CUST-3058,Female,1,Yes,No,62,No,No phone service,DSL,No,Yes,No,No,No,Yes,Month-to-month,Yes,Electronic check,43.05,2669.1,No
CUST-3059,Female,1,No,Yes,21,Yes,No,Fiber optic,No,No,No,Yes,Yes,No,Month-to-month,No,Bank transfer (automatic),101.07,2129.3,No
CUST-3060,Male,1,No,Yes,24,No,No phone service,DSL,No,Yes,No,Yes,No,No,Month-to-month,Yes,Mailed check,64.5,1557.02,No
CUST-3061,Female,0,No,No,44,Yes,No,No,No internet service,No internet service,No internet service,No internet service,No internet service,No internet service,Month-to-month,Yes,Bank transfer (automatic),26.85,1187.74,No
CUST-3062,Female,0,No,No,41,Yes,No,Fiber optic,No,No,Yes,No,Yes,Yes,Month-to-month,Yes,Mailed check,91.33,3735.48,No
CUST-3063,Male,0,No,Yes,29,Yes,Yes,DSL,Yes,No,Yes,No,Yes,No,Two year,No,Bank transfer (automatic),64.38,1861.31,No
CUST-3064,Male,0,No,No,6,Yes,Yes,No,No internet service,No internet service,No internet service,No internet service,No internet service,No internet service,Two year,Yes,Bank transfer (automatic),18.98,105.63,No
CUST-3065,Female,0,Yes,No,56,Yes,No,DSL,No,Yes,No,No,Yes,No,Month-to-month,Yes,Mailed check,64.04,3584.92,Yes
CUST-3066,Male,0,Yes,No,14,Yes,No,Fiber optic,Yes,Yes,No,Yes,Yes,No,One year,No,Electronic check,109.23,1533.7,No
CUST-3067,Male,0,No,No,50,Yes,No,No,No internet service,No internet service,No internet service,No internet service,No internet service,No internet service,Month-to-month,Yes,Mailed check,18.5,915.65,No
CUST-3068,Male,0,No,No,52,Yes,No,Fiber optic,No,No,No,No,Yes,No,Two year,No,Electronic check,95.7,4971.74,No
CUST-3069,Male,0,Yes,No,1,Yes,No,DSL,No,No,No,No,No,No,One year,No,Credit card (automatic),53.72,53.72,No
CUST-3070,Female,0,Yes,No,12,Yes,Yes,DSL,No,No,No,Yes,No,Yes,Month-to-month,Yes,Credit card (automatic),63.66,762.12,No
CUST-3071,Female,0,Yes,No,24,Yes,Yes,DSL,No,Yes,No,No,Yes,No,One year,Yes,Mailed check,78.66,1896.35,No
CUST-3072,Male,0,Yes,No,37,No,No phone service,Fiber optic,Yes,No,No,Yes,No,No,Month-to-month,No,Electronic check,95.13,3518.07,Yes
CUST-3073,Female,0,No,No,70,Yes,No,Fiber optic,No,Yes,Yes,No,Yes,Yes,One year,No,Mailed check,89.07,6237.59,No
CUST-3074,Female,0,Yes,No,3,Yes,No,DSL,Yes,No,No,Yes,Yes,No,Month-to-month,Yes,Credit card (automatic),83.83,249.23,Yes
CUST-3075,Female,0,No,Yes,27,Yes,No,DSL,Yes,No,Yes,Yes,Yes,Yes,One year,Yes,Electronic check,78.47,2123.32,No
CUST-3076,Male,0,Yes,Yes,53,Yes,No,Fiber optic,No,No,No,No,Yes,No,Month-to-month,Yes,Bank transfer (automatic),86.27,4577.17,No
CUST-3077,Male,0,No,No,17,Yes,Yes,Fiber optic,No,Yes,Yes,Yes,Yes,No,Month-to-month,No,Electronic check,102.55,1736.11,No
CUST-3078,Female,0,Yes,No,15,Yes,Yes,DSL,No,No,No,No,Yes,No,One year,Yes,Credit card (automatic),64.97,977.61,No
CUST-3079,Female,0,No,No,39,Yes,Yes,No,No internet service,No internet service,No internet service,No internet service,No internet service,No internet service,One year,Yes,Credit card (automatic),18.5,719.23,No
CUST-3080,Male,0,No,No,4,Yes,No,DSL,No,Yes,No,No,Yes,Yes,Month-to-month,Yes,Bank transfer (automatic),57.97,239.07,Yes
CUST-3081,Male,0,No,No,17,Yes,No,Fiber optic,Yes,No,Yes,Yes,Yes,Yes,Month-to-month,Yes,Bank transfer (automatic),106.99,1811.99,No
CUST-3082,Male,0,Yes,Yes,11,No,No phone service,DSL,No,Yes,Yes,No,Yes,No,Month-to-month,No,Mailed check,63.05,701.5,Yes
CUST-3083,Female,0,Yes,No,12,Yes,Yes,DSL,Yes,No,No,No,No,Yes,Month-to-month,No,Bank transfer (automatic),59.89,718.91,Yes
CUST-3084,Female,0,Yes,No,32,No,No phone service,Fiber optic,No,No,Yes,Yes,Yes,No,Month-to-month,Yes,Mailed check,108.35,3462.31,Yes
CUST-3085,Male,0,Yes,No,27,Yes,No,Fiber optic,Yes,No,No,No,No,No,One year,Yes,Bank transfer (automatic),77.2,2081.09,No
CUST-3086,Male,0,No,No,44,No,No phone service,Fiber optic,No,No,Yes,Yes,No,No,Month-to-month,No,Credit card (automatic),92.39,4055.26,Yes
CUST-3087,Female,0,No,Yes,43,Yes,No,DSL,No,Yes,Yes,Yes,No,Yes,Month-to-month,No,Credit card (automatic),64.1,2765.3,No
CUST-3088,Female,0,No,No,49,Yes,No,Fiber optic,No,No,Yes,Yes,Yes,No,Two year,No,Mailed check,108.64,5317.86,No
CUST-3089,Male,0,No,No,43,Yes,No,Fiber optic,Yes,Yes,Yes,Yes,Yes,Yes,One year,Yes,Credit card (automatic),104.74,4512.01,No
CUST-3090,Female,0,Yes,Yes,3,Yes,Yes,DSL,Yes,No,Yes,No,No,No,One year,Yes,Bank transfer (automatic),51.68,162.1,No
CUST-3091,Female,1,Yes,No,29,Yes,No,No,No internet service,No internet service,No internet service,No internet service,No internet service,No internet service,Month-to-month,Yes,Electronic check,18.86,543.92,No
CUST-3092,Male,0,Yes,No,35,Yes,No,Fiber optic,Yes,Yes,No,No,Yes,Yes,One year,No,Bank transfer (automatic),95.94,3352.12,Yes
CUST-3093,Female,0,No,No,48,Yes,Yes,No,No internet service,No internet service,No internet service,No internet service,No internet service,No internet service,Month-to-month,Yes,Credit card (automatic),18.5,886.53,No
CUST-3094,Male,0,No,No,39,Yes,No,Fiber optic,No,Yes,No,No,Yes,No,Month-to-month,No,Electronic check,79.59,3112.68,Yes
CUST-3095,Female,0,Yes,No,24,Yes,Yes,DSL,No,No,No,Yes,No,Yes,Month-to-month,Yes,Bank transfer (automatic),62.56,1508.54,No
CUST-3096,Female,0,Yes,No,20,Yes,Yes,Fiber optic,No,No,Yes,Yes,No,Yes,Month-to-month,Yes,Credit card (automatic),97.63,1952.37,No
CUST-3097,Female,0,No,Yes,15,Yes,Yes,Fiber optic,No,Yes,No,No,Yes,Yes,Month-to-month,Yes,Electronic check,94.18,1413.61,Yes
CUST-3098,Female,0,No,No,18,Yes,No,DSL,No,No,No,No,No,No,Month-to-month,Yes,Bank transfer (automatic),55.91,1004.55,No
CUST-3099,Male,1,No,Yes,60,Yes,No,Fiber optic,No,No,Yes,No,No,Yes,One year,No,Electronic check,75.68,4549.7,No
CUST-3100,Female,0,Yes,No,41,Yes,Yes,DSL,No,Yes,No,No,Yes,No,Month-to-month,Yes,Bank transfer (automatic),65.69,2703.07,No
CUST-3101,Female,0,Yes,No,69,Yes,No,DSL,Yes,No,No,Yes,No,No,Month-to-month,Yes,Bank transfer (automatic),61.93,4268.95,No
CUST-3102,Male,1,No,No,11,Yes,Yes,DSL,Yes,Yes,No,No,No,Yes,One year,Yes,Mailed check,47.17,527.86,No
CUST-3103,Female,0,No,No,56,Yes,Yes,No,No internet service,No internet service,No internet service,No internet service,No internet service,No internet service,Month-to-month,Yes,Electronic check,20.16,1137.97,No
CUST-3104,Female,0,Yes,Yes,18,Yes,Yes,Fiber optic,No,No,Yes,No,Yes,No,One year,Yes,Credit card (automatic),90.11,1621.45,No
CUST-3105,Male,0,No,No,12,Yes,No,DSL,No,No,No,No,Yes,No,Month-to-month,Yes,Mailed check,64.5,772.3,Yes
CUST-3106,Female,0,No,No,16,Yes,No,Fiber optic,No,No,No,No,No,No,Month-to-month,Yes,Credit card (automatic),76.5,1231.39,No
CUST-3107,Female,0,Yes,No,27,Yes,No,DSL,Yes,No,No,No,No,No,One year,Yes,Mailed check,47.86,1301.08,No
CUST-3108,Male,1,Yes,No,17,Yes,No,Fiber optic,No,No,No,No,No,Yes,Two year,No,Credit card (automatic),77.01,1307.22,No
CUST-3109,Female,0,Yes,No,31,Yes,Yes,No,No internet service,No internet service,No internet service,No internet service,No internet service,No internet service,One year,Yes,Electronic check,26.56,823.2,No
CUST-3110,Male,0,Yes,No,35,Yes,No,Fiber optic,No,Yes,Yes,Yes,No,Yes,Month-to-month,No,Electronic check,100.11,3500.53,No
CUST-3111,Male,1,No,No,27,Yes,Yes,Fiber optic,No,Yes,No,Yes,Yes,No,One year,No,Electronic check,101.5,2734.68,No
CUST-3112,Male,0,Yes,No,32,Yes,No,Fiber optic,No,Yes,No,Yes,Yes,Yes,Month-to-month,No,Electronic check,111.1,3565.12,Yes
CUST-3113,Female,0,No,No,17,Yes,Yes,Fiber optic,Yes,Yes,No,Yes,Yes,No,Two year,Yes,Mailed check,108.96,1846.1,Yes
CUST-3114,Female,0,No,No,11,Yes,Yes,Fiber optic,No,Yes,No,Yes,Yes,No,One year,Yes,Mailed check,111.08,1228.16,Yes
CUST-3115,Male,1,Yes,No,1,Yes,No,Fiber optic,No,Yes,No,Yes,Yes,Yes,Two year,Yes,Electronic check,115.05,115.05,Yes
CUST-3116,Male,0,Yes,Yes,49,Yes,Yes,Fiber optic,No,No,No,No,No,Yes,Month-to-month,Yes,Mailed check,82.61,4039.56,No
CUST-3117,Female,0,No,Yes,41,Yes,Yes,No,No internet service,No internet service,No internet service,No internet service,No internet service,No internet service,Month-to-month,Yes,Electronic check,18.5,755.0,Yes
CUST-3118,Male,0,No,No,20,No,No phone service,Fiber optic,No,No,Yes,No,Yes,Yes,Month-to-month,Yes,Credit card (automatic),90.41,1799.86,Yes
CUST-3119,Female,0,No,Yes,71,No,No phone service,Fiber optic,Yes,No,Yes,Yes,No,No,One year,No,Mailed check,86.03,6117.77,Yes
CUST-3120,Female,1,Yes,Yes,37,Yes,No,Fiber optic,No,Yes,No,Yes,Yes,No,One year,Yes,Credit card (automatic),106.28,3927.66,No
CUST-3121,Female,0,Yes,No,16,Yes,Yes,DSL,No,No,No,No,No,Yes,Month-to-month,No,Mailed check,60.36,970.68,Yes
CUST-3122,Female,0,No,Yes,39,Yes,Yes,DSL,No,Yes,No,Yes,No,No,Month-to-month,Yes,Mailed check,68.57,2672.74,No
CUST-3123,Male,1,No,No,45,Yes,Yes,Fiber optic,Yes,No,Yes,Yes,No,Yes,One year,No,Electronic check,90.59,4080.14,No
CUST-3124,Female,0,Yes,No,64,Yes,No,Fiber optic,Yes,No,No,Yes,Yes,Yes,One year,No,Electronic check,101.29,6477.66,Yes
CUST-3125,Female,0,No,No,47,Yes,Yes,Fiber optic,Yes,Yes,No,Yes,No,No,Month-to-month,Yes,Credit card (automatic),88.45,4149.03,Yes
CUST-3126,Female,0,Yes,Yes,23,No,No phone service,DSL,No,Yes,No,No,Yes,Yes,Two year,No,Electronic check,70.66,1631.35,No
CUST-3127,Male,0,No,No,32,Yes,Yes,DSL,Yes,No,Yes,No,No,Yes,Month-to-month,Yes,Electronic check,45.99,1476.01,Yes
CUST-3128,Female,0,No,No,49,Yes,No,No,No internet service,No internet service,No internet service,No internet service,No internet service,No internet service,Two year,No,Electronic check,27.68,1348.51,No
CUST-3129,Male,1,Yes,No,19,Yes,No,DSL,No,Yes,No,No,No,Yes,Month-to-month,Yes,Credit card (automatic),54.14,1033.28,No
CUST-3130,Male,0,No,No,67,Yes,No,DSL,No,No,No,Yes,Yes,Yes,Month-to-month,No,Credit card (automatic),74.25,4976.7,No
CUST-3131,Male,0,Yes,Yes,39,Yes,Yes,DSL,No,No,No,Yes,Yes,No,Month-to-month,Yes,Electronic check,87.38,3401.25,Yes
CUST-3132,Female,0,Yes,No,60,Yes,Yes,Fiber optic,No,No,No,No,Yes,No,One year,Yes,Mailed check,83.4,5010.51,No
CUST-3133,Female,0,Yes,Yes,11,Yes,No,Fiber optic,No,Yes,No,No,No,No,Month-to-month,Yes,Mailed check,66.95,740.43,Yes
CUST-3134,Female,0,Yes,No,49,Yes,No,No,No internet service,No internet service,No internet service,No internet service,No internet service,No internet service,Month-to-month,Yes,Electronic check,23.24,1138.9,Yes
CUST-3135,Female,0,Yes,No,15,Yes,No,DSL,Yes,Yes,Yes,Yes,Yes,No,Two year,Yes,Mailed check,84.82,1265.87,No
CUST-3136,Male,1,No,No,61,Yes,Yes,Fiber optic,No,No,No,Yes,No,Yes,Two year,No,Electronic check,88.5,5399.3,No
CUST-3137,Female,0,No,No,43,Yes,Yes,DSL,No,Yes,No,Yes,Yes,No,Month-to-month,No,Mailed check,76.21,3270.28,No
CUST-3138,Male,0,Yes,No,15,Yes,No,DSL,No,Yes,Yes,No,Yes,No,One year,Yes,Electronic check,64.03,954.13,Yes
CUST-3139,Female,0,No,No,5,Yes,No,Fiber optic,Yes,No,No,No,Yes,Yes,Month-to-month,Yes,Bank transfer (automatic),91.59,452.78,Yes
CUST-3140,Female,1,No,No,29,Yes,Yes,DSL,No,No,No,No,No,No,One year,Yes,Electronic check,50.59,1470.2,No
CUST-3141,Female,0,No,No,62,Yes,Yes,DSL,No,No,No,No,No,No,Month-to-month,No,Bank transfer (automatic),46.48,2885.35,Yes
CUST-3142,Female,0,No,No,60,Yes,No,DSL,No,No,No,Yes,Yes,Yes,Month-to-month,Yes,Bank transfer (automatic),73.82,4420.66,No
CUST-3143,Male,0,Yes,No,69,Yes,Yes,DSL,No,No,No,No,Yes,No,One year,No,Bank transfer (automatic),63.17,4361.75,No
CUST-3144,Male,1,Yes,No,22,No,No phone service,Fiber optic,Yes,Yes,No,Yes,Yes,Yes,Month-to-month,No,Mailed check,100.03,2191.35,No
CUST-3145,Female,0,No,No,13,Yes,No,DSL,No,No,Yes,Yes,Yes,Yes,Month-to-month,No,Electronic check,82.22,1076.96,Yes
CUST-3146,Male,0,Yes,No,50,Yes,No,No,No internet service,No internet service,No internet service,No internet service,No internet service,No internet service,Two year,No,Electronic check,25.76,1293.57,No
CUST-3147,Male,0,Yes,Yes,47,Yes,Yes,No,No internet service,No internet service,No internet service,No internet service,No internet service,No internet service,One year,No,Mailed check,18.5,873.99,No
CUST-3148,Male,0,Yes,No,29,Yes,Yes,DSL,No,No,No,No,No,No,Month-to-month,No,Bank transfer (automatic),54.64,1579.34,No
CUST-3149,Female,0,Yes,Yes,17,Yes,Yes,Fiber optic,No,No,No,Yes,No,No,Month-to-month,No,Bank transfer (automatic),97.98,1675.41,Yes
CUST-3150,Male,0,Yes,No,20,Yes,No,Fiber optic,No,No,No,Yes,Yes,No,One year,Yes,Electronic check,101.46,2037.69,No
CUST-3151,Male,0,No,No,6,Yes,No,Fiber optic,No,Yes,No,Yes,Yes,Yes,Two year,Yes,Bank transfer (automatic),106.76,640.36,No
CUST-3152,Female,1,Yes,No,22,Yes,No,No,No internet service,No internet service,No internet service,No internet service,No internet service,No internet service,Two year,Yes,Bank transfer (automatic),20.1,432.89,No
CUST-3153,Female,1,No,No,9,Yes,No,Fiber optic,No,No,No,No,No,No,One year,Yes,Electronic check,69.36,624.47,Yes
CUST-3154,Male,0,No,No,32,Yes,No,DSL,No,No,No,No,Yes,Yes,Month-to-month,No,Bank transfer (automatic),65.0,2073.08,Yes
CUST-3155,Male,0,Yes,No,33,Yes,No,Fiber optic,No,Yes,No,Yes,No,Yes,One year,No,Credit card (automatic),87.78,2898.59,Yes
CUST-3156,Male,0,Yes,No,70,No,No phone service,No,No internet service,No internet service,No internet service,No internet service,No internet service,No internet service,Month-to-month,Yes,Electronic check,18.5,1304.73,Yes
CUST-3157,Male,0,Yes,No,49,Yes,No,Fiber optic,No,No,No,No,No,Yes,Two year,Yes,Bank transfer (automatic),73.77,3619.87,No
CUST-3158,Male,0,Yes,No,30,No,No phone service,Fiber optic,No,Yes,No,Yes,No,No,Month-to-month,Yes,Mailed check,87.41,2618.75,No
CUST-3159,Female,0,Yes,Yes,16,Yes,Yes,Fiber optic,No,Yes,No,No,Yes,No,One year,No,Electronic check,96.62,1543.8,No
CUST-3160,Female,0,Yes,No,65,Yes,No,DSL,No,No,No,Yes,Yes,No,One year,Yes,Credit card (automatic),69.62,4534.19,No
CUST-3161,Female,0,No,No,14,Yes,No,No,No internet service,No internet service,No internet service,No internet service,No internet service,No internet service,Month-to-month,Yes,Credit card (automatic),18.5,251.2,No
CUST-3162,Male,0,No,No,56,Yes,No,No,No internet service,No internet service,No internet service,No internet service,No internet service,No internet service,Month-to-month,Yes,Electronic check,19.6,1105.4,No
CUST-3163,Female,0,Yes,No,37,Yes,No,DSL,No,No,No,No,No,Yes,One year,No,Mailed check,45.8,1686.09,No
CUST-3164,Male,0,Yes,No,49,Yes,Yes,DSL,No,No,No,No,Yes,Yes,Month-to-month,Yes,Mailed check,68.42,3350.87,Yes
CUST-3165,Female,0,No,No,50,Yes,Yes,Fiber optic,No,No,Yes,Yes,No,Yes,Month-to-month,No,Electronic check,91.4,4574.91,Yes
CUST-3166,Female,1,No,No,36,Yes,No,Fiber optic,Yes,Yes,No,No,No,No,Month-to-month,Yes,Electronic check,74.3,2672.7,Yes
CUST-3167,Male,0,No,No,52,Yes,Yes,DSL,No,Yes,No,No,Yes,No,Two year,No,Credit card (automatic),65.44,3404.3,No
CUST-3168,Female,0,No,No,23,Yes,Yes,DSL,Yes,No,No,No,No,No,Month-to-month,Yes,Credit card (automatic),49.73,1143.61,No
CUST-3169,Male,0,Yes,Yes,66,Yes,No,Fiber optic,No,No,Yes,No,Yes,Yes,One year,No,Bank transfer (automatic),84.8,5598.89,No
CUST-3170,Female,0,Yes,No,71,No,No phone service,DSL,No,No,No,No,Yes,No,Month-to-month,No,Electronic check,68.15,4832.07,Yes
CUST-3171,Male,1,No,Yes,45,Yes,No,DSL,No,Yes,No,Yes,No,Yes,One year,Yes,Credit card (automatic),59.03,2657.91,No
CUST-3172,Male,0,Yes,Yes,28,Yes,No,Fiber optic,No,No,No,No,No,Yes,Two year,Yes,Credit card (automatic),75.49,2123.47,No
CUST-3173,Female,0,No,Yes,20,Yes,No,No,No internet service,No internet service,No internet service,No internet service,No internet service,No internet service,Month-to-month,Yes,Bank transfer (automatic),21.15,416.88,Yes
CUST-3174,Male,0,No,Yes,49,Yes,No,Fiber optic,Yes,Yes,Yes,No,No,Yes,Two year,Yes,Mailed check,72.76,3556.58,No
CUST-3175,Female,0,No,No,57,Yes,No,Fiber optic,No,Yes,Yes,No,Yes,Yes,Two year,No,Mailed check,87.24,4970.52,No
CUST-3176,Male,1,Yes,No,59,Yes,Yes,Fiber optic,No,No,No,Yes,Yes,No,One year,No,Credit card (automatic),102.27,6031.42,No
CUST-3177,Female,0,No,No,26,Yes,No,Fiber optic,No,No,No,No,No,Yes,One year,No,Electronic check,66.73,1727.49,No
CUST-3178,Female,0,No,No,19,Yes,Yes,DSL,No,No,Yes,No,Yes,No,Two year,Yes,Electronic check,74.02,1407.81,No
CUST-3179,Female,0,Yes,No,13,Yes,No,DSL,Yes,No,Yes,No,Yes,No,Two year,Yes,Credit card (automatic),68.5,889.25,No
CUST-3180,Male,0,Yes,No,62,Yes,Yes,DSL,Yes,No,Yes,No,No,No,Month-to-month,No,Electronic check,50.91,3163.16,No
CUST-3181,Male,0,No,No,14,Yes,Yes,No,No internet service,No internet service,No internet service,No internet service,No internet service,No internet service,Two year,No,Credit card (automatic),18.5,257.46,No
CUST-3182,Male,0,No,No,11,Yes,No,Fiber optic,Yes,No,No,No,Yes,Yes,Month-to-month,Yes,Bank transfer (automatic),89.45,993.66,Yes
CUST-3183,Male,0,Yes,No,67,Yes,No,Fiber optic,No,Yes,No,No,Yes,No,Two year,Yes,Mailed check,87.69,5880.83,No
CUST-3184,Female,0,Yes,Yes,12,Yes,Yes,No,No internet service,No internet service,No internet service,No internet service,No internet service,No internet service,Month-to-month,Yes,Bank transfer (automatic),28.21,338.27,No
CUST-3185,Female,1,No,Yes,35,Yes,Yes,No,No internet service,No internet service,No internet service,No internet service,No internet service,No internet service,One year,Yes,Electronic check,18.5,648.54,No
CUST-3186,Female,0,No,No,39,Yes,No,No,No internet service,No internet service,No internet service,No internet service,No internet service,No internet service,One year,Yes,Bank transfer (automatic),18.5,728.84,No
CUST-3187,Female,0,No,No,32,Yes,No,DSL,No,Yes,Yes,No,Yes,No,Month-to-month,Yes,Bank transfer (automatic),56.94,1827.56,Yes
CUST-3188,Female,0,No,Yes,14,Yes,Yes,Fiber optic,No,No,No,No,No,Yes,One year,Yes,Mailed check,78.85,1107.05,No
CUST-3189,Female,0,Yes,Yes,65,Yes,No,Fiber optic,Yes,Yes,No,No,No,No,Two year,Yes,Electronic check,71.47,4640.89,No
CUST-3190,Male,0,No,Yes,27,Yes,Yes,Fiber optic,No,Yes,No,No,No,No,Month-to-month,Yes,Credit card (automatic),77.52,2091.25,No
CUST-3191,Female,0,Yes,No,60,Yes,Yes,DSL,No,No,No,No,No,No,Month-to-month,No,Electronic check,49.84,2996.14,Yes
CUST-3192,Female,0,No,No,43,Yes,No,Fiber optic,No,Yes,Yes,Yes,Yes,No,One year,Yes,Mailed check,109.96,4730.83,No
CUST-3193,Female,0,No,No,65,Yes,Yes,DSL,No,No,Yes,Yes,No,No,One year,No,Electronic check,69.52,4527.93,No
CUST-3194,Male,0,Yes,Yes,55,Yes,Yes,Fiber optic,No,No,No,No,No,Yes,Month-to-month,Yes,Credit card (automatic),75.87,4180.31,Yes
CUST-3195,Male,0,Yes,No,35,No,No phone service,Fiber optic,Yes,Yes,Yes,Yes,No,No,One year,Yes,Electronic check,94.53,3307.09,No
CUST-3196,Male,0,No,Yes,32,Yes,No,DSL,No,No,No,No,No,Yes,Two year,No,Credit card (automatic),44.4,1416.68,No
CUST-3197,Female,0,Yes,No,19,Yes,No,DSL,No,No,No,No,No,No,Month-to-month,No,Electronic check,38.96,732.72,Yes
CUST-3198,Female,1,Yes,Yes,39,Yes,Yes,Fiber optic,No,No,No,No,No,Yes,One year,No,Electronic check,77.08,3004.27,No
CUST-3199,Male,1,No,No,20,Yes,Yes,Fiber optic,No,Yes,No,No,No,Yes,One year,No,Mailed check,74.7,1488.53,No
CUST-3200,Female,0,Yes,No,28,Yes,No,Fiber optic,Yes,No,Yes,Yes,No,Yes,Month-to-month,Yes,Credit card (automatic),86.03,2399.17,No
CUST-3201,Male,0,No,No,3,Yes,Yes,Fiber optic,No,No,No,No,No,Yes,Two year,No,Bank transfer (automatic),73.82,214.22,No
CUST-3202,Male,0,Yes,No,32,Yes,No,Fiber optic,No,No,No,No,Yes,No,Month-to-month,Yes,Credit card (automatic),81.02,2591.7,No
CUST-3203,Male,0,No,No,58,Yes,No,DSL,Yes,Yes,No,No,Yes,Yes,One year,No,Electronic check,61.5,3574.85,No
CUST-3204,Female,1,Yes,Yes,54,No,No phone service,Fiber optic,Yes,No,No,No,No,Yes,Month-to-month,Yes,Credit card (automatic),81.94,4421.18,Yes
CUST-3205,Female,0,Yes,No,42,No,No phone service,Fiber optic,No,Yes,Yes,Yes,Yes,No,Month-to-month,No,Electronic check,109.12,4581.86,Yes
CUST-3206,Male,0,No,No,15,Yes,Yes,Fiber optic,Yes,Yes,Yes,Yes,Yes,Yes,Month-to-month,No,Bank transfer (automatic),109.38,1638.38,No
CUST-3207,Female,0,No,No,62,Yes,No,DSL,No,No,No,No,No,No,Month-to-month,No,Electronic check,48.27,2990.12,Yes
CUST-3208,Male,0,Yes,No,31,Yes,No,DSL,No,No,No,Yes,Yes,Yes,Two year,Yes,Credit card (automatic),83.07,2579.62,No
CUST-3209,Female,0,Yes,No,61,Yes,Yes,DSL,No,No,No,No,No,Yes,Month-to-month,Yes,Credit card (automatic),57.4,3501.52,No
CUST-3210,Female,0,No,No,26,Yes,No,No,No internet service,No internet service,No internet service,No internet service,No internet service,No internet service,One year,No,Mailed check,24.99,647.91,No
CUST-3211,Female,0,No,Yes,69,Yes,Yes,Fiber optic,No,No,Yes,No,Yes,No,Two year,Yes,Mailed check,93.78,6479.69,No
CUST-3212,Male,0,No,No,57,Yes,No,DSL,No,No,No,No,Yes,No,Month-to-month,Yes,Credit card (automatic),52.95,3013.68,No
CUST-3213,Female,0,No,Yes,20,No,No phone service,DSL,Yes,No,Yes,Yes,No,Yes,Two year,Yes,Credit card (automatic),68.19,1370.46,No
CUST-3214,Female,0,No,No,66,Yes,No,DSL,No,No,No,No,Yes,No,Month-to-month,Yes,Bank transfer (automatic),63.75,4207.8,No
CUST-3215,Male,0,Yes,No,21,Yes,No,Fiber optic,No,No,No,No,No,No,Month-to-month,No,Credit card (automatic),70.07,1470.3,No
CUST-3216,Female,0,No,Yes,60,Yes,Yes,Fiber optic,No,No,No,Yes,No,No,One year,No,Bank transfer (automatic),93.2,5583.26,No
CUST-3217,Male,0,No,No,63,Yes,No,Fiber optic,Yes,No,No,No,No,No,Two year,Yes,Bank transfer (automatic),75.36,4754.85,No
CUST-3218,Female,1,Yes,No,51,Yes,Yes,DSL,Yes,No,No,Yes,Yes,Yes,Month-to-month,No,Bank transfer (automatic),82.31,4193.22,No
CUST-3219,Male,1,Yes,No,39,Yes,No,DSL,Yes,No,Yes,Yes,Yes,No,One year,Yes,Mailed check,76.89,3002.3,No
CUST-3220,Female,1,Yes,Yes,11,No,No phone service,Fiber optic,Yes,Yes,Yes,Yes,Yes,No,Month-to-month,No,Bank transfer (automatic),98.01,1085.6,Yes
CUST-3221,Female,0,Yes,No,57,Yes,No,DSL,Yes,Yes,Yes,No,Yes,No,One year,No,Bank transfer (automatic),74.85,4267.17,No
CUST-3222,Male,0,Yes,No,3,Yes,No,No,No internet service,No internet service,No internet service,No internet service,No internet service,No internet service,One year,No,Bank transfer (automatic),18.5,58.31,No
CUST-3223,Male,0,No,No,37,Yes,No,DSL,No,No,No,No,No,No,One year,Yes,Credit card (automatic),47.11,1739.87,No
CUST-3224,Male,1,No,No,25,Yes,Yes,DSL,No,Yes,No,No,Yes,No,Two year,Yes,Mailed check,69.41,1739.78,No
CUST-3225,Male,1,No,Yes,21,Yes,Yes,Fiber optic,Yes,No,No,No,No,No,Two year,No,Mailed check,81.95,1724.08,No
CUST-3226,Male,1,Yes,No,42,Yes,Yes,No,No internet service,No internet service,No internet service,No internet service,No internet service,No internet service,Month-to-month,Yes,Electronic check,21.13,886.36,No
CUST-3227,Female,0,Yes,No,1,Yes,No,DSL,Yes,No,Yes,No,No,Yes,Month-to-month,Yes,Mailed check,54.53,57.22,Yes
CUST-3228,Male,1,No,No,23,Yes,Yes,Fiber optic,Yes,No,Yes,No,No,No,Two year,Yes,Electronic check,77.57,1779.36,Yes
CUST-3229,Male,0,Yes,Yes,24,Yes,No,Fiber optic,No,No,No,No,No,Yes,Two year,No,Bank transfer (automatic),70.36,1691.8,No
CUST-3230,Female,0,No,No,47,Yes,No,DSL,No,No,No,No,No,No,Month-to-month,No,Bank transfer (automatic),44.29,2085.08,Yes
CUST-3231,Male,0,No,No,7,No,No phone service,DSL,Yes,No,No,No,No,Yes,Month-to-month,Yes,Bank transfer (automatic),55.02,384.04,Yes
CUST-3232,Female,0,Yes,No,38,Yes,Yes,No,No internet service,No internet service,No internet service,No internet service,No internet service,No internet service,Two year,No,Mailed check,23.17,875.45,No
CUST-3233,Female,0,Yes,No,47,Yes,No,DSL,No,No,Yes,No,No,No,Month-to-month,No,Mailed check,63.81,3005.13,No
CUST-3234,Female,0,Yes,No,35,Yes,No,Fiber optic,No,No,No,Yes,No,Yes,Month-to-month,Yes,Bank transfer (automatic),85.87,3010.53,No
CUST-3235,Female,0,No,No,62,Yes,Yes,No,No internet service,No internet service,No internet service,No internet service,No internet service,No internet service,Month-to-month,Yes,Mailed check,20.12,1238.58,No
CUST-3236,Female,0,No,Yes,3,Yes,No,DSL,Yes,Yes,Yes,Yes,Yes,Yes,Month-to-month,Yes,Bank transfer (automatic),80.55,241.54,Yes
CUST-3237,Male,1,No,No,20,Yes,Yes,DSL,Yes,No,No,No,Yes,No,Month-to-month,Yes,Credit card (automatic),58.02,1152.24,No
CUST-3238,Male,0,Yes,No,44,Yes,Yes,DSL,No,No,No,No,No,No,One year,Yes,Mailed check,47.3,2077.59,No
CUST-3239,Male,0,No,No,32,Yes,No,DSL,Yes,No,Yes,No,No,No,Month-to-month,No,Electronic check,52.53,1679.4,Yes
CUST-3240,Female,0,Yes,Yes,26,Yes,No,DSL,No,No,No,Yes,No,No,One year,No,Electronic check,67.48,1748.02,No
CUST-3241,Male,1,Yes,No,48,Yes,Yes,Fiber optic,Yes,Yes,No,No,No,No,Month-to-month,No,Mailed check,71.8,3445.78,No
CUST-3242,Female,0,No,No,5,Yes,No,Fiber optic,No,No,Yes,No,Yes,Yes,Month-to-month,Yes,Mailed check,89.24,450.32,Yes
CUST-3243,Female,0,No,Yes,59,Yes,Yes,Fiber optic,No,No,No,No,Yes,No,One year,No,Electronic check,99.78,5885.76,Yes
CUST-3244,Female,0,Yes,No,61,Yes,No,No,No internet service,No internet service,No internet service,No internet service,No internet service,No internet service,Month-to-month,Yes,Mailed check,19.8,1202.48,No
CUST-3245,Female,0,Yes,No,49,Yes,No,DSL,No,Yes,No,No,Yes,No,One year,No,Electronic check,61.78,3025.52,No
CUST-3246,Male,0,Yes,Yes,30,Yes,Yes,DSL,No,No,Yes,Yes,No,No,Two year,No,Electronic check,75.43,2264.75,No
CUST-3247,Female,1,Yes,No,17,Yes,No,DSL,No,No,No,Yes,No,No,Month-to-month,No,Bank transfer (automatic),66.62,1141.27,No
CUST-3248,Female,0,Yes,No,70,Yes,Yes,DSL,Yes,No,No,Yes,No,No,Month-to-month,Yes,Credit card (automatic),60.72,4250.39,No
CUST-3249,Male,0,No,No,58,Yes,Yes,DSL,No,No,No,Yes,No,Yes,Month-to-month,Yes,Electronic check,70.25,4082.26,No
CUST-3250,Male,1,No,Yes,63,Yes,No,Fiber optic,No,No,No,No,Yes,No,Month-to-month,No,Electronic check,84.76,5349.57,Yes
CUST-3251,Female,1,No,No,61,Yes,Yes,Fiber optic,No,Yes,No,No,Yes,No,One year,Yes,Mailed check,85.51,5217.29,No
CUST-3252,Female,0,No,No,63,Yes,No,No,No internet service,No internet service,No internet service,No internet service,No internet service,No internet service,Month-to-month,Yes,Electronic check,18.5,1158.44,No
CUST-3253,Female,1,No,No,15,Yes,No,DSL,No,No,No,Yes,Yes,No,Month-to-month,Yes,Electronic check,75.61,1141.66,No
CUST-3254,Female,0,No,No,1,Yes,Yes,Fiber optic,Yes,No,Yes,No,Yes,Yes,Month-to-month,No,Electronic check,86.12,93.37,Yes
CUST-3255,Female,0,No,No,13,Yes,Yes,Fiber optic,No,Yes,No,No,No,Yes,One year,Yes,Credit card (automatic),69.47,910.48,No
CUST-3256,Female,0,Yes,Yes,48,No,No phone service,DSL,No,No,No,No,No,No,One year,Yes,Bank transfer (automatic),50.51,2433.49,No
CUST-3257,Male,0,No,No,34,Yes,No,DSL,No,No,Yes,No,Yes,Yes,Month-to-month,Yes,Electronic check,58.79,1994.39,No
CUST-3258,Male,0,No,No,30,Yes,Yes,No,No internet service,No internet service,No internet service,No internet service,No internet service,No internet service,Month-to-month,Yes,Electronic check,18.5,551.67,No
CUST-3259,Male,0,No,No,19,Yes,Yes,Fiber optic,No,Yes,Yes,No,No,Yes,One year,Yes,Bank transfer (automatic),77.29,1472.25,No
CUST-3260,Female,0,No,No,64,Yes,Yes,No,No internet service,No internet service,No internet service,No internet service,No internet service,No internet service,Month-to-month,No,Bank transfer (automatic),18.88,1209.6,No
CUST-3261,Female,0,Yes,No,66,Yes,No,Fiber optic,No,No,Yes,No,Yes,Yes,One year,No,Electronic check,90.01,5948.03,No
CUST-3262,Female,0,No,No,57,Yes,No,DSL,No,No,No,Yes,No,No,Two year,No,Mailed check,63.7,3625.99,No
CUST-3263,Male,0,Yes,No,44,Yes,Yes,DSL,No,No,No,No,No,No,One year,Yes,Electronic check,61.09,2691.13,No
CUST-3264,Female,0,No,No,12,Yes,Yes,No,No internet service,No internet service,No internet service,No internet service,No internet service,No internet service,Month-to-month,Yes,Electronic check,20.1,250.01,Yes
CUST-3265,Female,0,Yes,Yes,40,Yes,No,DSL,Yes,Yes,No,No,Yes,Yes,Month-to-month,Yes,Mailed check,64.09,2557.92,Yes
CUST-3266,Female,0,Yes,Yes,24,Yes,No,DSL,No,No,No,No,Yes,No,Month-to-month,Yes,Mailed check,66.88,1601.26,No
CUST-3267,Female,0,Yes,No,11,Yes,Yes,Fiber optic,No,No,No,No,Yes,Yes,Month-to-month,Yes,Bank transfer (automatic),91.62,1005.97,Yes
CUST-3268,Male,0,No,No,66,Yes,No,DSL,No,Yes,Yes,No,Yes,No,One year,Yes,Mailed check,69.82,4599.86,No
CUST-3269,Female,0,Yes,No,1,Yes,No,DSL,No,Yes,Yes,Yes,No,No,One year,No,Credit card (automatic),65.86,65.86,No
CUST-3270,Male,0,No,No,58,Yes,No,Fiber optic,Yes,No,No,Yes,No,No,Two year,Yes,Bank transfer (automatic),92.1,5339.44,No
CUST-3271,Male,1,Yes,No,28,Yes,Yes,DSL,No,No,No,Yes,No,Yes,Month-to-month,Yes,Credit card (automatic),68.84,1919.01,No
CUST-3272,Male,0,No,No,68,Yes,No,DSL,Yes,No,No,No,Yes,Yes,One year,No,Credit card (automatic),70.41,4785.13,No
CUST-3273,Female,0,No,No,59,Yes,Yes,DSL,Yes,No,No,No,Yes,No,Month-to-month,No,Credit card (automatic),62.74,3696.54,No
CUST-3274,Female,0,Yes,Yes,71,Yes,No,Fiber optic,No,No,No,No,No,Yes,Month-to-month,Yes,Electronic check,67.59,4806.18,Yes
CUST-3275,Female,1,Yes,No,22,Yes,No,DSL,No,No,No,No,No,No,Month-to-month,No,Mailed check,41.71,919.79,No
CUST-3276,Female,0,No,No,29,Yes,No,DSL,Yes,No,No,No,Yes,No,Month-to-month,Yes,Electronic check,67.54,1966.63,No
CUST-3277,Female,0,No,No,69,Yes,No,Fiber optic,No,No,No,No,No,Yes,Month-to-month,Yes,Mailed check,76.06,5242.2,Yes
CUST-3278,Female,0,No,Yes,45,Yes,No,DSL,No,No,Yes,No,No,Yes,Month-to-month,Yes,Electronic check,43.38,1943.73,Yes
CUST-3279,Male,0,Yes,Yes,70,Yes,No,DSL,Yes,No,No,Yes,No,No,One year,Yes,Electronic check,65.0,4547.08,No
CUST-3280,Male,0,No,No,17,Yes,Yes,Fiber optic,No,Yes,No,No,No,No,Month-to-month,Yes,Credit card (automatic),72.83,1229.24,Yes
CUST-3281,Male,0,No,No,39,Yes,No,DSL,Yes,Yes,No,No,No,No,Month-to-month,Yes,Bank transfer (automatic),46.07,1804.4,Yes
CUST-3282,Male,0,Yes,No,40,No,No phone service,DSL,Yes,No,No,No,No,No,Two year,No,Credit card (automatic),40.8,1625.76,No
CUST-3283,Male,0,Yes,No,28,Yes,No,Fiber optic,No,Yes,Yes,Yes,No,No,One year,Yes,Mailed check,88.07,2458.78,Yes
CUST-3284,Male,0,Yes,No,2,Yes,Yes,Fiber optic,Yes,No,No,No,Yes,No,Month-to-month,Yes,Electronic check,91.81,189.38,Yes
CUST-3285,Male,0,No,No,27,Yes,No,Fiber optic,No,Yes,No,Yes,No,No,Two year,No,Electronic check,98.98,2676.71,Yes
CUST-3286,Female,0,No,No,21,No,No phone service,Fiber optic,No,Yes,No,No,Yes,Yes,One year,Yes,Mailed check,83.23,1738.97,No
CUST-3287,Male,0,Yes,Yes,7,Yes,No,Fiber optic,Yes,Yes,No,No,Yes,Yes,Month-to-month,Yes,Electronic check,87.8,614.79,Yes
CUST-3288,Male,1,Yes,No,61,Yes,No,Fiber optic,Yes,No,Yes,Yes,Yes,No,Month-to-month,Yes,Credit card (automatic),113.11,6898.69,Yes
CUST-3289,Male,1,Yes,No,52,No,No phone service,DSL,No,No,No,Yes,No,Yes,One year,Yes,Electronic check,69.91,3633.06,No
CUST-3290,Female,0,Yes,No,48,Yes,No,DSL,No,Yes,Yes,No,Yes,Yes,One year,Yes,Electronic check,69.06,3307.41,No
CUST-3291,Male,0,Yes,No,19,Yes,No,Fiber optic,Yes,No,Yes,No,No,Yes,Two year,Yes,Electronic check,75.0,1430.75,No
CUST-3292,Male,0,No,Yes,12,Yes,No,DSL,No,No,No,No,Yes,No,Month-to-month,Yes,Credit card (automatic),69.11,824.12,No
CUST-3293,Female,0,Yes,No,71,Yes,No,Fiber optic,Yes,Yes,Yes,No,Yes,No,Month-to-month,No,Bank transfer (automatic),85.96,6102.32,Yes
CUST-3294,Male,0,Yes,No,2,Yes,No,DSL,Yes,No,No,Yes,Yes,Yes,One year,Yes,Credit card (automatic),75.2,158.02,Yes
CUST-3295,Male,1,No,No,17,Yes,No,DSL,Yes,No,No,No,No,No,One year,No,Electronic check,42.04,711.04,Yes
CUST-3296,Male,0,No,No,3,Yes,No,No,No internet service,No internet service,No internet service,No internet service,No internet service,No internet service,Month-to-month,Yes,Bank transfer (automatic),19.72,49.87,No
CUST-3297,Male,0,No,No,21,Yes,Yes,DSL,No,Yes,No,No,No,No,Month-to-month,Yes,Bank transfer (automatic),53.25,1126.03,Yes
CUST-3298,Male,0,Yes,No,51,Yes,Yes,Fiber optic,No,No,No,No,No,No,Month-to-month,Yes,Electronic check,76.9,3921.78,Yes
CUST-3299,Male,0,Yes,No,10,Yes,No,DSL,No,Yes,No,No,Yes,Yes,Two year,No,Bank transfer (automatic),73.59,735.84,Yes
CUST-3300,Female,0,No,No,55,Yes,No,DSL,Yes,No,Yes,No,No,Yes,Month-to-month,No,Bank transfer (automatic),46.21,2542.58,No
CUST-3301,Female,0,No,No,36,Yes,Yes,DSL,Yes,No,No,Yes,No,No,Month-to-month,Yes,Electronic check,70.48,2530.88,No
CUST-3302,Female,0,Yes,Yes,51,Yes,Yes,DSL,No,Yes,No,No,Yes,Yes,Month-to-month,No,Electronic check,65.67,3353.47,Yes
CUST-3303,Male,1,No,Yes,17,Yes,Yes,No,No internet service,No internet service,No internet service,No internet service,No internet service,No internet service,Two year,No,Electronic check,25.19,422.86,No
CUST-3304,Female,0,No,No,61,Yes,No,Fiber optic,Yes,No,Yes,Yes,No,Yes,One year,No,Bank transfer (automatic),89.77,5471.99,No
CUST-3305,Male,1,Yes,Yes,13,Yes,No,Fiber optic,Yes,No,No,No,Yes,Yes,Month-to-month,No,Bank transfer (automatic),89.9,1171.32,Yes
CUST-3306,Male,0,No,Yes,65,No,No phone service,Fiber optic,No,No,Yes,No,Yes,Yes,Two year,Yes,Mailed check,91.29,5938.85,No
CUST-3307,Female,0,No,No,48,Yes,No,Fiber optic,Yes,No,Yes,Yes,No,Yes,Two year,No,Electronic check,90.14,4331.33,No
CUST-3308,Male,0,Yes,Yes,70,Yes,Yes,DSL,Yes,Yes,No,Yes,No,Yes,Month-to-month,No,Mailed check,72.21,5046.36,No
CUST-3309,Male,0,No,Yes,47,Yes,Yes,DSL,Yes,No,No,Yes,No,Yes,Month-to-month,Yes,Electronic check,54.25,2554.84,No
CUST-3310,Female,1,No,No,10,Yes,Yes,Fiber optic,No,No,Yes,No,No,Yes,Two year,No,Bank transfer (automatic),71.71,720.35,No
CUST-3311,Female,0,No,No,57,Yes,Yes,DSL,Yes,No,No,No,No,No,Month-to-month,Yes,Credit card (automatic),46.87,2673.69,Yes
CUST-3312,Male,0,Yes,No,13,No,No phone service,DSL,No,Yes,No,No,No,Yes,Month-to-month,Yes,Mailed check,54.74,720.96,No
CUST-3313,Female,0,Yes,No,61,Yes,No,Fiber optic,Yes,Yes,No,Yes,No,No,Month-to-month,Yes,Electronic check,87.57,5338.71,Yes
CUST-3314,Female,0,No,No,58,Yes,Yes,DSL,No,Yes,Yes,No,Yes,No,Month-to-month,Yes,Credit card (automatic),64.77,3760.32,No
CUST-3315,Male,1,Yes,No,68,No,No phone service,DSL,No,No,Yes,Yes,No,Yes,One year,No,Electronic check,63.18,4297.7,No
CUST-3316,Male,0,Yes,No,29,Yes,Yes,DSL,No,Yes,No,No,No,No,Month-to-month,Yes,Bank transfer (automatic),53.44,1547.52,No
CUST-3317,Male,0,Yes,No,16,Yes,Yes,Fiber optic,No,No,No,No,Yes,No,Month-to-month,Yes,Electronic check,89.37,1435.68,Yes
CUST-3318,Male,0,Yes,No,63,Yes,Yes,DSL,Yes,Yes,No,No,Yes,No,Month-to-month,No,Bank transfer (automatic),69.3,4363.96,No
CUST-3319,Male,1,No,No,47,Yes,Yes,Fiber optic,No,No,No,Yes,No,Yes,Month-to-month,No,Mailed check,94.93,4462.88,No
CUST-3320,Female,0,Yes,No,43,Yes,No,DSL,No,No,No,No,No,No,Month-to-month,Yes,Mailed check,59.77,2571.32,No
CUST-3321,Female,0,No,Yes,23,Yes,Yes,Fiber optic,No,Yes,Yes,No,No,No,Two year,Yes,Credit card (automatic),79.34,1825.05,No
CUST-3322,Female,0,Yes,No,30,Yes,No,DSL,No,Yes,No,No,No,Yes,Month-to-month,Yes,Mailed check,52.41,1571.45,Yes
CUST-3323,Male,0,No,Yes,57,Yes,Yes,No,No internet service,No internet service,No internet service,No internet service,No internet service,No internet service,One year,Yes,Electronic check,29.12,1653.2,No
CUST-3324,Female,0,Yes,No,30,Yes,No,Fiber optic,No,No,No,No,No,Yes,Month-to-month,No,Credit card (automatic),80.68,2415.22,No
CUST-3325,Female,0,No,No,67,Yes,No,Fiber optic,No,Yes,No,Yes,No,No,One year,No,Electronic check,90.46,6053.29,No
CUST-3326,Female,0,No,No,56,No,No phone service,Fiber optic,Yes,No,Yes,Yes,No,No,Month-to-month,Yes,Mailed check,88.51,4961.03,No
CUST-3327,Male,0,Yes,Yes,24,Yes,No,Fiber optic,Yes,No,No,Yes,No,No,Month-to-month,Yes,Bank transfer (automatic),96.08,2310.81,No
CUST-3328,Female,0,No,No,8,Yes,No,DSL,Yes,No,No,No,No,No,Two year,No,Credit card (automatic),48.08,387.41,Yes
CUST-3329,Male,0,Yes,Yes,44,Yes,No,Fiber optic,Yes,No,Yes,No,No,No,Month-to-month,Yes,Bank transfer (automatic),77.1,3400.75,No
CUST-3330,Male,0,No,No,34,Yes,Yes,Fiber optic,Yes,No,No,Yes,No,No,One year,Yes,Credit card (automatic),82.19,2789.76,No
CUST-3331,Male,1,No,No,35,No,No phone service,Fiber optic,No,No,Yes,No,Yes,Yes,Two year,No,Bank transfer (automatic),89.1,3124.92,No
CUST-3332,Female,1,No,Yes,50,Yes,Yes,DSL,No,No,No,Yes,Yes,No,One year,Yes,Electronic check,87.2,4353.72,No
CUST-3333,Female,0,No,No,17,Yes,Yes,DSL,No,No,No,No,No,No,Two year,Yes,Bank transfer (automatic),44.81,753.13,No
CUST-3334,Male,0,Yes,Yes,2,Yes,Yes,DSL,No,No,No,Yes,No,Yes,Month-to-month,Yes,Bank transfer (automatic),68.84,127.68,Yes
CUST-3335,Male,0,Yes,No,54,Yes,No,DSL,No,No,No,Yes,Yes,Yes,Two year,No,Electronic check,69.13,3734.63,No
CUST-3336,Male,0,Yes,Yes,44,Yes,Yes,No,No internet service,No internet service,No internet service,No internet service,No internet service,No internet service,One year,Yes,Electronic check,26.33,1164.09,No
CUST-3337,Male,0,No,Yes,49,Yes,No,DSL,No,No,No,No,Yes,No,Month-to-month,Yes,Bank transfer (automatic),61.04,2997.42,Yes
CUST-3338,Male,0,No,Yes,2,Yes,Yes,DSL,No,Yes,No,No,Yes,No,Month-to-month,Yes,Credit card (automatic),63.29,125.99,Yes
CUST-3339,Male,0,Yes,Yes,72,Yes,No,Fiber optic,No,Yes,No,No,No,No,One year,Yes,Bank transfer (automatic),82.06,5899.49,No
CUST-3340,Female,1,No,No,70,Yes,No,Fiber optic,Yes,No,No,Yes,No,No,Month-to-month,Yes,Bank transfer (automatic),88.12,6159.12,No
CUST-3341,Male,0,Yes,No,9,Yes,No,Fiber optic,No,Yes,Yes,No,No,No,One year,No,Electronic check,79.68,725.47,No
CUST-3342,Male,0,Yes,No,1,Yes,No,DSL,Yes,Yes,No,No,No,No,Month-to-month,Yes,Electronic check,53.52,53.52,Yes
CUST-3343,Male,0,No,Yes,69,Yes,Yes,DSL,No,No,No,Yes,No,No,Two year,No,Bank transfer (automatic),71.16,4915.73,No
CUST-3344,Female,0,Yes,No,9,Yes,No,DSL,No,Yes,Yes,Yes,Yes,No,One year,Yes,Electronic check,84.92,755.67,Yes
CUST-3345,Female,0,No,No,14,Yes,Yes,DSL,Yes,No,Yes,No,No,Yes,Month-to-month,Yes,Bank transfer (automatic),49.44,685.83,No
CUST-3346,Female,0,Yes,No,27,Yes,No,DSL,No,No,No,Yes,No,No,Month-to-month,Yes,Electronic check,70.89,1907.29,Yes
CUST-3347,Male,0,No,No,9,Yes,Yes,DSL,No,No,No,No,No,Yes,Two year,Yes,Mailed check,51.25,456.79,No
CUST-3348,Female,0,Yes,No,36,Yes,Yes,No,No internet service,No internet service,No internet service,No internet service,No internet service,No internet service,Month-to-month,No,Electronic check,21.2,761.31,No
CUST-3349,Male,1,Yes,Yes,3,Yes,No,DSL,No,No,Yes,Yes,Yes,No,Month-to-month,Yes,Electronic check,88.59,258.26,Yes
CUST-3350,Female,0,No,No,23,Yes,Yes,Fiber optic,No,No,No,No,No,Yes,One year,No,Bank transfer (automatic),76.72,1774.02,Yes
CUST-3351,Female,0,No,No,30,Yes,Yes,No,No internet service,No internet service,No internet service,No internet service,No internet service,No internet service,Month-to-month,No,Mailed check,19.34,570.24,No
CUST-3352,Female,0,Yes,No,19,Yes,Yes,Fiber optic,No,Yes,Yes,Yes,No,No,Month-to-month,Yes,Electronic check,98.35,1874.09,Yes
CUST-3353,Female,0,Yes,Yes,67,Yes,No,DSL,No,Yes,No,Yes,No,No,One year,Yes,Mailed check,65.21,4369.6,No
CUST-3354,Female,0,No,Yes,50,Yes,No,DSL,No,Yes,No,No,No,Yes,Month-to-month,Yes,Bank transfer (automatic),44.55,2219.21,Yes
CUST-3355,Male,0,Yes,No,48,Yes,No,No,No internet service,No internet service,No internet service,No internet service,No internet service,No internet service,Month-to-month,Yes,Electronic check,18.5,880.4,No
CUST-3356,Female,1,No,Yes,3,Yes,No,DSL,No,No,Yes,No,No,Yes,One year,No,Bank transfer (automatic),49.41,150.03,No
CUST-3357,Male,1,No,Yes,66,Yes,Yes,Fiber optic,Yes,No,Yes,Yes,No,No,Two year,No,Electronic check,87.61,5778.57,No
CUST-3358,Female,0,Yes,No,27,Yes,No,No,No internet service,No internet service,No internet service,No internet service,No internet service,No internet service,Two year,No,Electronic check,25.2,679.4,No
CUST-3359,Male,1,Yes,No,40,Yes,No,DSL,No,No,Yes,No,Yes,Yes,Month-to-month,Yes,Credit card (automatic),62.26,2491.38,Yes
CUST-3360,Male,0,No,No,18,Yes,No,Fiber optic,No,No,No,No,Yes,No,Month-to-month,Yes,Mailed check,83.58,1505.91,Yes
CUST-3361,Male,0,Yes,Yes,27,Yes,Yes,No,No internet service,No internet service,No internet service,No internet service,No internet service,No internet service,Two year,No,Mailed check,20.03,542.46,No
CUST-3362,Male,0,No,No,11,Yes,Yes,Fiber optic,No,Yes,Yes,Yes,Yes,Yes,One year,No,Credit card (automatic),97.02,1058.62,Yes
CUST-3363,Male,1,Yes,Yes,39,Yes,Yes,DSL,No,No,Yes,No,No,No,One year,No,Credit card (automatic),50.27,1965.34,No
CUST-3364,Female,0,No,No,19,Yes,Yes,Fiber optic,Yes,No,Yes,No,Yes,Yes,Two year,Yes,Electronic check,90.16,1708.91,No
CUST-3365,Male,0,Yes,No,7,Yes,Yes,Fiber optic,Yes,Yes,Yes,No,No,No,One year,Yes,Electronic check,73.26,505.11,Yes
CUST-3366,Male,0,No,No,57,Yes,Yes,Fiber optic,Yes,Yes,No,Yes,No,No,Two year,No,Mailed check,83.62,4758.38,No
CUST-3367,Female,0,Yes,No,2,Yes,Yes,Fiber optic,Yes,No,No,No,No,Yes,Two year,Yes,Bank transfer (automatic),71.59,137.92,No
CUST-3368,Male,0,Yes,No,38,Yes,Yes,DSL,No,No,No,No,Yes,Yes,One year,Yes,Bank transfer (automatic),64.1,2438.37,No
CUST-3369,Female,1,No,Yes,5,Yes,No,DSL,No,Yes,No,Yes,Yes,Yes,Two year,No,Bank transfer (automatic),73.64,367.64,No
CUST-3370,Female,0,Yes,Yes,36,Yes,No,DSL,Yes,No,No,No,No,Yes,Month-to-month,Yes,Bank transfer (automatic),51.84,1858.38,Yes
CUST-3371,Female,0,Yes,No,68,Yes,Yes,DSL,No,No,Yes,No,No,No,One year,Yes,Credit card (automatic),52.64,3570.17,No
CUST-3372,Female,0,Yes,Yes,57,Yes,No,DSL,No,Yes,No,Yes,Yes,No,Month-to-month,Yes,Credit card (automatic),80.43,4575.0,No
CUST-3373,Male,0,Yes,No,20,Yes,No,DSL,Yes,No,No,No,No,No,Two year,No,Electronic check,46.14,921.22,No
CUST-3374,Female,0,No,Yes,5,Yes,No,DSL,No,No,No,No,Yes,Yes,Month-to-month,Yes,Mailed check,63.76,324.56,Yes
CUST-3375,Male,0,No,No,24,No,No phone service,Fiber optic,No,No,No,No,Yes,Yes,Two year,No,Mailed check,97.42,2339.55,Yes
CUST-3376,Male,0,Yes,No,30,Yes,No,Fiber optic,No,No,No,No,No,No,Month-to-month,Yes,Mailed check,77.91,2343.49,No
CUST-3377,Female,0,No,No,28,Yes,Yes,Fiber optic,No,No,Yes,No,Yes,No,One year,No,Credit card (automatic),89.18,2493.43,No
CUST-3378,Male,0,No,No,53,Yes,No,Fiber optic,No,No,Yes,No,Yes,Yes,Month-to-month,No,Electronic check,93.46,4946.19,No
CUST-3379,Female,0,No,Yes,51,Yes,No,DSL,No,No,Yes,No,No,Yes,One year,Yes,Bank transfer (automatic),39.04,1997.1,No
CUST-3380,Female,0,Yes,No,7,Yes,Yes,Fiber optic,Yes,No,No,No,Yes,Yes,Month-to-month,No,Credit card (automatic),102.57,722.55,Yes
CUST-3381,Female,0,No,No,42,Yes,No,Fiber optic,Yes,Yes,Yes,No,Yes,Yes,Two year,Yes,Electronic check,83.93,3526.84,No
CUST-3382,Female,1,No,Yes,35,Yes,No,Fiber optic,Yes,No,Yes,Yes,Yes,No,One year,Yes,Credit card (automatic),106.37,3730.71,No
CUST-3383,Male,0,No,No,34,Yes,Yes,DSL,No,No,Yes,Yes,No,Yes,One year,Yes,Bank transfer (automatic),60.45,2057.91,No
CUST-3384,Male,0,Yes,No,54,Yes,No,Fiber optic,No,No,No,No,Yes,No,Month-to-month,No,Electronic check,84.55,4566.22,Yes
CUST-3385,Female,0,Yes,No,29,Yes,Yes,Fiber optic,No,No,Yes,No,No,No,Month-to-month,No,Electronic check,80.2,2325.85,Yes
CUST-3386,Male,0,No,No,10,Yes,No,Fiber optic,No,No,No,No,No,No,Two year,Yes,Electronic check,74.37,746.05,Yes
CUST-3387,Female,1,Yes,No,27,Yes,Yes,DSL,No,Yes,No,Yes,No,No,Month-to-month,Yes,Electronic check,65.84,1778.01,Yes
CUST-3388,Female,0,No,No,13,Yes,Yes,Fiber optic,No,Yes,Yes,Yes,No,No,Two year,No,Bank transfer (automatic),91.53,1185.34,No
CUST-3389,Female,0,Yes,Yes,42,Yes,No,Fiber optic,No,Yes,Yes,No,Yes,No,Month-to-month,Yes,Credit card (automatic),93.0,3915.08,No
CUST-3390,Male,0,No,No,37,Yes,Yes,Fiber optic,No,No,No,Yes,No,Yes,Month-to-month,Yes,Electronic check,92.62,3436.1,No
CUST-3391,Male,0,No,No,61,Yes,Yes,Fiber optic,Yes,No,Yes,No,No,Yes,Two year,Yes,Electronic check,79.36,4834.3,Yes
CUST-3392,Male,0,No,No,21,Yes,Yes,DSL,Yes,Yes,Yes,Yes,No,Yes,Two year,Yes,Electronic check,55.77,1171.78,No
CUST-3393,Male,0,No,No,3,Yes,Yes,DSL,Yes,Yes,No,No,No,Yes,Month-to-month,Yes,Credit card (automatic),46.08,144.03,No
CUST-3394,Female,0,No,No,8,Yes,No,DSL,Yes,Yes,Yes,No,No,Yes,Month-to-month,No,Bank transfer (automatic),45.47,354.86,Yes
CUST-3395,Male,0,Yes,No,70,Yes,Yes,DSL,No,No,No,Yes,Yes,Yes,Two year,No,Electronic check,85.25,5959.97,Yes
CUST-3396,Male,0,No,No,17,Yes,No,DSL,No,No,No,Yes,No,No,Month-to-month,Yes,Credit card (automatic),68.78,1170.16,No
CUST-3397,Male,1,Yes,No,10,Yes,Yes,DSL,Yes,Yes,No,No,No,No,Month-to-month,No,Credit card (automatic),53.29,523.47,Yes
CUST-3398,Female,0,No,Yes,13,Yes,Yes,DSL,No,No,Yes,No,No,Yes,One year,Yes,Mailed check,45.38,596.6,No
CUST-3399,Female,0,Yes,No,12,Yes,Yes,Fiber optic,Yes,No,No,Yes,No,No,Month-to-month,Yes,Electronic check,84.0,1015.46,Yes
CUST-3400,Male,0,No,No,66,Yes,No,Fiber optic,No,No,No,Yes,Yes,Yes,Month-to-month,No,Electronic check,96.68,6385.61,No
CUST-3401,Male,0,No,No,23,Yes,Yes,DSL,Yes,Yes,Yes,No,Yes,No,Month-to-month,No,Electronic check,66.72,1541.01,Yes
CUST-3402,Male,0,Yes,Yes,65,Yes,No,DSL,Yes,Yes,Yes,Yes,Yes,Yes,Two year,Yes,Electronic check,72.35,4706.18,No
CUST-3403,Male,0,Yes,No,52,Yes,Yes,Fiber optic,No,Yes,Yes,Yes,No,Yes,Two year,No,Electronic check,93.73,4866.8,No
CUST-3404,Female,0,No,No,61,Yes,No,Fiber optic,Yes,Yes,No,No,Yes,No,Month-to-month,No,Credit card (automatic),86.56,5270.76,No
CUST-3405,Female,0,Yes,No,26,Yes,Yes,DSL,No,Yes,Yes,No,No,Yes,Month-to-month,Yes,Electronic check,47.41,1239.62,No
CUST-3406,Male,0,Yes,Yes,15,Yes,No,Fiber optic,Yes,No,Yes,Yes,Yes,Yes,One year,No,Mailed check,103.51,1556.79,No
CUST-3407,Male,1,Yes,No,22,Yes,Yes,DSL,No,Yes,No,Yes,No,Yes,Month-to-month,No,Electronic check,58.72,1289.81,No
CUST-3408,Female,0,No,Yes,65,Yes,Yes,Fiber optic,No,Yes,No,No,Yes,No,Two year,Yes,Electronic check,94.53,6150.39,Yes
CUST-3409,Male,0,No,No,26,Yes,Yes,No,No internet service,No internet service,No internet service,No internet service,No internet service,No internet service,Month-to-month,Yes,Bank transfer (automatic),18.5,472.07,No
CUST-3410,Female,0,No,Yes,21,Yes,Yes,DSL,No,No,No,No,Yes,Yes,Month-to-month,No,Electronic check,63.64,1332.82,Yes
CUST-3411,Male,0,No,No,24,Yes,No,No,No internet service,No internet service,No internet service,No internet service,No internet service,No internet service,One year,No,Credit card (automatic),25.05,598.04,No
CUST-3412,Male,0,Yes,Yes,16,Yes,No,DSL,No,Yes,No,Yes,No,No,Month-to-month,Yes,Electronic check,55.33,877.38,No
CUST-3413,Male,0,No,Yes,32,Yes,Yes,Fiber optic,No,No,Yes,No,No,Yes,Month-to-month,Yes,Electronic check,68.22,2187.87,No
CUST-3414,Female,0,Yes,Yes,16,Yes,No,Fiber optic,No,No,No,No,No,No,Month-to-month,No,Credit card (automatic),72.4,1163.95,Yes
CUST-3415,Female,0,Yes,No,42,Yes,Yes,Fiber optic,No,No,Yes,No,Yes,No,Month-to-month,Yes,Credit card (automatic),89.72,3769.9,No
CUST-3416,Male,0,Yes,No,32,Yes,Yes,DSL,No,No,No,No,Yes,No,Two year,No,Credit card (automatic),67.78,2167.32,No
CUST-3417,Male,0,No,No,50,Yes,Yes,Fiber optic,No,No,No,No,No,No,One year,No,Credit card (automatic),75.57,3780.64,No
CUST-3418,Male,0,No,No,41,Yes,No,Fiber optic,Yes,No,Yes,Yes,No,No,Month-to-month,No,Credit card (automatic),92.25,3790.22,No
CUST-3419,Male,0,Yes,No,24,Yes,Yes,Fiber optic,No,Yes,No,No,No,Yes,Month-to-month,Yes,Credit card (automatic),76.78,1839.88,Yes
CUST-3420,Male,0,No,No,13,Yes,No,DSL,No,No,No,Yes,Yes,Yes,Month-to-month,No,Electronic check,82.7,1071.78,No
CUST-3421,Male,0,Yes,Yes,10,Yes,Yes,DSL,No,No,No,No,Yes,Yes,One year,No,Credit card (automatic),58.17,584.15,No
CUST-3422,Female,0,Yes,Yes,42,Yes,Yes,Fiber optic,No,Yes,No,No,No,Yes,One year,Yes,Mailed check,72.4,3044.47,No
CUST-3423,Male,0,Yes,No,41,Yes,Yes,No,No internet service,No internet service,No internet service,No internet service,No internet service,No internet service,Two year,Yes,Mailed check,19.23,787.58,No
CUST-3424,Male,0,No,No,3,Yes,Yes,DSL,No,No,Yes,No,Yes,No,Month-to-month,Yes,Electronic check,65.88,204.83,No
CUST-3425,Female,0,No,Yes,55,Yes,Yes,Fiber optic,No,No,No,Yes,Yes,Yes,One year,Yes,Bank transfer (automatic),103.49,5689.0,No
CUST-3426,Male,0,Yes,Yes,16,Yes,Yes,DSL,Yes,No,No,No,No,No,One year,Yes,Bank transfer (automatic),48.74,782.66,No
CUST-3427,Female,0,No,Yes,44,Yes,Yes,DSL,No,Yes,No,Yes,No,No,Two year,Yes,Credit card (automatic),62.49,2752.92,No
CUST-3428,Male,0,Yes,No,30,Yes,No,DSL,No,Yes,No,Yes,No,No,Month-to-month,No,Electronic check,64.84,1941.1,No
CUST-3429,Female,0,No,Yes,37,Yes,Yes,Fiber optic,No,Yes,No,No,Yes,No,Month-to-month,Yes,Electronic check,101.34,3739.96,Yes
CUST-3430,Female,0,No,No,60,Yes,No,No,No internet service,No internet service,No internet service,No internet service,No internet service,No internet service,Month-to-month,No,Mailed check,20.33,1226.33,No
CUST-3431,Female,0,Yes,No,24,Yes,Yes,Fiber optic,No,Yes,Yes,Yes,Yes,Yes,Month-to-month,No,Mailed check,99.39,2385.01,No
CUST-3432,Female,0,No,No,26,Yes,No,DSL,Yes,Yes,Yes,No,No,Yes,Month-to-month,No,Bank transfer (automatic),54.78,1416.19,No
CUST-3433,Male,0,No,Yes,58,Yes,Yes,Fiber optic,No,Yes,No,No,No,No,Two year,No,Electronic check,66.13,3844.69,No
CUST-3434,Female,0,Yes,Yes,9,Yes,Yes,DSL,No,Yes,No,No,No,Yes,Two year,No,Electronic check,51.34,457.99,Yes
CUST-3435,Male,1,No,No,61,Yes,No,DSL,No,No,No,Yes,Yes,Yes,Month-to-month,No,Mailed check,80.11,4886.2,No
CUST-3436,Male,0,No,No,19,Yes,Yes,DSL,No,Yes,Yes,No,No,No,One year,No,Bank transfer (automatic),57.94,1100.54,No
CUST-3437,Male,0,Yes,No,28,Yes,No,DSL,No,No,Yes,No,No,Yes,Month-to-month,Yes,Electronic check,51.21,1431.3,Yes
CUST-3438,Female,0,Yes,No,7,Yes,No,Fiber optic,Yes,Yes,No,Yes,No,Yes,Two year,Yes,Electronic check,97.48,675.39,Yes
CUST-3439,Male,0,Yes,No,45,Yes,Yes,Fiber optic,No,No,No,No,Yes,No,Month-to-month,Yes,Mailed check,90.09,4058.14,No
CUST-3440,Female,0,No,No,63,Yes,No,No,No internet service,No internet service,No internet service,No internet service,No internet service,No internet service,Two year,Yes,Credit card (automatic),21.99,1379.28,No
CUST-3441,Female,0,No,No,37,Yes,No,DSL,No,No,No,Yes,No,Yes,Month-to-month,Yes,Credit card (automatic),61.93,2295.06,No
CUST-3442,Female,0,No,No,16,Yes,No,DSL,Yes,No,No,No,No,No,Month-to-month,No,Bank transfer (automatic),48.05,774.84,Yes
CUST-3443,Female,0,Yes,Yes,5,Yes,No,DSL,No,No,No,No,No,Yes,One year,No,Bank transfer (automatic),53.08,255.86,Yes
CUST-3444,Male,0,Yes,Yes,29,No,No phone service,DSL,No,No,No,No,No,Yes,Month-to-month,Yes,Electronic check,56.05,1630.09,No
CUST-3445,Male,0,Yes,Yes,52,Yes,No,No,No internet service,No internet service,No internet service,No internet service,No internet service,No internet service,Month-to-month,Yes,Mailed check,18.5,964.76,No
CUST-3446,Male,0,No,Yes,23,Yes,Yes,DSL,No,No,Yes,No,No,Yes,One year,No,Bank transfer (automatic),60.38,1382.66,No
CUST-3447,Male,0,No,No,6,Yes,No,No,No internet service,No internet service,No internet service,No internet service,No internet service,No internet service,One year,No,Bank transfer (automatic),22.26,135.96,No
CUST-3448,Male,0,No,No,36,Yes,Yes,DSL,No,No,Yes,No,Yes,No,Two year,No,Electronic check,63.3,2277.22,No
CUST-3449,Male,0,Yes,No,57,Yes,Yes,DSL,No,Yes,No,No,No,Yes,Month-to-month,Yes,Mailed check,52.35,2975.64,No
CUST-3450,Male,0,No,No,33,No,No phone service,DSL,No,Yes,No,Yes,No,Yes,One year,Yes,Electronic check,62.26,2055.05,No
CUST-3451,Female,0,No,Yes,49,Yes,No,Fiber optic,No,Yes,No,No,Yes,No,Two year,Yes,Bank transfer (automatic),93.75,4603.22,No
CUST-3452,Female,0,Yes,No,41,Yes,No,DSL,Yes,No,No,No,Yes,Yes,Two year,Yes,Bank transfer (automatic),68.45,2809.43,No
CUST-3453,Male,0,No,Yes,55,Yes,Yes,No,No internet service,No internet service,No internet service,No internet service,No internet service,No internet service,Month-to-month,No,Credit card (automatic),20.64,1131.81,No
CUST-3454,Female,1,Yes,No,26,Yes,No,DSL,Yes,No,No,No,No,No,Month-to-month,Yes,Bank transfer (automatic),45.46,1183.23,No
CUST-3455,Male,1,Yes,No,37,Yes,Yes,DSL,No,Yes,No,Yes,No,No,Month-to-month,Yes,Electronic check,65.13,2414.57,Yes
CUST-3456,Male,0,Yes,No,17,Yes,Yes,Fiber optic,No,Yes,Yes,No,No,No,One year,No,Credit card (automatic),75.96,1284.44,Yes
CUST-3457,Female,0,Yes,No,32,Yes,No,DSL,No,Yes,Yes,No,Yes,Yes,Two year,Yes,Electronic check,69.49,2224.26,No
CUST-3458,Male,0,Yes,Yes,28,Yes,No,DSL,Yes,No,Yes,Yes,No,Yes,Two year,Yes,Credit card (automatic),62.21,1742.02,No
CUST-3459,Male,0,Yes,No,25,Yes,Yes,Fiber optic,Yes,Yes,No,No,No,Yes,Two year,No,Electronic check,73.25,1828.78,No
CUST-3460,Female,0,Yes,Yes,47,Yes,Yes,DSL,No,Yes,Yes,No,No,Yes,Month-to-month,No,Mailed check,56.41,2656.21,No
CUST-3461,Female,0,No,Yes,22,No,No phone service,Fiber optic,No,Yes,Yes,Yes,No,Yes,Month-to-month,No,Bank transfer (automatic),98.51,2168.52,No
CUST-3462,Female,1,No,No,61,Yes,Yes,DSL,No,Yes,No,No,Yes,No,Month-to-month,No,Electronic check,65.24,3983.62,Yes
CUST-3463,Female,0,No,Yes,44,Yes,No,DSL,No,Yes,No,No,No,No,One year,No,Credit card (automatic),56.18,2473.84,No
CUST-3464,Female,0,Yes,No,20,Yes,Yes,DSL,Yes,No,Yes,Yes,No,Yes,Month-to-month,Yes,Mailed check,64.99,1305.42,No
CUST-3465,Male,0,Yes,No,50,Yes,Yes,Fiber optic,Yes,Yes,No,Yes,Yes,Yes,Month-to-month,Yes,Electronic check,99.16,4960.68,Yes
CUST-3466,Male,0,Yes,No,47,Yes,No,Fiber optic,No,No,No,No,No,Yes,Month-to-month,Yes,Electronic check,71.86,3380.97,Yes
CUST-3467,Male,0,Yes,Yes,47,Yes,Yes,Fiber optic,No,No,No,No,No,No,Month-to-month,No,Bank transfer (automatic),71.51,3355.48,No
CUST-3468,Male,0,No,No,72,Yes,Yes,Fiber optic,No,No,Yes,No,Yes,Yes,Month-to-month,Yes,Electronic check,88.12,6351.56,Yes
CUST-3469,Female,0,No,No,51,Yes,No,DSL,No,Yes,Yes,No,Yes,Yes,Two year,No,Mailed check,63.24,3218.35,No
CUST-3470,Male,0,No,No,55,Yes,No,DSL,No,Yes,No,No,No,Yes,Month-to-month,No,Mailed check,60.61,3330.35,No
CUST-3471,Female,0,No,No,39,Yes,No,DSL,No,Yes,No,No,No,No,Two year,Yes,Electronic check,46.48,1820.51,Yes
CUST-3472,Female,1,Yes,No,14,Yes,Yes,Fiber optic,No,No,Yes,No,No,Yes,Two year,Yes,Electronic check,69.94,971.33,Yes
CUST-3473,Female,0,Yes,No,69,Yes,No,Fiber optic,No,Yes,Yes,No,No,Yes,Month-to-month,No,Mailed check,81.03,5598.4,Yes
CUST-3474,Female,0,No,No,47,Yes,No,DSL,Yes,No,No,Yes,No,No,Two year,No,Mailed check,57.04,2680.39,No
CUST-3475,Female,0,Yes,Yes,21,Yes,Yes,DSL,Yes,Yes,No,Yes,No,No,Month-to-month,No,Electronic check,66.37,1387.44,No
CUST-3476,Male,0,Yes,No,15,Yes,No,Fiber optic,Yes,Yes,No,No,Yes,No,Two year,No,Electronic check,89.89,1353.09,No
CUST-3477,Female,0,Yes,No,1,Yes,Yes,Fiber optic,No,Yes,No,Yes,No,No,Two year,Yes,Mailed check,88.2,88.2,No
CUST-3478,Male,1,Yes,No,10,Yes,No,Fiber optic,No,Yes,No,No,No,No,Two year,No,Electronic check,70.79,711.46,No
CUST-3479,Female,0,Yes,Yes,23,Yes,No,DSL,No,No,Yes,No,Yes,No,Month-to-month,No,Credit card (automatic),59.67,1378.23,Yes
CUST-3480,Male,0,No,No,18,Yes,No,Fiber optic,No,No,No,No,No,No,Two year,No,Bank transfer (automatic),78.06,1406.47,No
CUST-3481,Female,0,No,No,58,Yes,Yes,Fiber optic,Yes,No,No,No,Yes,Yes,Two year,Yes,Electronic check,95.56,5548.2,No
CUST-3482,Female,0,Yes,No,52,Yes,No,DSL,No,Yes,Yes,Yes,No,No,Two year,No,Electronic check,61.74,3219.18,Yes
CUST-3483,Male,0,Yes,Yes,46,Yes,Yes,Fiber optic,No,Yes,Yes,Yes,No,No,Month-to-month,No,Credit card (automatic),89.11,4100.07,No
CUST-3484,Male,0,No,No,13,Yes,No,DSL,Yes,Yes,Yes,No,No,No,Month-to-month,Yes,Mailed check,44.34,569.47,No
CUST-3485,Female,0,Yes,No,17,Yes,No,DSL,No,Yes,No,Yes,Yes,Yes,Month-to-month,No,Credit card (automatic),80.43,1371.5,No
CUST-3486,Male,0,Yes,No,67,No,No phone service,No,No internet service,No internet service,No internet service,No internet service,No internet service,No internet service,One year,Yes,Bank transfer (automatic),18.5,1237.7,No
CUST-3487,Female,1,Yes,No,61,Yes,Yes,No,No internet service,No internet service,No internet service,No internet service,No internet service,No internet service,Month-to-month,Yes,Electronic check,21.03,1283.46,No
CUST-3488,Female,0,Yes,No,65,Yes,Yes,Fiber optic,No,Yes,No,Yes,No,No,Two year,Yes,Credit card (automatic),89.45,5816.79,Yes
CUST-3489,Male,0,No,No,53,Yes,No,DSL,No,Yes,No,No,Yes,No,Month-to-month,No,Mailed check,58.71,3115.98,No
CUST-3490,Male,0,No,No,5,No,No phone service,Fiber optic,No,No,No,Yes,No,Yes,Month-to-month,Yes,Bank transfer (automatic),90.54,455.5,Yes
CUST-3491,Male,0,Yes,Yes,32,Yes,No,DSL,Yes,No,No,No,Yes,Yes,One year,No,Electronic check,64.69,2064.74,No
CUST-3492,Female,0,Yes,No,45,No,No phone service,DSL,No,Yes,Yes,No,No,No,One year,No,Electronic check,46.95,2117.71,No
CUST-3493,Male,0,Yes,Yes,56,Yes,No,DSL,No,No,No,Yes,No,Yes,Month-to-month,Yes,Electronic check,69.22,3882.47,Yes
CUST-3494,Female,1,Yes,Yes,5,Yes,Yes,Fiber optic,No,No,Yes,No,Yes,No,Month-to-month,Yes,Electronic check,89.48,438.15,Yes
CUST-3495,Male,0,No,No,34,Yes,No,DSL,No,No,No,Yes,No,No,Month-to-month,Yes,Mailed check,66.98,2273.48,No
CUST-3496,Female,0,No,No,61,Yes,Yes,Fiber optic,No,No,No,No,No,No,One year,No,Electronic check,83.85,5124.41,Yes
CUST-3497,Female,1,No,No,62,Yes,No,DSL,No,Yes,No,Yes,Yes,No,One year,Yes,Credit card (automatic),89.45,5539.45,No
CUST-3498,Female,0,No,No,69,No,No phone service,No,No internet service,No internet service,No internet service,No internet service,No internet service,No internet service,Month-to-month,Yes,Electronic check,18.5,1270.16,Yes
CUST-3499,Male,0,No,No,63,Yes,No,No,No internet service,No internet service,No internet service,No internet service,No internet service,No internet service,Month-to-month,Yes,Bank transfer (automatic),23.64,1491.15,No
CUST-3500,Female,0,No,Yes,44,Yes,No,Fiber optic,No,No,No,No,Yes,Yes,Month-to-month,Yes,Credit card (automatic),89.09,3916.72,No
CUST-3501,Female,0,Yes,Yes,28,No,No phone service,Fiber optic,Yes,No,Yes,No,Yes,Yes,Month-to-month,No,Electronic check,91.64,2569.06,Yes
CUST-3502,Female,0,Yes,No,70,Yes,Yes,DSL,No,No,No,No,No,Yes,One year,Yes,Mailed check,55.82,3902.65,No
CUST-3503,Female,0,No,Yes,13,Yes,No,Fiber optic,No,No,Yes,No,Yes,Yes,One year,Yes,Bank transfer (automatic),93.61,1215.45,No
CUST-3504,Male,0,Yes,No,43,Yes,Yes,No,No internet service,No internet service,No internet service,No internet service,No internet service,No internet service,Month-to-month,Yes,Bank transfer (automatic),19.42,845.03,No
CUST-3505,Male,1,No,No,30,Yes,No,DSL,Yes,No,No,Yes,No,No,Month-to-month,Yes,Electronic check,70.11,2100.77,No
CUST-3506,Female,0,No,No,26,Yes,No,Fiber optic,No,No,Yes,No,No,No,Month-to-month,No,Electronic check,72.62,1879.84,Yes
CUST-3507,Male,0,No,No,63,Yes,Yes,DSL,No,Yes,No,No,No,Yes,One year,No,Electronic check,51.22,3231.71,No
CUST-3508,Female,0,Yes,Yes,57,Yes,Yes,DSL,No,Yes,Yes,No,Yes,No,Month-to-month,No,Bank transfer (automatic),68.59,3911.4,No
CUST-3509,Female,1,No,No,64,No,No phone service,DSL,Yes,No,No,Yes,No,Yes,Month-to-month,Yes,Electronic check,68.9,4408.49,No
CUST-3510,Male,0,Yes,Yes,49,Yes,Yes,No,No internet service,No internet service,No internet service,No internet service,No internet service,No internet service,Month-to-month,Yes,Bank transfer (automatic),18.5,914.67,No
CUST-3511,Female,1,No,No,52,Yes,No,DSL,No,Yes,Yes,No,Yes,No,Month-to-month,No,Mailed check,60.94,3161.81,No
CUST-3512,Male,0,Yes,Yes,63,No,No phone service,Fiber optic,Yes,No,Yes,Yes,Yes,Yes,Two year,Yes,Bank transfer (automatic),101.18,6374.13,No
CUST-3513,Female,0,No,No,13,Yes,No,No,No internet service,No internet service,No internet service,No internet service,No internet service,No internet service,Month-to-month,Yes,Credit card (automatic),18.88,239.28,No
CUST-3514,Female,0,No,No,45,Yes,No,Fiber optic,No,No,No,Yes,Yes,No,One year,Yes,Credit card (automatic),108.53,4875.52,No
CUST-3515,Female,0,Yes,No,46,Yes,Yes,Fiber optic,No,No,Yes,No,Yes,No,Two year,Yes,Electronic check,91.18,4193.13,No
CUST-3516,Male,0,Yes,No,41,Yes,No,DSL,No,No,Yes,No,No,Yes,Month-to-month,No,Credit card (automatic),54.37,2238.12,No
CUST-3517,Male,0,No,No,46,Yes,No,No,No internet service,No internet service,No internet service,No internet service,No internet service,No internet service,Month-to-month,Yes,Bank transfer (automatic),28.99,1337.98,No
CUST-3518,Female,0,Yes,No,1,Yes,Yes,DSL,No,No,Yes,Yes,Yes,No,Month-to-month,Yes,Credit card (automatic),80.1,80.1,Yes
CUST-3519,Female,0,No,No,68,Yes,Yes,No,No internet service,No internet service,No internet service,No internet service,No internet service,No internet service,Two year,No,Bank transfer (automatic),21.23,1442.89,No
CUST-3520,Female,0,Yes,No,12,Yes,Yes,DSL,No,No,Yes,No,Yes,No,Two year,No,Mailed check,71.53,864.31,No
CUST-3521,Male,0,No,No,35,Yes,No,Fiber optic,No,No,Yes,Yes,No,No,One year,Yes,Bank transfer (automatic),85.08,2971.71,No
CUST-3522,Male,0,No,No,33,Yes,No,DSL,No,Yes,No,No,No,No,One year,Yes,Electronic check,52.37,1722.28,No
CUST-3523,Male,0,Yes,No,58,No,No phone service,DSL,Yes,No,Yes,Yes,Yes,Yes,Two year,Yes,Electronic check,80.11,4640.0,No
CUST-3524,Female,0,Yes,Yes,35,Yes,No,DSL,No,No,No,No,No,No,Two year,Yes,Electronic check,42.66,1495.25,No
CUST-3525,Male,0,No,No,46,Yes,No,No,No internet service,No internet service,No internet service,No internet service,No internet service,No internet service,Two year,Yes,Credit card (automatic),24.87,1134.6,No
CUST-3526,Male,0,Yes,No,66,Yes,Yes,DSL,No,Yes,Yes,No,No,Yes,Month-to-month,Yes,Credit card (automatic),56.43,3726.13,No
CUST-3527,Female,0,Yes,No,44,Yes,No,Fiber optic,Yes,No,No,No,No,No,Month-to-month,Yes,Credit card (automatic),79.68,3512.43,Yes
CUST-3528,Male,0,No,No,26,Yes,Yes,DSL,Yes,No,No,Yes,No,Yes,One year,No,Credit card (automatic),61.28,1598.93,No
CUST-3529,Female,0,Yes,No,42,Yes,No,Fiber optic,Yes,No,No,No,Yes,No,Month-to-month,Yes,Credit card (automatic),100.99,4244.92,Yes
CUST-3530,Female,0,Yes,No,30,Yes,Yes,Fiber optic,Yes,Yes,Yes,No,Yes,Yes,One year,No,Mailed check,95.03,2845.29,Yes
CUST-3531,Female,0,No,No,32,Yes,Yes,No,No internet service,No internet service,No internet service,No internet service,No internet service,No internet service,Month-to-month,Yes,Electronic check,23.53,759.29,No
CUST-3532,Male,0,Yes,No,36,Yes,No,DSL,No,No,No,No,No,Yes,One year,No,Bank transfer (automatic),54.68,1977.63,No
CUST-3533,Male,0,Yes,No,19,No,No phone service,DSL,No,No,Yes,No,No,Yes,Two year,No,Mailed check,52.94,999.54,No
CUST-3534,Female,1,Yes,No,22,Yes,Yes,DSL,No,No,No,No,Yes,No,Month-to-month,No,Mailed check,63.69,1409.39,No
CUST-3535,Female,0,No,No,65,Yes,No,Fiber optic,No,No,No,No,No,Yes,One year,Yes,Bank transfer (automatic),77.34,5034.16,No
CUST-3536,Female,0,No,Yes,57,Yes,No,Fiber optic,No,No,No,No,Yes,Yes,Month-to-month,Yes,Electronic check,93.31,5328.26,Yes
CUST-3537,Male,0,No,No,11,Yes,No,Fiber optic,No,No,Yes,No,No,Yes,One year,No,Electronic check,75.48,826.67,Yes
CUST-3538,Female,0,Yes,No,26,Yes,Yes,DSL,No,Yes,Yes,Yes,No,No,Month-to-month,Yes,Bank transfer (automatic),61.35,1603.78,No
CUST-3539,Female,0,Yes,No,48,Yes,Yes,Fiber optic,No,Yes,Yes,No,Yes,No,Month-to-month,No,Electronic check,91.05,4363.99,Yes
CUST-3540,Female,0,Yes,No,19,Yes,No,No,No internet service,No internet service,No internet service,No internet service,No internet service,No internet service,Two year,No,Mailed check,24.87,466.03,No
CUST-3541,Female,0,Yes,No,12,Yes,Yes,DSL,Yes,Yes,Yes,No,Yes,Yes,Month-to-month,No,Electronic check,64.99,772.02,Yes
CUST-3542,Female,0,No,No,67,Yes,No,DSL,No,No,No,Yes,Yes,No,One year,No,Bank transfer (automatic),85.58,5732.42,No
CUST-3543,Female,1,Yes,No,56,Yes,No,Fiber optic,Yes,No,Yes,No,Yes,No,Month-to-month,No,Electronic check,88.59,4951.28,Yes
CUST-3544,Male,0,Yes,No,18,Yes,No,DSL,No,No,No,No,No,Yes,One year,Yes,Bank transfer (automatic),49.87,895.29,No
CUST-3545,Male,0,Yes,No,5,Yes,No,Fiber optic,No,No,Yes,No,No,No,Two year,Yes,Credit card (automatic),66.36,334.32,Yes
CUST-3546,Male,0,No,No,24,Yes,Yes,Fiber optic,No,Yes,Yes,No,No,Yes,Month-to-month,Yes,Credit card (automatic),77.12,1842.45,Yes
CUST-3547,Male,0,No,No,38,Yes,No,No,No internet service,No internet service,No internet service,No internet service,No internet service,No internet service,Month-to-month,Yes,Credit card (automatic),18.5,709.37,No
CUST-3548,Male,0,No,No,67,Yes,No,No,No internet service,No internet service,No internet service,No internet service,No internet service,No internet service,Two year,Yes,Credit card (automatic),20.37,1360.64,No
CUST-3549,Male,0,No,No,70,Yes,Yes,Fiber optic,Yes,Yes,No,Yes,Yes,No,Month-to-month,No,Mailed check,106.7,7459.93,No
CUST-3550,Male,1,No,No,52,Yes,Yes,DSL,Yes,Yes,No,No,Yes,No,Month-to-month,No,Credit card (automatic),65.17,3386.33,No
CUST-3551,Male,0,Yes,Yes,39,Yes,No,DSL,Yes,No,Yes,No,Yes,Yes,Month-to-month,No,Mailed check,58.48,2273.49,No
CUST-3552,Female,0,Yes,No,59,Yes,No,No,No internet service,No internet service,No internet service,No internet service,No internet service,No internet service,Month-to-month,Yes,Electronic check,24.16,1431.35,No
CUST-3553,Female,0,No,No,26,Yes,No,Fiber optic,No,No,No,No,Yes,No,One year,No,Bank transfer (automatic),97.95,2543.38,No
CUST-3554,Male,0,No,No,65,Yes,No,Fiber optic,No,Yes,No,No,No,No,Two year,Yes,Electronic check,85.27,5534.89,No
CUST-3555,Female,0,No,Yes,48,Yes,No,Fiber optic,No,No,Yes,No,Yes,Yes,One year,Yes,Electronic check,90.11,4324.35,Yes
CUST-3556,Female,0,No,No,53,Yes,No,DSL,Yes,No,Yes,Yes,No,No,Two year,No,Bank transfer (automatic),63.86,3383.62,No
CUST-3557,Male,0,No,Yes,9,Yes,No,DSL,No,Yes,Yes,Yes,No,Yes,One year,No,Electronic check,58.86,525.25,No
CUST-3558,Male,0,No,No,5,Yes,Yes,DSL,Yes,No,No,Yes,No,Yes,Two year,Yes,Electronic check,67.43,333.69,No
CUST-3559,Female,0,No,No,72,Yes,Yes,Fiber optic,Yes,Yes,No,No,No,No,Two year,Yes,Credit card (automatic),82.65,5956.18,No
CUST-3560,Female,0,No,No,61,Yes,No,Fiber optic,No,Yes,No,No,No,Yes,Month-to-month,Yes,Electronic check,74.39,4540.56,No
CUST-3561,Female,0,Yes,No,21,Yes,No,DSL,No,No,No,No,No,No,Month-to-month,Yes,Bank transfer (automatic),54.41,1136.9,No
CUST-3562,Male,0,No,No,63,Yes,Yes,Fiber optic,No,No,No,No,No,Yes,Month-to-month,No,Mailed check,61.64,3892.28,No
CUST-3563,Male,0,No,Yes,20,Yes,No,Fiber optic,Yes,No,Yes,No,No,Yes,Month-to-month,No,Credit card (automatic),70.17,1399.49,Yes
CUST-3564,Male,0,Yes,No,58,No,No phone service,Fiber optic,No,No,Yes,No,No,No,Month-to-month,Yes,Mailed check,77.82,4514.23,Yes
CUST-3565,Male,1,No,No,45,Yes,Yes,Fiber optic,Yes,No,No,No,No,No,One year,Yes,Mailed check,67.42,3035.32,No
CUST-3566,Male,1,No,No,22,Yes,Yes,DSL,No,No,No,Yes,Yes,Yes,Month-to-month,Yes,Mailed check,76.03,1666.93,Yes
CUST-3567,Male,0,Yes,No,63,Yes,No,No,No internet service,No internet service,No internet service,No internet service,No internet service,No internet service,Month-to-month,No,Credit card (automatic),18.5,1161.32,No
CUST-3568,Female,0,No,No,30,Yes,Yes,DSL,Yes,No,Yes,No,No,No,Month-to-month,No,Electronic check,52.73,1581.51,Yes
CUST-3569,Female,0,Yes,No,63,Yes,No,Fiber optic,No,Yes,No,No,Yes,Yes,Month-to-month,No,Bank transfer (automatic),90.75,5712.38,Yes
CUST-3570,Male,0,No,No,44,Yes,No,Fiber optic,No,No,No,No,No,Yes,Month-to-month,Yes,Electronic check,72.27,3175.99,Yes
CUST-3571,Female,0,No,No,67,Yes,No,Fiber optic,No,No,No,No,Yes,Yes,Month-to-month,Yes,Credit card (automatic),87.44,5860.74,Yes
CUST-3572,Male,0,Yes,No,58,Yes,Yes,No,No internet service,No internet service,No internet service,No internet service,No internet service,No internet service,Month-to-month,No,Mailed check,18.5,1077.68,Yes
CUST-3573,Male,0,Yes,Yes,65,No,No phone service,Fiber optic,No,Yes,No,No,Yes,No,Month-to-month,Yes,Electronic check,90.26,5872.92,Yes
CUST-3574,Male,0,No,No,36,Yes,No,DSL,No,Yes,No,No,No,No,Two year,Yes,Bank transfer (automatic),52.46,1880.99,Yes
CUST-3575,Female,0,Yes,No,6,Yes,No,DSL,No,Yes,No,No,No,Yes,One year,Yes,Bank transfer (automatic),54.08,329.22,No
CUST-3576,Female,0,Yes,Yes,37,Yes,Yes,DSL,Yes,No,No,No,No,No,Month-to-month,Yes,Bank transfer (automatic),58.56,2175.45,Yes
CUST-3577,Female,0,No,Yes,55,Yes,Yes,DSL,Yes,Yes,Yes,No,No,Yes,Two year,No,Electronic check,52.84,2907.81,No
CUST-3578,Male,1,Yes,Yes,59,Yes,No,DSL,No,Yes,No,No,Yes,No,Two year,Yes,Bank transfer (automatic),59.88,3535.01,No
CUST-3579,Female,0,Yes,No,38,Yes,Yes,Fiber optic,No,Yes,Yes,Yes,No,No,Month-to-month,No,Electronic check,92.74,3533.23,No
CUST-3580,Male,0,No,No,25,Yes,No,DSL,Yes,No,Yes,Yes,No,No,Month-to-month,Yes,Credit card (automatic),57.98,1456.89,No
CUST-3581,Female,0,No,No,33,Yes,No,Fiber optic,Yes,No,Yes,No,No,Yes,Two year,Yes,Mailed check,74.21,2450.08,No
CUST-3582,Female,0,No,Yes,13,Yes,Yes,No,No internet service,No internet service,No internet service,No internet service,No internet service,No internet service,Month-to-month,No,Electronic check,20.53,272.21,Yes
CUST-3583,Male,0,No,No,38,Yes,Yes,Fiber optic,No,Yes,Yes,Yes,Yes,Yes,Month-to-month,No,Credit card (automatic),108.92,4132.58,Yes
CUST-3584,Female,0,Yes,No,58,Yes,Yes,No,No internet service,No internet service,No internet service,No internet service,No internet service,No internet service,Month-to-month,Yes,Electronic check,23.69,1372.28,Yes
CUST-3585,Female,0,Yes,Yes,20,Yes,Yes,DSL,No,Yes,Yes,No,No,Yes,Month-to-month,No,Credit card (automatic),49.03,984.91,Yes
CUST-3586,Male,0,Yes,No,17,Yes,No,Fiber optic,No,No,Yes,No,No,No,Month-to-month,No,Bank transfer (automatic),75.05,1271.62,Yes
CUST-3587,Female,0,No,No,24,Yes,No,DSL,No,No,No,No,No,No,Month-to-month,No,Bank transfer (automatic),54.62,1309.96,No
CUST-3588,Male,0,No,No,26,Yes,No,Fiber optic,Yes,No,No,Yes,Yes,No,Month-to-month,Yes,Electronic check,99.37,2577.07,No
CUST-3589,Female,0,No,No,40,Yes,Yes,Fiber optic,No,No,Yes,No,Yes,No,Two year,Yes,Bank transfer (automatic),95.8,3839.96,Yes
CUST-3590,Female,0,No,Yes,32,Yes,No,DSL,No,No,No,Yes,Yes,No,One year,No,Electronic check,82.4,2644.71,Yes
CUST-3591,Female,0,No,No,37,Yes,No,DSL,No,No,No,No,No,Yes,Two year,No,Credit card (automatic),40.7,1505.47,No
CUST-3592,Female,0,Yes,Yes,60,Yes,No,Fiber optic,No,No,Yes,No,Yes,No,Month-to-month,Yes,Electronic check,91.55,5486.84,Yes
CUST-3593,Female,1,Yes,Yes,57,Yes,No,Fiber optic,No,No,Yes,No,Yes,Yes,Month-to-month,Yes,Mailed check,95.52,5448.22,No
CUST-3594,Male,0,Yes,No,58,No,No phone service,Fiber optic,Yes,Yes,No,No,Yes,No,Month-to-month,No,Mailed check,100.1,5800.07,No
CUST-3595,Female,1,Yes,No,67,No,No phone service,DSL,Yes,Yes,Yes,No,No,Yes,Month-to-month,Yes,Credit card (automatic),47.48,3175.73,No
CUST-3596,Male,0,No,Yes,22,No,No phone service,DSL,Yes,No,No,No,No,No,Month-to-month,Yes,Bank transfer (automatic),52.74,1169.72,No
CUST-3597,Male,0,Yes,Yes,58,Yes,Yes,DSL,No,No,Yes,Yes,No,No,Month-to-month,No,Bank transfer (automatic),67.98,3934.83,No
CUST-3598,Male,1,No,No,49,No,No phone service,No,No internet service,No internet service,No internet service,No internet service,No internet service,No internet service,Month-to-month,No,Electronic check,22.96,1122.62,No
CUST-3599,Male,0,No,No,49,Yes,Yes,Fiber optic,Yes,No,No,Yes,Yes,Yes,Month-to-month,Yes,Electronic check,104.12,5102.98,Yes
CUST-3600,Female,0,Yes,No,42,Yes,No,DSL,No,Yes,No,Yes,No,Yes,Two year,No,Mailed check,64.83,2715.02,No
CUST-3601,Male,0,Yes,No,40,No,No phone service,DSL,Yes,No,No,No,Yes,No,Month-to-month,Yes,Electronic check,63.37,2525.58,No
CUST-3602,Female,0,Yes,Yes,71,No,No phone service,Fiber optic,No,No,Yes,No,No,No,One year,Yes,Credit card (automatic),76.37,5423.12,No
CUST-3603,Male,1,Yes,No,46,Yes,No,DSL,No,No,No,No,Yes,Yes,Two year,No,Mailed check,67.86,3113.85,No
CUST-3604,Male,0,No,Yes,22,Yes,Yes,No,No internet service,No internet service,No internet service,No internet service,No internet service,No internet service,Month-to-month,Yes,Electronic check,18.5,402.02,No
CUST-3605,Female,0,Yes,No,21,Yes,No,Fiber optic,No,No,No,Yes,No,Yes,Two year,Yes,Credit card (automatic),92.42,1940.77,No
CUST-3606,Male,0,No,Yes,51,Yes,Yes,DSL,No,Yes,Yes,Yes,No,No,Two year,Yes,Credit card (automatic),67.27,3427.72,No
CUST-3607,Male,0,No,No,14,Yes,Yes,DSL,Yes,No,No,No,No,Yes,Month-to-month,Yes,Bank transfer (automatic),50.4,709.81,No
CUST-3608,Female,0,No,No,9,Yes,No,Fiber optic,Yes,Yes,No,No,Yes,No,Two year,Yes,Mailed check,86.76,790.09,No
CUST-3609,Male,0,No,No,18,Yes,Yes,DSL,No,No,No,No,No,No,Two year,No,Mailed check,44.6,807.86,No
CUST-3610,Female,0,Yes,Yes,13,Yes,No,Fiber optic,Yes,No,Yes,No,No,Yes,Month-to-month,Yes,Electronic check,67.07,881.91,Yes
CUST-3611,Male,0,Yes,No,17,Yes,No,DSL,Yes,Yes,Yes,No,No,Yes,Two year,Yes,Bank transfer (automatic),43.69,740.51,No
CUST-3612,Male,1,Yes,No,25,No,No phone service,DSL,Yes,No,Yes,Yes,No,No,Month-to-month,No,Mailed check,58.43,1456.85,No
CUST-3613,Female,0,Yes,No,54,Yes,No,Fiber optic,No,Yes,Yes,No,Yes,No,Two year,Yes,Electronic check,93.14,5023.81,Yes
CUST-3614,Male,0,No,No,16,Yes,Yes,Fiber optic,No,Yes,Yes,No,No,No,One year,No,Electronic check,62.33,1004.98,Yes
CUST-3615,Male,0,No,No,24,Yes,Yes,DSL,No,No,Yes,No,No,Yes,Month-to-month,Yes,Bank transfer (automatic),50.72,1215.08,No
CUST-3616,Male,0,Yes,No,23,Yes,Yes,DSL,Yes,No,No,No,No,No,One year,No,Electronic check,43.68,1008.86,No
CUST-3617,Male,0,Yes,No,41,Yes,No,Fiber optic,No,No,Yes,Yes,No,No,One year,Yes,Electronic check,93.54,3838.64,No
CUST-3618,Female,1,Yes,No,33,Yes,Yes,Fiber optic,No,No,No,Yes,No,Yes,One year,No,Mailed check,98.22,3232.4,No
CUST-3619,Male,0,No,Yes,42,No,No phone service,DSL,No,Yes,Yes,No,Yes,No,Two year,No,Electronic check,66.82,2814.03,Yes
CUST-3620,Female,1,No,Yes,48,Yes,No,Fiber optic,No,No,Yes,Yes,No,Yes,One year,Yes,Electronic check,94.41,4531.41,No
CUST-3621,Female,0,No,No,18,Yes,Yes,DSL,No,Yes,No,Yes,Yes,No,Two year,No,Electronic check,82.54,1480.19,No
CUST-3622,Male,0,No,No,63,Yes,No,DSL,No,No,Yes,No,No,Yes,One year,No,Bank transfer (automatic),43.05,2721.73,No
CUST-3623,Female,0,Yes,No,11,Yes,No,Fiber optic,Yes,Yes,Yes,No,Yes,Yes,Two year,No,Credit card (automatic),93.86,1037.52,No
CUST-3624,Male,0,Yes,No,24,Yes,No,Fiber optic,No,No,Yes,Yes,Yes,No,Month-to-month,No,Credit card (automatic),107.47,2581.61,No
CUST-3625,Female,0,Yes,No,61,Yes,No,DSL,No,No,No,No,No,No,Month-to-month,Yes,Mailed check,52.39,3205.56,No
CUST-3626,Male,1,Yes,No,64,Yes,Yes,DSL,No,Yes,No,No,No,Yes,Month-to-month,No,Credit card (automatic),50.58,3242.25,Yes
CUST-3627,Female,0,No,No,36,Yes,Yes,DSL,No,No,No,Yes,No,No,Month-to-month,No,Electronic check,62.26,2233.78,No
CUST-3628,Male,1,No,No,53,Yes,No,Fiber optic,No,Yes,No,Yes,No,Yes,Two year,Yes,Bank transfer (automatic),91.38,4852.96,No
CUST-3629,Male,0,No,No,47,Yes,No,DSL,No,Yes,No,No,No,No,Month-to-month,No,Bank transfer (automatic),55.52,2611.39,Yes
CUST-3630,Female,0,No,No,52,No,No phone service,DSL,No,Yes,Yes,No,No,Yes,Month-to-month,Yes,Electronic check,46.17,2396.83,No
CUST-3631,Female,0,Yes,No,57,Yes,Yes,DSL,Yes,No,No,No,Yes,No,Month-to-month,No,Electronic check,64.33,3673.16,Yes
CUST-3632,Male,0,Yes,No,23,Yes,No,Fiber optic,No,Yes,No,No,No,No,Two year,No,Credit card (automatic),73.4,1679.16,No
CUST-3633,Male,1,No,No,59,Yes,No,Fiber optic,No,Yes,Yes,Yes,No,Yes,Month-to-month,No,Bank transfer (automatic),90.87,5364.42,Yes
CUST-3634,Female,0,No,No,69,Yes,Yes,DSL,No,No,No,No,Yes,Yes,Month-to-month,No,Electronic check,68.81,4741.08,No
CUST-3635,Female,0,Yes,No,56,Yes,Yes,Fiber optic,No,No,Yes,Yes,No,No,Month-to-month,Yes,Mailed check,90.89,5081.59,No
CUST-3636,Female,0,No,Yes,42,Yes,No,DSL,Yes,No,No,No,Yes,No,Month-to-month,Yes,Bank transfer (automatic),72.25,3031.58,Yes
CUST-3637,Female,0,No,Yes,18,Yes,No,Fiber optic,Yes,No,Yes,Yes,Yes,Yes,Month-to-month,Yes,Credit card (automatic),102.83,1848.07,Yes
CUST-3638,Female,0,Yes,No,71,Yes,Yes,DSL,No,Yes,No,No,No,No,Two year,No,Bank transfer (automatic),53.36,3790.57,No
CUST-3639,Female,0,No,No,33,Yes,Yes,DSL,No,No,No,No,No,No,Month-to-month,No,Bank transfer (automatic),48.03,1586.3,Yes
CUST-3640,Male,0,Yes,Yes,3,Yes,No,DSL,No,Yes,Yes,No,Yes,No,Two year,No,Credit card (automatic),59.96,183.64,No
CUST-3641,Male,0,No,No,28,Yes,No,Fiber optic,Yes,No,No,No,Yes,Yes,Month-to-month,No,Bank transfer (automatic),97.34,2719.0,Yes
CUST-3642,Female,0,No,No,1,No,No phone service,Fiber optic,No,No,No,Yes,Yes,No,Month-to-month,No,Credit card (automatic),103.95,111.37,Yes
CUST-3643,Female,0,No,Yes,63,Yes,Yes,DSL,Yes,Yes,Yes,No,Yes,No,One year,No,Mailed check,61.19,3862.14,No
CUST-3644,Male,0,Yes,No,47,Yes,Yes,DSL,Yes,No,Yes,Yes,No,Yes,Month-to-month,Yes,Bank transfer (automatic),62.73,2942.64,No
CUST-3645,Male,0,Yes,No,37,Yes,Yes,DSL,No,No,Yes,Yes,No,No,Month-to-month,Yes,Bank transfer (automatic),69.5,2570.97,No
CUST-3646,Female,0,Yes,Yes,48,Yes,Yes,Fiber optic,No,No,No,Yes,Yes,No,Month-to-month,No,Mailed check,111.15,5334.96,Yes
CUST-3647,Female,0,Yes,No,19,Yes,Yes,Fiber optic,No,No,No,No,No,No,One year,No,Electronic check,82.23,1570.79,Yes
CUST-3648,Male,0,No,No,14,Yes,Yes,No,No internet service,No internet service,No internet service,No internet service,No internet service,No internet service,Month-to-month,No,Credit card (automatic),18.5,267.11,No
CUST-3649,Male,0,No,No,67,No,No phone service,Fiber optic,No,Yes,No,No,No,No,Two year,No,Electronic check,74.24,4965.43,Yes
CUST-3650,Male,0,Yes,No,65,Yes,Yes,DSL,Yes,No,No,Yes,No,No,Month-to-month,Yes,Electronic check,66.07,4303.71,Yes
CUST-3651,Male,0,Yes,Yes,26,Yes,No,Fiber optic,No,No,Yes,No,No,No,Month-to-month,No,Bank transfer (automatic),69.3,1793.17,No
CUST-3652,Male,0,Yes,No,10,Yes,Yes,DSL,No,No,Yes,No,No,No,Two year,No,Mailed check,51.27,513.69,No
CUST-3653,Male,0,Yes,No,70,Yes,Yes,Fiber optic,Yes,No,Yes,No,No,Yes,One year,Yes,Electronic check,74.18,5188.83,Yes
CUST-3654,Female,0,Yes,Yes,43,Yes,Yes,DSL,No,No,No,No,No,Yes,One year,Yes,Credit card (automatic),58.34,2506.43,No
CUST-3655,Male,0,Yes,No,70,Yes,No,DSL,Yes,No,No,Yes,Yes,No,Two year,Yes,Electronic check,77.9,5455.53,No
CUST-3656,Female,0,No,Yes,72,Yes,Yes,DSL,No,Yes,No,Yes,Yes,Yes,Month-to-month,Yes,Electronic check,79.86,5751.6,Yes
CUST-3657,Female,0,Yes,No,59,No,No phone service,DSL,No,No,No,Yes,No,No,One year,No,Electronic check,73.68,4340.47,No
CUST-3658,Male,0,No,Yes,3,Yes,No,Fiber optic,No,No,Yes,No,Yes,No,Month-to-month,No,Credit card (automatic),86.55,269.05,No
CUST-3659,Female,0,No,No,5,Yes,No,Fiber optic,Yes,Yes,No,Yes,Yes,No,Month-to-month,Yes,Mailed check,105.94,520.27,No
CUST-3660,Male,0,Yes,No,37,No,No phone service,Fiber optic,No,No,No,No,No,Yes,Month-to-month,Yes,Electronic check,78.47,2900.26,Yes
CUST-3661,Female,0,No,No,52,Yes,No,No,No internet service,No internet service,No internet service,No internet service,No internet service,No internet service,Two year,Yes,Bank transfer (automatic),18.5,968.03,No
CUST-3662,Male,0,No,No,66,Yes,No,DSL,Yes,No,Yes,Yes,No,No,One year,No,Mailed check,69.37,4585.44,No
CUST-3663,Female,0,No,No,63,Yes,Yes,Fiber optic,Yes,No,Yes,No,Yes,Yes,Month-to-month,No,Credit card (automatic),88.86,5604.13,Yes
CUST-3664,Female,0,Yes,No,7,No,No phone service,Fiber optic,Yes,No,Yes,No,Yes,Yes,Month-to-month,Yes,Credit card (automatic),89.79,625.98,Yes
CUST-3665,Male,0,Yes,Yes,53,Yes,Yes,Fiber optic,No,No,No,No,Yes,Yes,Month-to-month,Yes,Electronic check,81.13,4303.36,Yes
CUST-3666,Male,0,No,No,6,Yes,No,DSL,No,No,No,No,Yes,No,Month-to-month,No,Bank transfer (automatic),65.83,400.27,Yes
CUST-3667,Female,0,No,No,7,Yes,Yes,DSL,Yes,No,Yes,No,No,Yes,One year,Yes,Mailed check,46.17,324.75,No
CUST-3668,Female,1,Yes,No,44,Yes,Yes,DSL,No,No,No,No,Yes,Yes,Month-to-month,Yes,Mailed check,60.53,2666.9,No
CUST-3669,Male,0,Yes,No,18,Yes,No,No,No internet service,No internet service,No internet service,No internet service,No internet service,No internet service,One year,Yes,Mailed check,23.96,432.35,No
CUST-3670,Female,0,Yes,Yes,54,Yes,No,No,No internet service,No internet service,No internet service,No internet service,No internet service,No internet service,Two year,No,Bank transfer (automatic),22.24,1192.06,No
CUST-3671,Male,0,Yes,No,29,No,No phone service,DSL,No,Yes,No,No,Yes,No,Month-to-month,Yes,Mailed check,59.69,1726.48,Yes
CUST-3672,Female,1,No,No,25,Yes,No,Fiber optic,No,No,Yes,No,Yes,No,Two year,Yes,Bank transfer (automatic),83.42,2089.55,Yes
CUST-3673,Male,0,Yes,Yes,63,Yes,No,DSL,Yes,No,Yes,Yes,No,Yes,Month-to-month,No,Electronic check,55.43,3486.92,No
CUST-3674,Female,0,Yes,No,68,Yes,No,DSL,No,No,Yes,No,No,No,Month-to-month,Yes,Mailed check,56.15,3817.31,No
CUST-3675,Male,0,No,No,13,Yes,No,Fiber optic,No,Yes,Yes,No,No,Yes,Month-to-month,No,Credit card (automatic),59.51,774.32,No
CUST-3676,Male,0,Yes,No,32,No,No phone service,DSL,No,No,No,No,Yes,No,Month-to-month,Yes,Electronic check,66.69,2137.5,No
CUST-3677,Male,1,No,Yes,27,Yes,Yes,DSL,No,No,No,No,No,Yes,Two year,No,Bank transfer (automatic),43.4,1166.98,No
CUST-3678,Male,0,No,No,51,Yes,No,Fiber optic,No,No,No,Yes,Yes,No,Month-to-month,Yes,Credit card (automatic),110.04,5613.94,Yes
CUST-3679,Female,0,Yes,Yes,34,Yes,Yes,Fiber optic,No,Yes,No,No,Yes,Yes,One year,No,Mailed check,94.61,3218.67,Yes
CUST-3680,Male,1,No,No,28,Yes,No,No,No internet service,No internet service,No internet service,No internet service,No internet service,No internet service,One year,Yes,Credit card (automatic),18.5,524.9,No
CUST-3681,Female,0,No,No,72,Yes,Yes,DSL,No,Yes,Yes,Yes,No,No,Month-to-month,No,Bank transfer (automatic),62.07,4470.08,No
CUST-3682,Male,0,Yes,No,30,Yes,Yes,DSL,No,No,No,Yes,Yes,Yes,Month-to-month,No,Bank transfer (automatic),79.44,2379.1,No
CUST-3683,Male,0,Yes,Yes,9,Yes,No,DSL,No,No,No,Yes,No,Yes,Month-to-month,No,Electronic check,61.92,557.73,Yes
CUST-3684,Male,0,No,No,13,Yes,Yes,No,No internet service,No internet service,No internet service,No internet service,No internet service,No internet service,Month-to-month,Yes,Bank transfer (automatic),24.73,313.64,No
CUST-3685,Male,0,No,No,64,Yes,No,DSL,No,Yes,No,No,No,Yes,Two year,No,Credit card (automatic),50.11,3209.19,No
CUST-3686,Male,0,No,Yes,38,Yes,No,DSL,No,No,Yes,No,No,Yes,One year,No,Bank transfer (automatic),54.76,2089.2,No
CUST-3687,Male,0,Yes,No,22,Yes,No,DSL,Yes,Yes,No,Yes,Yes,No,Two year,Yes,Bank transfer (automatic),79.01,1738.82,No
CUST-3688,Male,0,No,No,31,Yes,Yes,Fiber optic,No,Yes,No,No,Yes,Yes,One year,Yes,Bank transfer (automatic),97.28,3011.52,No
CUST-3689,Male,0,Yes,No,42,Yes,Yes,DSL,Yes,Yes,No,No,No,Yes,Month-to-month,No,Credit card (automatic),42.32,1775.55,Yes
CUST-3690,Female,0,No,Yes,62,No,No phone service,DSL,No,Yes,Yes,No,No,Yes,Month-to-month,Yes,Electronic check,47.83,2973.5,Yes
CUST-3691,Female,1,No,Yes,64,Yes,No,DSL,Yes,Yes,No,No,No,No,Two year,Yes,Bank transfer (automatic),53.36,3421.3,No
CUST-3692,Male,0,No,No,9,Yes,Yes,DSL,Yes,No,Yes,Yes,No,Yes,Month-to-month,Yes,Credit card (automatic),60.95,554.61,Yes
CUST-3693,Male,0,No,No,44,Yes,Yes,DSL,No,No,No,Yes,No,No,Month-to-month,No,Bank transfer (automatic),59.21,2606.52,Yes
CUST-3694,Female,1,No,Yes,63,Yes,No,DSL,No,No,No,No,No,Yes,Month-to-month,Yes,Electronic check,41.36,2603.61,No
CUST-3695,Female,0,No,No,40,Yes,No,No,No internet service,No internet service,No internet service,No internet service,No internet service,No internet service,Month-to-month,Yes,Credit card (automatic),21.54,854.25,No
CUST-3696,Female,0,Yes,Yes,41,Yes,No,DSL,No,Yes,No,Yes,No,Yes,One year,Yes,Credit card (automatic),69.63,2864.34,No
CUST-3697,Male,0,No,No,72,Yes,Yes,DSL,No,Yes,Yes,No,Yes,No,Two year,No,Bank transfer (automatic),63.25,4547.58,No
CUST-3698,Female,0,No,No,50,Yes,No,DSL,No,No,No,Yes,No,Yes,Month-to-month,Yes,Mailed check,67.95,3392.54,No
CUST-3699,Female,0,Yes,No,20,Yes,No,No,No internet service,No internet service,No internet service,No internet service,No internet service,No internet service,One year,Yes,Mailed check,29.62,597.69,No
CUST-3700,Female,1,No,No,70,Yes,No,DSL,No,No,No,No,No,No,One year,No,Electronic check,54.65,3822.52,No
CUST-3701,Female,0,Yes,Yes,42,Yes,No,Fiber optic,No,No,Yes,Yes,Yes,No,Month-to-month,Yes,Bank transfer (automatic),109.09,4583.46,No
CUST-3702,Male,0,No,No,33,Yes,No,No,No internet service,No internet service,No internet service,No internet service,No internet service,No internet service,Month-to-month,No,Bank transfer (automatic),18.5,615.73,No
CUST-3703,Male,0,No,No,63,No,No phone service,DSL,Yes,No,No,No,No,Yes,Two year,Yes,Electronic check,48.03,3027.01,No
CUST-3704,Female,0,Yes,No,57,Yes,No,DSL,No,No,No,No,Yes,Yes,Month-to-month,Yes,Electronic check,66.79,3806.84,No
CUST-3705,Female,0,No,No,65,Yes,No,Fiber optic,No,No,Yes,No,Yes,No,Month-to-month,No,Electronic check,89.87,5832.56,Yes
CUST-3706,Male,0,Yes,No,52,Yes,No,Fiber optic,No,Yes,No,Yes,No,Yes,Month-to-month,No,Bank transfer (automatic),92.36,4802.47,Yes
CUST-3707,Male,0,No,Yes,6,Yes,No,Fiber optic,Yes,Yes,Yes,No,Yes,Yes,Month-to-month,No,Electronic check,76.86,460.26,No
CUST-3708,Male,0,Yes,No,7,Yes,No,Fiber optic,No,No,No,No,No,Yes,Month-to-month,No,Electronic check,72.05,511.96,Yes
CUST-3709,Male,1,Yes,Yes,9,Yes,No,DSL,Yes,No,No,No,No,Yes,Month-to-month,No,Electronic check,55.51,498.54,Yes
CUST-3710,Female,0,Yes,Yes,61,Yes,Yes,Fiber optic,No,No,No,No,Yes,Yes,Month-to-month,Yes,Credit card (automatic),80.69,4924.69,Yes
CUST-3711,Female,0,Yes,No,34,Yes,Yes,DSL,No,Yes,No,Yes,No,Yes,Month-to-month,No,Electronic check,61.17,2085.25,No
CUST-3712,Male,0,No,No,35,Yes,No,Fiber optic,No,Yes,No,No,No,No,Month-to-month,Yes,Bank transfer (automatic),73.79,2582.0,Yes
CUST-3713,Male,0,No,No,20,No,No phone service,Fiber optic,Yes,No,No,Yes,No,Yes,Month-to-month,No,Mailed check,80.88,1612.82,No
CUST-3714,Male,0,Yes,Yes,58,Yes,No,DSL,No,Yes,No,No,Yes,No,Two year,Yes,Mailed check,67.92,3947.24,No
CUST-3715,Male,1,Yes,No,60,Yes,Yes,DSL,No,No,No,No,No,Yes,Month-to-month,Yes,Bank transfer (automatic),51.95,3124.91,No
CUST-3716,Female,0,Yes,No,54,Yes,No,DSL,No,No,No,No,No,Yes,Month-to-month,No,Mailed check,40.07,2171.78,No
CUST-3717,Female,1,No,No,35,Yes,Yes,DSL,Yes,No,Yes,Yes,No,No,Two year,No,Electronic check,63.34,2212.36,No
CUST-3718,Female,0,No,Yes,47,Yes,No,No,No internet service,No internet service,No internet service,No internet service,No internet service,No internet service,Month-to-month,Yes,Bank transfer (automatic),18.71,875.68,No
CUST-3719,Male,1,Yes,No,46,Yes,No,Fiber optic,No,No,Yes,No,No,Yes,One year,Yes,Mailed check,78.23,3606.96,No
CUST-3720,Female,0,No,No,4,No,No phone service,Fiber optic,No,Yes,Yes,Yes,Yes,No,One year,No,Electronic check,108.67,427.2,No
CUST-3721,Female,1,Yes,No,10,Yes,No,DSL,No,Yes,Yes,No,Yes,Yes,Month-to-month,Yes,Credit card (automatic),69.06,693.72,Yes
CUST-3722,Female,0,No,Yes,40,Yes,Yes,DSL,No,No,No,No,Yes,No,Two year,Yes,Bank transfer (automatic),70.27,2806.65,No
CUST-3723,Male,0,No,No,55,Yes,No,DSL,No,Yes,No,Yes,Yes,Yes,Month-to-month,Yes,Electronic check,81.04,4461.63,No
CUST-3724,Male,1,No,No,40,Yes,No,DSL,No,No,No,Yes,Yes,Yes,One year,Yes,Mailed check,87.53,3507.87,No
CUST-3725,Male,0,No,No,23,Yes,No,Fiber optic,No,No,Yes,No,No,Yes,Month-to-month,No,Credit card (automatic),77.92,1790.32,No
CUST-3726,Male,0,No,Yes,15,Yes,No,No,No internet service,No internet service,No internet service,No internet service,No internet service,No internet service,Month-to-month,Yes,Electronic check,19.79,289.87,No
CUST-3727,Male,0,No,Yes,5,No,No phone service,DSL,No,Yes,Yes,No,No,Yes,Two year,No,Credit card (automatic),58.7,298.14,No
CUST-3728,Male,1,No,No,40,Yes,No,Fiber optic,No,No,Yes,Yes,No,No,One year,Yes,Bank transfer (automatic),86.24,3440.71,No
CUST-3729,Male,0,Yes,No,18,Yes,No,DSL,No,No,Yes,No,No,Yes,Month-to-month,No,Mailed check,50.53,899.84,No
CUST-3730,Female,0,Yes,No,21,No,No phone service,DSL,No,Yes,Yes,Yes,Yes,Yes,Month-to-month,Yes,Credit card (automatic),81.06,1709.8,Yes
CUST-3731,Male,0,Yes,No,3,Yes,No,DSL,Yes,Yes,Yes,Yes,Yes,Yes,One year,Yes,Electronic check,82.61,254.17,No
CUST-3732,Male,0,No,Yes,46,Yes,Yes,Fiber optic,No,Yes,Yes,No,No,No,Month-to-month,Yes,Electronic check,72.69,3345.38,Yes
CUST-3733,Female,0,Yes,No,53,Yes,No,Fiber optic,No,Yes,No,No,Yes,No,Two year,Yes,Electronic check,86.88,4607.95,Yes
CUST-3734,Female,0,Yes,No,20,Yes,No,DSL,No,Yes,Yes,Yes,Yes,Yes,Two year,Yes,Bank transfer (automatic),85.73,1723.65,No
CUST-3735,Female,0,Yes,No,59,Yes,No,Fiber optic,No,Yes,No,No,No,Yes,Month-to-month,Yes,Electronic check,69.26,4077.6,Yes
CUST-3736,Female,1,Yes,No,21,Yes,Yes,Fiber optic,Yes,No,No,Yes,No,Yes,One year,Yes,Electronic check,96.11,2012.64,Yes
CUST-3737,Female,0,No,No,51,Yes,Yes,DSL,No,No,Yes,No,No,Yes,Two year,No,Bank transfer (automatic),49.58,2533.16,No
CUST-3738,Female,0,No,No,25,Yes,No,Fiber optic,No,No,No,Yes,No,No,Month-to-month,Yes,Electronic check,91.26,2276.78,Yes
CUST-3739,Male,0,No,No,68,No,No phone service,Fiber optic,No,No,No,Yes,Yes,Yes,Month-to-month,Yes,Electronic check,102.49,6963.47,Yes
CUST-3740,Male,0,No,No,10,Yes,No,DSL,No,No,No,No,No,Yes,Month-to-month,No,Electronic check,48.94,488.24,Yes
CUST-3741,Male,0,No,Yes,67,Yes,No,Fiber optic,No,Yes,Yes,No,Yes,Yes,Month-to-month,No,Credit card (automatic),95.05,6372.82,Yes
CUST-3742,Male,0,No,No,9,Yes,Yes,DSL,No,No,No,No,No,No,Two year,Yes,Credit card (automatic),47.73,423.78,No
CUST-3743,Male,0,Yes,No,29,Yes,Yes,Fiber optic,No,No,Yes,No,Yes,Yes,Month-to-month,Yes,Bank transfer (automatic),81.18,2352.81,No
CUST-3744,Female,0,No,No,37,Yes,Yes,No,No internet service,No internet service,No internet service,No internet service,No internet service,No internet service,Month-to-month,Yes,Electronic check,20.24,749.26,No
CUST-3745,Female,0,Yes,Yes,71,Yes,Yes,Fiber optic,No,No,No,No,No,No,Month-to-month,Yes,Mailed check,71.29,5055.03,Yes
CUST-3746,Female,0,Yes,No,38,Yes,Yes,DSL,Yes,No,Yes,Yes,No,Yes,Month-to-month,No,Electronic check,60.36,2293.22,No
CUST-3747,Male,0,No,Yes,72,Yes,No,DSL,No,No,No,No,No,No,Month-to-month,No,Credit card (automatic),46.7,3369.72,No
CUST-3748,Female,0,Yes,Yes,59,Yes,No,DSL,Yes,No,No,No,Yes,Yes,One year,No,Bank transfer (automatic),75.76,4474.76,No
CUST-3749,Female,0,Yes,No,57,Yes,Yes,DSL,No,Yes,Yes,No,No,No,One year,No,Electronic check,49.09,2798.2,No
CUST-3750,Male,0,Yes,No,60,Yes,No,Fiber optic,No,No,Yes,No,Yes,Yes,Month-to-month,Yes,Mailed check,87.58,5247.31,Yes
CUST-3751,Female,0,Yes,Yes,28,Yes,No,DSL,No,Yes,No,No,Yes,Yes,Two year,Yes,Mailed check,69.23,1928.91,No
CUST-3752,Male,0,Yes,No,28,Yes,No,DSL,No,Yes,No,Yes,No,No,Two year,No,Credit card (automatic),67.72,1887.5,No
CUST-3753,Male,0,Yes,No,46,Yes,No,Fiber optic,No,Yes,Yes,Yes,No,Yes,Month-to-month,Yes,Credit card (automatic),95.8,4411.8,No
CUST-3754,Female,0,No,Yes,71,Yes,Yes,Fiber optic,No,No,No,No,No,Yes,Month-to-month,Yes,Electronic check,82.26,5844.55,No
CUST-3755,Male,0,No,No,67,Yes,Yes,DSL,Yes,No,No,Yes,No,No,Month-to-month,Yes,Credit card (automatic),77.28,5182.68,Yes
CUST-3756,Male,0,Yes,No,55,No,No phone service,Fiber optic,Yes,No,Yes,Yes,No,No,Month-to-month,Yes,Electronic check,86.3,4742.64,No
CUST-3757,Female,1,No,No,38,Yes,Yes,No,No internet service,No internet service,No internet service,No internet service,No internet service,No internet service,One year,Yes,Electronic check,24.9,938.0,No
CUST-3758,Female,1,Yes,Yes,18,Yes,No,DSL,No,No,No,No,No,Yes,One year,Yes,Electronic check,46.43,840.03,No
CUST-3759,Male,0,Yes,Yes,63,Yes,No,DSL,Yes,No,No,No,No,Yes,Month-to-month,Yes,Electronic check,49.06,3099.23,No
CUST-3760,Male,0,Yes,No,5,Yes,Yes,Fiber optic,No,No,Yes,No,No,Yes,Month-to-month,Yes,Electronic check,77.65,387.29,Yes
CUST-3761,Male,0,No,No,44,Yes,No,Fiber optic,No,No,No,No,No,No,Month-to-month,Yes,Electronic check,75.38,3322.01,No
CUST-3762,Female,0,Yes,No,29,No,No phone service,DSL,No,Yes,Yes,No,No,No,Month-to-month,Yes,Credit card (automatic),51.78,1506.18,No
CUST-3763,Male,0,No,No,14,Yes,No,DSL,No,No,No,No,Yes,Yes,Two year,Yes,Electronic check,64.11,904.61,Yes
CUST-3764,Male,0,No,Yes,58,Yes,No,Fiber optic,No,No,No,Yes,Yes,No,One year,No,Mailed check,100.5,5819.57,Yes
CUST-3765,Female,0,No,No,44,Yes,Yes,No,No internet service,No internet service,No internet service,No internet service,No internet service,No internet service,Month-to-month,No,Mailed check,23.88,1059.83,No
CUST-3766,Female,0,No,Yes,18,Yes,Yes,Fiber optic,No,No,No,No,Yes,No,Month-to-month,No,Credit card (automatic),84.1,1521.11,Yes
CUST-3767,Male,0,No,No,7,Yes,Yes,No,No internet service,No internet service,No internet service,No internet service,No internet service,No internet service,Two year,No,Mailed check,27.18,197.79,No
CUST-3768,Female,0,Yes,No,62,Yes,Yes,Fiber optic,No,No,Yes,No,No,Yes,Month-to-month,No,Electronic check,74.77,4645.67,Yes
CUST-3769,Female,0,Yes,No,45,No,No phone service,No,No internet service,No internet service,No internet service,No internet service,No internet service,No internet service,Two year,No,Credit card (automatic),25.1,1132.29,No
CUST-3770,Male,0,No,No,16,Yes,No,Fiber optic,Yes,Yes,No,Yes,No,No,Month-to-month,No,Bank transfer (automatic),99.71,1586.99,No
CUST-3771,Male,0,No,No,64,Yes,Yes,No,No internet service,No internet service,No internet service,No internet service,No internet service,No internet service,Month-to-month,No,Electronic check,21.01,1351.1,No
CUST-3772,Female,0,Yes,Yes,37,Yes,No,DSL,No,Yes,Yes,No,Yes,No,One year,No,Electronic check,59.78,2204.56,No
CUST-3773,Male,0,Yes,Yes,25,Yes,Yes,Fiber optic,No,No,Yes,No,No,No,Month-to-month,Yes,Electronic check,80.96,2028.76,Yes
CUST-3774,Female,0,Yes,No,9,Yes,Yes,DSL,No,Yes,Yes,No,No,Yes,Month-to-month,Yes,Mailed check,48.8,437.68,Yes
CUST-3775,Male,0,Yes,No,55,Yes,No,DSL,No,No,No,No,Yes,No,Month-to-month,Yes,Bank transfer (automatic),59.1,3240.63,No
CUST-3776,Male,0,Yes,No,28,No,No phone service,Fiber optic,No,No,No,No,Yes,No,Month-to-month,No,Mailed check,94.76,2652.0,Yes
CUST-3777,Male,0,No,Yes,9,Yes,No,DSL,Yes,Yes,Yes,Yes,No,Yes,One year,Yes,Credit card (automatic),68.08,618.65,No
CUST-3778,Male,1,No,No,12,Yes,Yes,DSL,No,No,Yes,No,No,Yes,Month-to-month,No,Mailed check,50.88,602.31,Yes
CUST-3779,Male,0,No,No,18,Yes,No,No,No internet service,No internet service,No internet service,No internet service,No internet service,No internet service,One year,Yes,Mailed check,18.5,323.04,No
CUST-3780,Male,0,No,Yes,56,Yes,No,Fiber optic,No,Yes,Yes,No,Yes,Yes,Month-to-month,Yes,Electronic check,96.21,5386.82,Yes
CUST-3781,Female,0,No,No,58,Yes,Yes,No,No internet service,No internet service,No internet service,No internet service,No internet service,No internet service,One year,Yes,Electronic check,25.26,1455.11,No
CUST-3782,Female,1,Yes,No,51,Yes,No,No,No internet service,No internet service,No internet service,No internet service,No internet service,No internet service,Month-to-month,No,Electronic check,19.87,1022.06,No
CUST-3783,Female,0,Yes,Yes,32,Yes,Yes,DSL,Yes,Yes,Yes,Yes,No,No,Month-to-month,Yes,Credit card (automatic),73.04,2343.78,No
CUST-3784,Female,1,No,Yes,48,Yes,Yes,DSL,No,No,No,No,No,No,Month-to-month,Yes,Mailed check,54.9,2637.8,No
CUST-3785,Male,0,No,Yes,8,Yes,No,DSL,No,No,No,No,No,No,Month-to-month,No,Mailed check,46.55,362.75,Yes
CUST-3786,Female,0,Yes,Yes,30,No,No phone service,Fiber optic,No,No,No,Yes,No,Yes,Month-to-month,No,Electronic check,87.66,2631.2,Yes
CUST-3787,Male,1,No,No,26,Yes,Yes,Fiber optic,Yes,No,No,No,No,No,Month-to-month,Yes,Electronic check,76.78,1999.7,No
CUST-3788,Female,0,Yes,Yes,24,No,No phone service,Fiber optic,Yes,Yes,No,Yes,Yes,Yes,Two year,Yes,Bank transfer (automatic),104.18,2502.07,No
CUST-3789,Female,0,Yes,Yes,27,No,No phone service,DSL,No,Yes,No,No,Yes,No,One year,No,Mailed check,66.18,1795.8,No
CUST-3790,Female,0,Yes,No,39,No,No phone service,DSL,No,No,No,Yes,No,Yes,Month-to-month,No,Electronic check,59.94,2344.29,No
CUST-3791,Female,0,Yes,No,66,No,No phone service,Fiber optic,Yes,Yes,No,Yes,No,No,Month-to-month,Yes,Credit card (automatic),86.55,5709.6,Yes
CUST-3792,Female,0,No,No,51,Yes,Yes,DSL,No,No,Yes,No,No,Yes,Two year,Yes,Mailed check,50.37,2572.77,No
CUST-3793,Male,0,No,No,50,Yes,Yes,Fiber optic,No,Yes,No,No,No,No,Two year,No,Electronic check,76.28,3813.22,Yes
CUST-3794,Male,0,Yes,No,45,Yes,No,DSL,No,Yes,No,No,No,No,Two year,No,Bank transfer (automatic),51.07,2306.72,No
CUST-3795,Female,0,No,Yes,33,Yes,No,DSL,No,Yes,Yes,No,No,No,Two year,Yes,Electronic check,43.59,1440.83,Yes
CUST-3796,Male,1,No,No,19,Yes,Yes,DSL,Yes,Yes,Yes,Yes,No,No,Month-to-month,Yes,Mailed check,65.81,1252.03,No
CUST-3797,Female,0,No,No,13,Yes,No,Fiber optic,No,Yes,Yes,No,Yes,No,Month-to-month,Yes,Mailed check,94.99,1234.88,Yes
CUST-3798,Female,0,No,No,22,Yes,Yes,DSL,No,No,Yes,Yes,Yes,Yes,One year,No,Bank transfer (automatic),77.97,1712.89,No
CUST-3799,Male,0,Yes,No,20,Yes,No,DSL,No,No,Yes,Yes,Yes,No,One year,Yes,Mailed check,76.51,1523.16,No
CUST-3800,Female,0,No,No,5,No,No phone service,Fiber optic,No,No,No,No,No,No,Month-to-month,Yes,Credit card (automatic),72.81,359.53,Yes
CUST-3801,Female,0,Yes,No,32,Yes,No,No,No internet service,No internet service,No internet service,No internet service,No internet service,No internet service,Month-to-month,Yes,Bank transfer (automatic),18.5,588.65,No
CUST-3802,Female,1,No,Yes,30,Yes,No,No,No internet service,No internet service,No internet service,No internet service,No internet service,No internet service,Two year,No,Bank transfer (automatic),25.91,770.38,No
CUST-3803,Female,0,Yes,Yes,26,Yes,No,DSL,No,Yes,Yes,Yes,Yes,Yes,Two year,Yes,Credit card (automatic),73.67,1921.67,No
CUST-3804,Female,0,No,No,4,Yes,No,Fiber optic,Yes,No,No,Yes,No,No,Month-to-month,Yes,Credit card (automatic),85.0,330.04,Yes
CUST-3805,Female,0,No,No,67,Yes,Yes,DSL,Yes,No,Yes,No,No,No,Month-to-month,No,Mailed check,39.54,2657.5,No
CUST-3806,Female,0,Yes,Yes,43,Yes,No,DSL,No,No,Yes,Yes,No,No,Two year,No,Bank transfer (automatic),70.9,3041.27,No
CUST-3807,Male,1,Yes,No,30,Yes,Yes,Fiber optic,No,No,Yes,No,No,Yes,Month-to-month,No,Credit card (automatic),76.52,2286.62,Yes
CUST-3808,Male,0,No,Yes,16,Yes,Yes,DSL,No,Yes,No,No,Yes,No,Two year,Yes,Mailed check,58.8,950.7,No
CUST-3809,Female,0,No,Yes,71,Yes,Yes,Fiber optic,No,Yes,Yes,Yes,No,No,Month-to-month,No,Bank transfer (automatic),88.9,6321.9,No
CUST-3810,Male,0,Yes,No,39,Yes,Yes,No,No internet service,No internet service,No internet service,No internet service,No internet service,No internet service,One year,No,Electronic check,22.25,861.59,No
CUST-3811,Female,0,No,Yes,41,Yes,No,DSL,No,Yes,No,Yes,No,No,Month-to-month,No,Credit card (automatic),67.96,2779.04,No
CUST-3812,Female,0,Yes,Yes,31,Yes,No,DSL,No,Yes,No,Yes,Yes,Yes,Two year,Yes,Bank transfer (automatic),85.06,2630.82,No
CUST-3813,Male,0,Yes,Yes,49,No,No phone service,DSL,Yes,No,No,No,Yes,Yes,Month-to-month,Yes,Credit card (automatic),56.9,2788.33,No
CUST-3814,Female,0,Yes,No,13,Yes,Yes,Fiber optic,No,No,Yes,No,No,Yes,Month-to-month,No,Bank transfer (automatic),80.3,1040.32,No
CUST-3815,Female,0,Yes,Yes,41,Yes,Yes,No,No internet service,No internet service,No internet service,No internet service,No internet service,No internet service,Month-to-month,Yes,Credit card (automatic),18.5,755.23,Yes
CUST-3816,Male,0,No,No,28,No,No phone service,No,No internet service,No internet service,No internet service,No internet service,No internet service,No internet service,One year,No,Electronic check,24.86,702.27,No
CUST-3817,Male,1,No,No,64,No,No phone service,Fiber optic,No,No,Yes,Yes,Yes,No,Month-to-month,No,Credit card (automatic),109.29,7002.36,No
CUST-3818,Male,1,Yes,No,19,Yes,No,DSL,No,Yes,No,No,No,No,One year,No,Credit card (automatic),61.96,1186.64,No
CUST-3819,Male,0,No,Yes,72,Yes,No,Fiber optic,No,Yes,Yes,No,No,No,Month-to-month,No,Credit card (automatic),73.0,5256.29,Yes
CUST-3820,Female,0,Yes,No,25,Yes,Yes,DSL,No,No,No,No,Yes,No,Two year,Yes,Bank transfer (automatic),61.3,1527.42,No
CUST-3821,Male,0,No,Yes,38,Yes,Yes,No,No internet service,No internet service,No internet service,No internet service,No internet service,No internet service,Month-to-month,Yes,Credit card (automatic),21.47,816.96,No
CUST-3822,Female,0,Yes,No,3,Yes,No,DSL,Yes,No,No,No,No,Yes,Two year,No,Electronic check,50.83,159.91,Yes
CUST-3823,Male,0,No,No,2,Yes,No,Fiber optic,No,No,Yes,No,No,No,One year,No,Electronic check,86.08,162.78,Yes
CUST-3824,Male,0,No,Yes,5,Yes,Yes,DSL,No,No,Yes,No,Yes,No,Month-to-month,Yes,Credit card (automatic),57.95,297.97,No
CUST-3825,Female,1,Yes,No,61,Yes,Yes,DSL,Yes,Yes,Yes,No,No,No,Month-to-month,Yes,Bank transfer (automatic),46.41,2825.54,Yes
CUST-3826,Female,1,No,Yes,20,Yes,No,Fiber optic,No,No,Yes,No,No,Yes,Two year,Yes,Electronic check,69.72,1390.61,Yes
CUST-3827,Male,0,Yes,Yes,38,No,No phone service,Fiber optic,No,No,No,No,Yes,Yes,Month-to-month,No,Mailed check,92.19,3500.5,No
CUST-3828,Male,0,Yes,No,36,Yes,Yes,Fiber optic,No,No,Yes,Yes,No,Yes,One year,Yes,Bank transfer (automatic),87.69,3165.12,No
CUST-3829,Male,0,Yes,No,46,Yes,Yes,Fiber optic,No,Yes,No,No,No,No,Month-to-month,Yes,Bank transfer (automatic),77.18,3543.8,No
CUST-3830,Male,0,Yes,Yes,37,Yes,No,DSL,No,No,No,No,Yes,Yes,Two year,Yes,Electronic check,68.22,2518.6,No
CUST-3831,Female,0,Yes,Yes,54,Yes,No,No,No internet service,No internet service,No internet service,No internet service,No internet service,No internet service,One year,No,Mailed check,22.76,1233.66,No
CUST-3832,Male,0,Yes,Yes,21,Yes,Yes,Fiber optic,No,No,No,Yes,No,No,Two year,Yes,Credit card (automatic),89.71,1892.6,No
CUST-3833,Male,1,Yes,No,21,Yes,No,DSL,No,Yes,No,Yes,No,No,Two year,Yes,Credit card (automatic),68.53,1431.22,No
CUST-3834,Male,0,Yes,No,70,Yes,Yes,Fiber optic,No,No,No,Yes,No,Yes,Month-to-month,Yes,Bank transfer (automatic),90.92,6364.84,No
CUST-3835,Female,0,No,Yes,60,Yes,No,No,No internet service,No internet service,No internet service,No internet service,No internet service,No internet service,Month-to-month,No,Bank transfer (automatic),18.5,1118.29,No
CUST-3836,Female,0,No,Yes,36,Yes,Yes,Fiber optic,No,No,No,No,No,Yes,Month-to-month,Yes,Mailed check,72.51,2618.08,No
CUST-3837,Male,0,Yes,No,11,Yes,No,DSL,No,No,No,No,No,Yes,Month-to-month,Yes,Mailed check,48.67,544.34,No
CUST-3838,Female,0,Yes,No,31,Yes,No,Fiber optic,Yes,Yes,No,Yes,No,Yes,Month-to-month,Yes,Electronic check,97.41,3027.75,Yes
CUST-3839,Male,1,Yes,No,37,Yes,No,DSL,No,No,Yes,Yes,No,No,Month-to-month,Yes,Mailed check,65.16,2407.21,No
CUST-3840,Male,0,No,No,60,Yes,No,Fiber optic,No,Yes,No,No,Yes,No,Two year,No,Mailed check,90.52,5425.36,No
CUST-3841,Female,0,No,Yes,61,Yes,Yes,Fiber optic,No,Yes,No,No,Yes,No,Month-to-month,Yes,Electronic check,89.6,5473.63,Yes
CUST-3842,Female,0,Yes,No,67,Yes,Yes,No,No internet service,No internet service,No internet service,No internet service,No internet service,No internet service,Month-to-month,No,Mailed check,18.5,1243.74,No
CUST-3843,Female,0,Yes,No,29,Yes,Yes,Fiber optic,No,No,No,No,Yes,Yes,One year,No,Credit card (automatic),81.8,2369.77,No
CUST-3844,Female,0,Yes,No,67,Yes,No,DSL,No,No,No,No,No,No,Two year,No,Electronic check,51.76,3472.18,No
CUST-3845,Male,0,Yes,Yes,71,Yes,No,Fiber optic,No,Yes,Yes,No,Yes,Yes,Month-to-month,Yes,Electronic check,85.5,6066.64,Yes
CUST-3846,Female,0,No,No,67,Yes,No,DSL,Yes,Yes,Yes,No,Yes,Yes,Month-to-month,Yes,Bank transfer (automatic),67.3,4510.73,Yes
CUST-3847,Male,0,No,No,16,Yes,Yes,DSL,Yes,Yes,No,Yes,No,Yes,Month-to-month,No,Electronic check,64.98,1034.35,Yes
CUST-3848,Female,0,Yes,No,45,No,No phone service,DSL,Yes,No,No,Yes,Yes,Yes,Month-to-month,Yes,Bank transfer (automatic),85.19,3834.78,Yes
CUST-3849,Male,0,No,No,34,Yes,No,DSL,No,Yes,Yes,No,Yes,Yes,One year,Yes,Electronic check,68.97,2353.44,No
CUST-3850,Female,0,Yes,No,44,Yes,No,No,No internet service,No internet service,No internet service,No internet service,No internet service,No internet service,One year,Yes,Bank transfer (automatic),23.19,1025.79,No
CUST-3851,Male,0,Yes,No,42,No,No phone service,Fiber optic,Yes,Yes,Yes,No,No,Yes,Two year,Yes,Credit card (automatic),70.49,2963.7,No
CUST-3852,Male,0,No,No,35,Yes,No,Fiber optic,No,No,No,No,No,Yes,Two year,Yes,Bank transfer (automatic),64.5,2252.42,No
CUST-3853,Female,0,No,No,30,Yes,No,DSL,Yes,No,Yes,No,No,Yes,Two year,Yes,Electronic check,56.27,1679.37,No
CUST-3854,Male,0,Yes,Yes,53,Yes,No,Fiber optic,Yes,Yes,No,No,No,Yes,Month-to-month,Yes,Credit card (automatic),75.4,4000.41,Yes
CUST-3855,Female,0,Yes,No,58,Yes,No,Fiber optic,No,No,No,No,No,Yes,Month-to-month,No,Electronic check,74.44,4319.04,No
CUST-3856,Male,0,No,No,28,Yes,Yes,DSL,Yes,No,No,No,No,No,Month-to-month,No,Bank transfer (automatic),48.81,1360.93,Yes
CUST-3857,Male,0,No,No,15,Yes,Yes,No,No internet service,No internet service,No internet service,No internet service,No internet service,No internet service,One year,Yes,Bank transfer (automatic),22.7,349.2,No
CUST-3858,Male,0,Yes,No,38,Yes,No,Fiber optic,Yes,No,Yes,Yes,No,No,Two year,No,Credit card (automatic),95.95,3647.14,No
CUST-3859,Male,0,Yes,No,50,Yes,Yes,Fiber optic,No,No,No,No,No,Yes,Month-to-month,No,Mailed check,72.23,3612.94,No
CUST-3860,Female,0,Yes,No,13,Yes,No,DSL,Yes,No,No,No,Yes,No,Two year,No,Mailed check,56.88,735.42,No
CUST-3861,Male,0,No,Yes,35,Yes,No,DSL,No,No,No,No,Yes,Yes,Month-to-month,No,Mailed check,73.9,2594.09,No
CUST-3862,Female,0,No,Yes,24,Yes,No,No,No internet service,No internet service,No internet service,No internet service,No internet service,No internet service,Month-to-month,Yes,Mailed check,21.95,534.63,No
CUST-3863,Female,0,Yes,Yes,65,Yes,Yes,Fiber optic,No,No,No,No,No,Yes,Two year,No,Credit card (automatic),77.24,5024.9,Yes
CUST-3864,Male,0,No,No,18,Yes,Yes,Fiber optic,No,Yes,Yes,Yes,Yes,No,Two year,Yes,Electronic check,91.97,1647.45,No
CUST-3865,Female,1,No,Yes,58,Yes,Yes,No,No internet service,No internet service,No internet service,No internet service,No internet service,No internet service,Month-to-month,No,Credit card (automatic),21.36,1230.57,No
CUST-3866,Female,0,Yes,Yes,26,Yes,Yes,Fiber optic,No,No,No,No,No,No,Month-to-month,Yes,Mailed check,65.11,1692.25,No
CUST-3867,Female,0,Yes,Yes,29,Yes,No,Fiber optic,No,No,No,Yes,No,No,Month-to-month,Yes,Bank transfer (automatic),88.5,2559.34,No
CUST-3868,Male,0,No,No,72,No,No phone service,DSL,No,Yes,Yes,No,Yes,Yes,Month-to-month,Yes,Electronic check,68.48,4927.2,Yes
CUST-3869,Male,0,No,No,44,Yes,Yes,Fiber optic,Yes,Yes,No,No,Yes,No,Month-to-month,Yes,Bank transfer (automatic),91.6,4023.83,Yes
CUST-3870,Female,0,No,Yes,5,Yes,Yes,DSL,No,No,No,Yes,No,No,Month-to-month,No,Credit card (automatic),68.53,338.85,Yes
CUST-3871,Female,0,No,No,33,Yes,Yes,DSL,No,Yes,Yes,Yes,Yes,Yes,Month-to-month,No,Mailed check,77.29,2559.43,No
CUST-3872,Female,1,Yes,No,5,Yes,No,No,No internet service,No internet service,No internet service,No internet service,No internet service,No internet service,Month-to-month,Yes,Bank transfer (automatic),18.5,97.57,Yes
CUST-3873,Male,1,Yes,Yes,36,Yes,No,DSL,Yes,Yes,No,No,Yes,No,Month-to-month,No,Bank transfer (automatic),63.27,2270.49,Yes
CUST-3874,Female,0,No,No,13,Yes,Yes,DSL,No,Yes,Yes,Yes,No,Yes,One year,No,Bank transfer (automatic),64.87,846.69,No
CUST-3875,Male,0,Yes,No,25,Yes,No,DSL,Yes,No,No,Yes,No,Yes,One year,Yes,Bank transfer (automatic),62.11,1543.36,No
CUST-3876,Male,0,No,Yes,58,Yes,No,DSL,No,Yes,No,No,Yes,Yes,Month-to-month,No,Credit card (automatic),64.49,3750.09,No
CUST-3877,Male,0,No,Yes,2,No,No phone service,DSL,Yes,Yes,Yes,Yes,Yes,Yes,Month-to-month,Yes,Electronic check,80.07,160.77,Yes
CUST-3878,Female,0,No,No,36,Yes,Yes,DSL,No,No,Yes,No,No,No,Month-to-month,No,Electronic check,51.31,1847.27,No
CUST-3879,Male,0,Yes,No,25,Yes,No,Fiber optic,No,No,No,Yes,Yes,Yes,Month-to-month,No,Credit card (automatic),115.78,2889.31,No
CUST-3880,Male,0,No,Yes,34,Yes,No,Fiber optic,No,No,Yes,Yes,No,Yes,Month-to-month,Yes,Credit card (automatic),85.15,2894.26,Yes
CUST-3881,Female,0,No,No,12,No,No phone service,Fiber optic,No,No,No,Yes,No,Yes,Month-to-month,No,Bank transfer (automatic),93.51,1122.64,Yes
CUST-3882,Male,0,No,No,19,Yes,Yes,No,No internet service,No internet service,No internet service,No internet service,No internet service,No internet service,Month-to-month,No,Electronic check,20.15,386.01,No
CUST-3883,Male,1,No,No,37,Yes,No,Fiber optic,No,No,No,No,Yes,No,One year,No,Credit card (automatic),99.13,3658.73,Yes
CUST-3884,Male,0,Yes,Yes,1,No,No phone service,DSL,Yes,No,Yes,No,No,No,Two year,Yes,Bank transfer (automatic),45.68,45.68,Yes
CUST-3885,Female,0,Yes,No,60,Yes,Yes,DSL,No,Yes,No,No,No,No,Two year,No,Credit card (automatic),48.87,2929.94,No
CUST-3886,Female,0,Yes,No,67,Yes,Yes,Fiber optic,No,Yes,No,No,Yes,No,Two year,No,Electronic check,88.18,5901.04,No
CUST-3887,Male,0,Yes,No,49,Yes,Yes,Fiber optic,No,No,No,No,No,No,One year,Yes,Electronic check,64.74,3167.06,No
CUST-3888,Female,0,No,No,46,Yes,No,DSL,Yes,No,No,No,No,No,Two year,Yes,Mailed check,50.01,2295.19,No
CUST-3889,Female,0,No,No,48,No,No phone service,DSL,No,Yes,Yes,No,Yes,No,One year,No,Credit card (automatic),65.61,3155.49,No
CUST-3890,Male,0,No,No,68,Yes,No,Fiber optic,Yes,Yes,No,No,Yes,No,Month-to-month,Yes,Credit card (automatic),86.84,5908.86,Yes
CUST-3891,Female,0,No,No,19,Yes,Yes,Fiber optic,No,No,No,Yes,Yes,No,One year,No,Electronic check,94.56,1805.09,No
CUST-3892,Female,0,Yes,No,40,Yes,Yes,Fiber optic,No,No,Yes,Yes,Yes,No,Month-to-month,Yes,Electronic check,109.46,4374.6,Yes
CUST-3893,Female,0,No,No,6,Yes,No,DSL,Yes,Yes,No,No,Yes,No,Month-to-month,No,Electronic check,73.58,449.11,Yes
CUST-3894,Male,0,Yes,Yes,63,Yes,Yes,Fiber optic,No,No,No,No,No,No,Month-to-month,Yes,Credit card (automatic),81.25,5126.03,Yes
CUST-3895,Female,1,Yes,No,35,Yes,Yes,Fiber optic,Yes,No,No,No,No,No,Month-to-month,No,Mailed check,75.17,2629.91,Yes
CUST-3896,Female,0,No,Yes,72,Yes,Yes,No,No internet service,No internet service,No internet service,No internet service,No internet service,No internet service,One year,No,Credit card (automatic),19.31,1392.91,No
CUST-3897,Male,0,No,No,61,Yes,Yes,Fiber optic,No,No,No,Yes,No,Yes,Two year,Yes,Mailed check,96.16,5867.72,No
CUST-3898,Male,0,No,No,5,Yes,Yes,Fiber optic,No,No,Yes,No,No,No,Two year,No,Electronic check,81.1,401.66,Yes
CUST-3899,Male,1,Yes,No,37,Yes,Yes,Fiber optic,No,Yes,Yes,Yes,No,No,Month-to-month,Yes,Bank transfer (automatic),90.96,3360.76,Yes
CUST-3900,Male,0,No,Yes,11,Yes,Yes,Fiber optic,No,No,No,No,No,Yes,Two year,Yes,Mailed check,75.38,822.56,Yes
CUST-3901,Female,0,Yes,No,40,Yes,No,DSL,Yes,Yes,No,No,Yes,Yes,Two year,Yes,Mailed check,68.26,2737.15,No
CUST-3902,Male,0,Yes,No,65,Yes,Yes,No,No internet service,No internet service,No internet service,No internet service,No internet service,No internet service,Month-to-month,Yes,Credit card (automatic),20.96,1363.07,No
CUST-3903,Male,0,No,Yes,8,No,No phone service,Fiber optic,No,No,No,No,No,Yes,One year,No,Mailed check,81.72,650.53,Yes
CUST-3904,Female,0,No,No,11,Yes,No,Fiber optic,Yes,Yes,Yes,No,Yes,No,Month-to-month,Yes,Credit card (automatic),92.84,1021.44,Yes
CUST-3905,Male,1,No,No,71,Yes,Yes,No,No internet service,No internet service,No internet service,No internet service,No internet service,No internet service,Month-to-month,Yes,Electronic check,23.56,1664.37,No
CUST-3906,Female,0,No,No,58,Yes,No,No,No internet service,No internet service,No internet service,No internet service,No internet service,No internet service,Month-to-month,Yes,Mailed check,23.34,1345.84,No
CUST-3907,Male,0,No,No,48,Yes,No,Fiber optic,No,Yes,Yes,No,No,Yes,One year,No,Bank transfer (automatic),74.56,3584.07,No
CUST-3908,Male,0,No,No,13,Yes,Yes,DSL,No,No,No,No,No,Yes,Month-to-month,Yes,Electronic check,59.03,775.41,No
CUST-3909,Male,0,No,No,60,Yes,No,DSL,No,No,No,Yes,No,Yes,Two year,Yes,Electronic check,64.58,3871.21,No
CUST-3910,Male,1,No,Yes,49,Yes,No,No,No internet service,No internet service,No internet service,No internet service,No internet service,No internet service,One year,No,Bank transfer (automatic),19.12,935.06,No
CUST-3911,Male,0,No,Yes,67,Yes,Yes,DSL,No,No,Yes,No,No,Yes,Month-to-month,No,Electronic check,48.75,3263.72,No
CUST-3912,Female,0,No,No,7,Yes,No,No,No internet service,No internet service,No internet service,No internet service,No internet service,No internet service,One year,No,Electronic check,28.97,202.37,No
CUST-3913,Female,0,Yes,No,25,Yes,Yes,DSL,No,Yes,No,No,No,Yes,Month-to-month,No,Electronic check,41.64,1039.28,No
CUST-3914,Male,0,No,Yes,23,Yes,Yes,Fiber optic,No,Yes,No,Yes,No,No,Month-to-month,Yes,Credit card (automatic),86.96,1997.8,No
CUST-3915,Female,0,No,Yes,51,Yes,No,Fiber optic,Yes,Yes,Yes,No,No,No,Two year,No,Bank transfer (automatic),78.59,4011.29,No
CUST-3916,Female,0,Yes,No,47,Yes,Yes,DSL,Yes,Yes,No,No,No,No,Month-to-month,No,Bank transfer (automatic),51.78,2429.1,No
CUST-3917,Female,0,No,No,5,Yes,No,No,No internet service,No internet service,No internet service,No internet service,No internet service,No internet service,Month-to-month,No,Electronic check,21.25,115.1,No
CUST-3918,Male,0,Yes,Yes,13,Yes,No,Fiber optic,No,Yes,Yes,Yes,No,Yes,One year,Yes,Electronic check,92.22,1195.03,Yes
CUST-3919,Male,0,No,No,42,Yes,No,DSL,No,No,No,Yes,No,Yes,One year,Yes,Electronic check,70.77,2966.63,No
CUST-3920,Male,0,No,Yes,5,Yes,No,DSL,No,Yes,Yes,No,No,No,Month-to-month,Yes,Bank transfer (automatic),51.18,265.34,Yes
CUST-3921,Female,0,Yes,No,23,Yes,No,Fiber optic,Yes,No,No,No,No,No,One year,No,Bank transfer (automatic),75.97,1741.89,Yes
CUST-3922,Female,0,Yes,No,62,Yes,Yes,DSL,Yes,No,No,Yes,Yes,Yes,Two year,No,Mailed check,86.69,5375.51,No
CUST-3923,Male,0,No,No,1,Yes,Yes,Fiber optic,No,No,No,No,Yes,No,One year,Yes,Mailed check,91.19,91.19,Yes
CUST-3924,Male,1,Yes,No,54,Yes,No,DSL,Yes,No,No,No,No,Yes,Two year,Yes,Electronic check,53.69,2890.81,No
CUST-3925,Female,0,Yes,No,72,Yes,No,DSL,Yes,No,Yes,Yes,Yes,No,Month-to-month,No,Mailed check,67.07,4838.1,No
CUST-3926,Female,1,Yes,Yes,3,No,No phone service,DSL,No,No,No,Yes,Yes,No,Month-to-month,Yes,Bank transfer (automatic),77.85,231.04,Yes
CUST-3927,Female,1,No,Yes,64,Yes,No,DSL,No,Yes,No,Yes,Yes,No,Month-to-month,No,Bank transfer (automatic),76.54,4901.46,No
CUST-3928,Female,0,No,No,51,Yes,No,DSL,No,No,Yes,Yes,Yes,Yes,One year,Yes,Electronic check,76.37,3902.12,No
CUST-3929,Male,0,No,No,2,Yes,Yes,No,No internet service,No internet service,No internet service,No internet service,No internet service,No internet service,Two year,No,Credit card (automatic),18.5,38.06,No
CUST-3930,Female,0,Yes,No,49,No,No phone service,DSL,No,Yes,No,No,No,No,Two year,Yes,Electronic check,48.13,2362.63,Yes
CUST-3931,Female,0,No,No,31,Yes,No,DSL,No,Yes,Yes,Yes,No,Yes,Month-to-month,No,Credit card (automatic),69.45,2158.64,No
CUST-3932,Male,0,No,No,3,Yes,No,DSL,No,No,No,Yes,No,No,One year,No,Mailed check,61.25,181.38,No
CUST-3933,Female,0,Yes,Yes,35,Yes,No,Fiber optic,No,No,No,Yes,No,Yes,Two year,No,Mailed check,94.77,3319.53,No
CUST-3934,Female,0,No,No,36,Yes,Yes,Fiber optic,Yes,Yes,No,No,No,No,Month-to-month,Yes,Mailed check,78.87,2833.44,Yes
CUST-3935,Male,0,No,No,64,Yes,No,Fiber optic,Yes,Yes,No,No,Yes,Yes,One year,No,Credit card (automatic),84.74,5414.47,No
CUST-3936,Female,0,No,No,32,Yes,Yes,DSL,No,No,No,Yes,No,Yes,Two year,Yes,Electronic check,57.79,1859.01,No
CUST-3937,Female,0,Yes,No,18,Yes,No,Fiber optic,No,No,No,Yes,No,No,Two year,No,Bank transfer (automatic),88.54,1585.57,No
CUST-3938,Female,0,Yes,No,34,Yes,Yes,Fiber optic,No,No,Yes,No,No,Yes,Month-to-month,Yes,Electronic check,80.79,2745.43,Yes
CUST-3939,Male,0,Yes,No,56,Yes,Yes,Fiber optic,No,No,No,Yes,Yes,No,Month-to-month,No,Credit card (automatic),106.55,5958.15,Yes
CUST-3940,Male,0,Yes,No,67,Yes,Yes,DSL,No,Yes,No,Yes,Yes,Yes,One year,Yes,Electronic check,89.1,5978.15,Yes
CUST-3941,Female,0,No,No,53,Yes,Yes,Fiber optic,No,Yes,No,No,Yes,Yes,Two year,Yes,Bank transfer (automatic),82.92,4386.94,Yes
CUST-3942,Male,1,Yes,No,67,Yes,No,DSL,No,No,No,No,Yes,Yes,Month-to-month,Yes,Mailed check,58.67,3936.62,Yes
CUST-3943,Female,0,No,No,66,Yes,Yes,DSL,No,No,No,No,No,Yes,Month-to-month,Yes,Bank transfer (automatic),44.37,2932.73,No
CUST-3944,Female,0,Yes,No,64,Yes,No,DSL,No,No,No,No,No,No,Two year,Yes,Electronic check,53.55,3418.1,No
CUST-3945,Male,0,Yes,No,67,Yes,No,DSL,Yes,No,No,No,Yes,No,Month-to-month,Yes,Mailed check,68.42,4588.57,No
CUST-3946,Female,0,No,No,39,Yes,Yes,DSL,Yes,Yes,No,No,Yes,No,One year,Yes,Electronic check,67.52,2642.67,No
CUST-3947,Female,0,Yes,No,38,Yes,No,Fiber optic,No,No,Yes,Yes,Yes,Yes,Month-to-month,Yes,Credit card (automatic),106.45,4045.52,No
CUST-3948,Male,1,No,No,40,Yes,No,No,No internet service,No internet service,No internet service,No internet service,No internet service,No internet service,Month-to-month,Yes,Electronic check,27.43,1092.99,No
CUST-3949,Female,0,Yes,Yes,19,Yes,No,Fiber optic,No,No,Yes,Yes,No,No,Month-to-month,Yes,Credit card (automatic),89.86,1708.24,No
CUST-3950,Female,1,Yes,No,5,Yes,No,Fiber optic,No,No,Yes,No,Yes,No,Month-to-month,No,Mailed check,95.73,471.07,Yes
CUST-3951,Female,0,No,No,69,Yes,Yes,Fiber optic,Yes,No,No,No,Yes,No,Two year,No,Electronic check,101.4,7005.72,Yes
CUST-3952,Female,0,No,Yes,14,Yes,No,Fiber optic,Yes,No,No,No,Yes,Yes,Month-to-month,Yes,Electronic check,86.72,1211.39,Yes
CUST-3953,Male,0,Yes,No,49,Yes,Yes,DSL,No,No,Yes,No,Yes,Yes,Month-to-month,No,Bank transfer (automatic),62.7,3071.44,Yes
CUST-3954,Female,1,Yes,No,64,Yes,No,Fiber optic,Yes,Yes,No,No,Yes,Yes,One year,No,Bank transfer (automatic),80.45,5146.83,No
CUST-3955,Female,0,No,No,57,No,No phone service,Fiber optic,Yes,Yes,Yes,Yes,Yes,No,Month-to-month,Yes,Mailed check,108.47,6173.35,No
CUST-3956,Female,0,No,No,35,Yes,No,DSL,Yes,No,Yes,No,No,No,One year,No,Electronic check,48.4,1684.69,No
CUST-3957,Female,0,No,No,5,Yes,Yes,DSL,Yes,Yes,No,No,Yes,No,Month-to-month,No,Electronic check,64.62,324.35,Yes
CUST-3958,Male,0,Yes,Yes,39,Yes,No,DSL,No,No,Yes,Yes,No,No,Month-to-month,No,Mailed check,75.09,2928.56,No
CUST-3959,Female,0,No,No,24,Yes,Yes,No,No internet service,No internet service,No internet service,No internet service,No internet service,No internet service,Month-to-month,Yes,Bank transfer (automatic),23.14,565.09,No
CUST-3960,Male,1,Yes,Yes,40,Yes,Yes,DSL,Yes,No,No,Yes,No,Yes,Month-to-month,Yes,Mailed check,60.79,2426.86,No
CUST-3961,Male,0,Yes,Yes,50,Yes,No,DSL,No,Yes,No,Yes,No,No,Two year,Yes,Bank transfer (automatic),63.11,3152.87,No
CUST-3962,Male,0,No,No,58,Yes,No,Fiber optic,No,No,Yes,No,Yes,No,Month-to-month,No,Electronic check,86.42,5022.12,Yes
CUST-3963,Female,0,Yes,No,1,Yes,Yes,Fiber optic,No,No,Yes,Yes,Yes,No,Month-to-month,No,Bank transfer (automatic),106.96,106.96,Yes
CUST-3964,Female,0,Yes,No,43,Yes,Yes,DSL,No,Yes,No,No,Yes,No,Month-to-month,Yes,Electronic check,65.96,2839.13,Yes
CUST-3965,Female,0,Yes,No,39,Yes,No,Fiber optic,Yes,Yes,No,No,No,No,One year,Yes,Credit card (automatic),81.61,3174.82,No
CUST-3966,Female,0,Yes,No,10,Yes,Yes,Fiber optic,No,Yes,No,No,Yes,Yes,Month-to-month,Yes,Bank transfer (automatic),91.8,926.93,Yes
CUST-3967,Female,0,No,No,2,Yes,Yes,Fiber optic,Yes,No,No,No,No,No,Two year,Yes,Electronic check,73.82,143.4,No
CUST-3968,Female,0,No,No,63,Yes,No,Fiber optic,No,No,No,No,Yes,Yes,Month-to-month,Yes,Bank transfer (automatic),91.48,5769.52,No
CUST-3969,Male,1,Yes,Yes,16,Yes,No,DSL,No,Yes,Yes,No,No,Yes,Month-to-month,Yes,Credit card (automatic),44.77,724.55,No
CUST-3970,Male,1,No,Yes,37,Yes,Yes,No,No internet service,No internet service,No internet service,No internet service,No internet service,No internet service,Two year,Yes,Credit card (automatic),18.5,691.44,No
CUST-3971,Male,0,No,No,16,Yes,No,Fiber optic,No,No,No,No,Yes,Yes,Month-to-month,Yes,Electronic check,90.53,1449.62,Yes
CUST-3972,Female,0,No,Yes,27,Yes,Yes,No,No internet service,No internet service,No internet service,No internet service,No internet service,No internet service,One year,Yes,Credit card (automatic),27.82,760.61,No
CUST-3973,Female,1,Yes,No,63,Yes,Yes,Fiber optic,Yes,Yes,Yes,No,No,No,Month-to-month,No,Electronic check,79.42,5006.99,Yes
CUST-3974,Male,0,No,No,64,Yes,No,Fiber optic,Yes,Yes,Yes,No,No,No,Month-to-month,No,Mailed check,76.31,4889.56,No
CUST-3975,Male,0,No,Yes,32,Yes,No,DSL,No,No,No,Yes,No,No,Month-to-month,No,Electronic check,67.56,2156.8,No
CUST-3976,Female,1,Yes,No,9,Yes,Yes,DSL,No,No,No,No,No,Yes,Month-to-month,No,Mailed check,55.88,501.29,No
CUST-3977,Male,0,Yes,Yes,11,Yes,Yes,DSL,No,Yes,No,Yes,Yes,No,Month-to-month,No,Electronic check,79.74,879.1,Yes
CUST-3978,Female,0,Yes,No,70,Yes,Yes,DSL,No,No,Yes,No,Yes,No,Two year,No,Bank transfer (automatic),69.74,4874.72,No
CUST-3979,Female,0,No,No,30,Yes,Yes,Fiber optic,Yes,No,Yes,Yes,No,No,Two year,Yes,Electronic check,88.05,2650.81,No
CUST-3980,Male,0,Yes,No,15,Yes,No,DSL,Yes,Yes,No,No,No,Yes,Month-to-month,Yes,Bank transfer (automatic),51.66,767.09,No
CUST-3981,Male,0,No,Yes,59,Yes,No,DSL,Yes,Yes,No,No,No,No,Month-to-month,Yes,Electronic check,55.51,3279.75,No
CUST-3982,Female,0,Yes,No,48,No,No phone service,Fiber optic,Yes,No,No,No,Yes,No,One year,Yes,Electronic check,95.11,4556.44,No
CUST-3983,Female,0,No,Yes,60,No,No phone service,No,No internet service,No internet service,No internet service,No internet service,No internet service,No internet service,Month-to-month,Yes,Mailed check,18.5,1102.05,No
CUST-3984,Female,0,Yes,No,68,No,No phone service,Fiber optic,No,No,Yes,No,No,Yes,One year,Yes,Bank transfer (automatic),76.25,5187.47,Yes
CUST-3985,Female,0,No,No,57,Yes,No,Fiber optic,No,No,No,No,No,No,One year,No,Bank transfer (automatic),78.73,4486.66,No
CUST-3986,Male,0,No,No,64,Yes,No,Fiber optic,Yes,Yes,Yes,Yes,No,No,Two year,Yes,Bank transfer (automatic),87.76,5606.71,No
CUST-3987,Female,0,Yes,No,54,Yes,No,No,No internet service,No internet service,No internet service,No internet service,No internet service,No internet service,Month-to-month,Yes,Credit card (automatic),24.9,1342.47,No
CUST-3988,Female,0,Yes,No,54,Yes,Yes,Fiber optic,Yes,No,No,Yes,Yes,No,Month-to-month,No,Electronic check,99.92,5390.68,Yes
CUST-3989,Female,0,Yes,Yes,59,Yes,No,No,No internet service,No internet service,No internet service,No internet service,No internet service,No internet service,Two year,Yes,Mailed check,18.5,1098.93,No
CUST-3990,Male,0,No,Yes,39,Yes,No,DSL,No,Yes,Yes,No,Yes,No,Month-to-month,Yes,Electronic check,51.02,1993.94,No
CUST-3991,Female,0,No,No,15,Yes,Yes,Fiber optic,Yes,No,No,No,Yes,Yes,Two year,Yes,Bank transfer (automatic),88.2,1327.75,Yes
CUST-3992,Female,0,Yes,Yes,28,Yes,No,Fiber optic,No,Yes,No,No,No,Yes,Month-to-month,No,Electronic check,64.28,1808.86,No
CUST-3993,Male,0,Yes,No,36,Yes,No,Fiber optic,No,No,Yes,No,Yes,No,Month-to-month,Yes,Mailed check,96.0,3460.2,No
CUST-3994,Male,0,Yes,No,54,Yes,Yes,Fiber optic,No,No,No,No,No,No,One year,No,Credit card (automatic),84.76,4570.25,No
CUST-3995,Female,0,No,No,17,Yes,Yes,Fiber optic,No,No,Yes,Yes,No,No,Month-to-month,Yes,Mailed check,85.37,1460.04,No
CUST-3996,Male,0,No,No,22,Yes,No,Fiber optic,Yes,No,No,No,Yes,No,Month-to-month,Yes,Credit card (automatic),89.06,1951.58,Yes
CUST-3997,Male,0,No,No,36,No,No phone service,DSL,No,No,No,No,No,No,Two year,Yes,Bank transfer (automatic),50.54,1813.29,No
CUST-3998,Male,1,Yes,No,29,Yes,No,DSL,No,Yes,Yes,Yes,No,Yes,Month-to-month,Yes,Credit card (automatic),60.75,1757.45,No
CUST-3999,Female,0,Yes,No,55,Yes,No,DSL,Yes,No,No,No,No,Yes,Month-to-month,No,Credit card (automatic),52.05,2856.25,No
CUST-4000,Female,0,No,No,42,Yes,Yes,DSL,No,Yes,No,Yes,Yes,Yes,Month-to-month,Yes,Mailed check,79.15,3314.67,No
CUST-4001,Female,0,Yes,No,32,Yes,No,DSL,No,No,Yes,No,No,No,One year,Yes,Credit card (automatic),43.22,1382.22,No
CUST-4002,Male,0,No,No,14,Yes,Yes,Fiber optic,No,Yes,Yes,No,No,Yes,Month-to-month,Yes,Mailed check,77.04,1082.32,Yes
CUST-4003,Female,1,Yes,No,18,Yes,Yes,Fiber optic,Yes,No,Yes,No,No,No,Month-to-month,No,Bank transfer (automatic),77.61,1395.4,Yes
CUST-4004,Female,0,Yes,No,38,Yes,Yes,Fiber optic,No,Yes,No,No,No,No,Month-to-month,Yes,Electronic check,64.74,2454.82,No
CUST-4005,Female,0,No,Yes,34,Yes,No,Fiber optic,No,Yes,Yes,No,Yes,No,Two year,No,Credit card (automatic),89.93,3065.28,No
CUST-4006,Female,0,No,No,45,Yes,Yes,Fiber optic,No,No,No,No,No,No,Two year,Yes,Credit card (automatic),72.87,3276.92,No
CUST-4007,Male,0,No,No,32,Yes,Yes,DSL,No,No,No,Yes,No,No,Two year,No,Credit card (automatic),66.38,2130.94,No
CUST-4008,Female,0,Yes,No,67,Yes,Yes,Fiber optic,No,No,No,Yes,Yes,No,Two year,No,Electronic check,111.66,7474.79,No
CUST-4009,Male,0,Yes,Yes,63,No,No phone service,Fiber optic,No,Yes,No,Yes,No,No,One year,No,Electronic check,95.83,6033.96,No
CUST-4010,Female,0,No,No,55,Yes,Yes,DSL,No,Yes,No,No,No,No,Two year,No,Mailed check,55.15,3039.32,Yes
CUST-4011,Male,0,No,No,43,Yes,Yes,DSL,No,Yes,Yes,No,Yes,Yes,Month-to-month,No,Credit card (automatic),65.73,2817.0,No
CUST-4012,Male,0,No,No,22,Yes,No,DSL,No,No,No,Yes,No,Yes,Month-to-month,No,Credit card (automatic),63.68,1409.37,No
CUST-4013,Male,0,Yes,No,68,Yes,No,Fiber optic,No,Yes,No,No,No,Yes,One year,No,Electronic check,64.74,4400.25,Yes
CUST-4014,Female,0,No,Yes,29,Yes,No,Fiber optic,No,No,Yes,No,Yes,No,Two year,No,Mailed check,94.03,2736.43,No
CUST-4015,Male,0,No,No,40,Yes,No,Fiber optic,Yes,Yes,No,Yes,Yes,No,One year,No,Mailed check,109.81,4396.43,No
CUST-4016,Female,0,No,No,45,No,No phone service,DSL,Yes,No,No,No,No,No,Month-to-month,Yes,Bank transfer (automatic),41.65,1883.24,Yes
CUST-4017,Male,0,No,No,10,Yes,Yes,DSL,No,Yes,Yes,No,Yes,Yes,Two year,Yes,Electronic check,67.29,664.22,Yes
CUST-4018,Male,0,Yes,No,45,Yes,No,DSL,No,Yes,No,No,No,Yes,One year,Yes,Electronic check,55.14,2485.74,No
CUST-4019,Female,1,No,Yes,17,Yes,Yes,DSL,No,Yes,No,No,No,Yes,One year,Yes,Electronic check,45.62,783.05,No
CUST-4020,Male,0,No,No,2,No,No phone service,DSL,No,No,No,No,Yes,No,One year,No,Mailed check,68.98,147.71,No
CUST-4021,Male,1,No,Yes,17,Yes,No,DSL,No,No,No,No,No,Yes,One year,Yes,Credit card (automatic),44.21,742.24,No
CUST-4022,Female,0,No,No,38,Yes,No,Fiber optic,No,No,No,No,Yes,No,Month-to-month,Yes,Bank transfer (automatic),87.69,3323.88,No
CUST-4023,Male,0,No,No,37,Yes,No,DSL,Yes,Yes,Yes,Yes,No,No,Month-to-month,Yes,Bank transfer (automatic),59.15,2193.18,No
CUST-4024,Male,0,No,No,63,Yes,Yes,Fiber optic,Yes,No,Yes,Yes,No,Yes,Two year,No,Credit card (automatic),94.06,5916.56,No
CUST-4025,Male,0,Yes,No,5,Yes,Yes,Fiber optic,No,Yes,No,Yes,Yes,Yes,Month-to-month,No,Mailed check,109.04,535.43,Yes
CUST-4026,Female,0,Yes,No,25,Yes,Yes,Fiber optic,No,Yes,Yes,Yes,Yes,Yes,One year,No,Mailed check,102.34,2559.4,No
CUST-4027,Female,0,Yes,No,22,Yes,No,Fiber optic,Yes,No,Yes,No,No,Yes,Month-to-month,No,Mailed check,68.76,1513.31,No
CUST-4028,Female,0,Yes,No,63,Yes,No,DSL,No,Yes,No,No,Yes,Yes,Two year,Yes,Electronic check,78.2,4928.87,No
CUST-4029,Female,0,Yes,No,35,Yes,No,Fiber optic,No,No,Yes,No,No,Yes,One year,No,Bank transfer (automatic),75.38,2628.58,No
CUST-4030,Male,0,Yes,No,55,Yes,Yes,No,No internet service,No internet service,No internet service,No internet service,No internet service,No internet service,One year,Yes,Credit card (automatic),19.74,1085.77,No
CUST-4031,Male,0,Yes,No,20,Yes,No,DSL,No,Yes,No,Yes,Yes,No,Month-to-month,Yes,Credit card (automatic),76.04,1516.53,No
CUST-4032,Female,0,Yes,No,5,Yes,No,DSL,No,No,No,No,No,No,Month-to-month,No,Electronic check,45.12,230.72,Yes
CUST-4033,Male,0,Yes,Yes,39,Yes,Yes,No,No internet service,No internet service,No internet service,No internet service,No internet service,No internet service,One year,Yes,Electronic check,22.68,881.48,No
CUST-4034,Male,0,Yes,No,63,Yes,Yes,No,No internet service,No internet service,No internet service,No internet service,No internet service,No internet service,Month-to-month,No,Bank transfer (automatic),21.77,1368.64,No
CUST-4035,Male,0,No,No,32,Yes,No,DSL,No,Yes,Yes,No,No,No,One year,Yes,Electronic check,47.41,1520.2,No
CUST-4036,Male,0,No,No,63,Yes,No,DSL,No,Yes,No,No,Yes,No,One year,Yes,Electronic check,69.17,4360.92,No
CUST-4037,Female,1,Yes,No,40,Yes,Yes,Fiber optic,No,No,No,No,No,Yes,Two year,Yes,Mailed check,73.93,2948.37,No
CUST-4038,Male,0,No,No,17,Yes,Yes,DSL,No,No,Yes,No,No,No,Month-to-month,No,Mailed check,53.19,906.75,No
CUST-4039,Female,1,No,No,32,Yes,No,No,No internet service,No internet service,No internet service,No internet service,No internet service,No internet service,Month-to-month,Yes,Bank transfer (automatic),21.97,706.2,No
CUST-4040,Male,1,Yes,No,23,Yes,Yes,DSL,Yes,No,No,No,No,No,One year,Yes,Credit card (automatic),49.23,1131.44,No
CUST-4041,Female,0,No,No,60,Yes,Yes,Fiber optic,Yes,Yes,Yes,No,No,No,Month-to-month,No,Bank transfer (automatic),78.75,4731.56,No
CUST-4042,Male,0,No,No,56,Yes,No,DSL,Yes,Yes,Yes,No,No,Yes,One year,No,Electronic check,55.5,3098.18,No
CUST-4043,Male,0,No,Yes,9,Yes,No,DSL,Yes,No,No,Yes,Yes,Yes,Month-to-month,Yes,Credit card (automatic),85.09,775.18,Yes
CUST-4044,Female,0,Yes,No,69,Yes,No,No,No internet service,No internet service,No internet service,No internet service,No internet service,No internet service,Month-to-month,Yes,Bank transfer (automatic),18.5,1274.02,No
CUST-4045,Female,0,No,No,62,Yes,No,DSL,Yes,No,Yes,No,No,No,Month-to-month,No,Bank transfer (automatic),55.47,3441.05,No
CUST-4046,Male,0,Yes,No,64,Yes,No,DSL,No,Yes,Yes,No,Yes,Yes,Month-to-month,Yes,Mailed check,67.49,4310.05,Yes
CUST-4047,Male,0,No,Yes,22,Yes,No,Fiber optic,Yes,Yes,No,No,No,No,Two year,No,Mailed check,78.08,1721.94,No
CUST-4048,Male,1,No,Yes,32,Yes,No,DSL,Yes,Yes,Yes,Yes,No,No,Month-to-month,Yes,Mailed check,54.45,1743.27,No
CUST-4049,Male,0,No,No,47,Yes,Yes,DSL,No,No,No,No,No,No,Month-to-month,Yes,Credit card (automatic),42.69,2015.64,Yes
CUST-4050,Male,0,No,Yes,2,Yes,Yes,DSL,No,Yes,Yes,No,Yes,No,Month-to-month,Yes,Credit card (automatic),63.78,126.01,Yes
CUST-4051,Male,0,Yes,No,52,Yes,Yes,Fiber optic,No,No,Yes,Yes,No,No,One year,Yes,Electronic check,80.97,4214.88,Yes
CUST-4052,Male,1,No,No,14,Yes,No,Fiber optic,Yes,No,No,No,No,Yes,One year,No,Electronic check,83.59,1161.74,No
CUST-4053,Male,0,No,No,37,Yes,No,No,No internet service,No internet service,No internet service,No internet service,No internet service,No internet service,Month-to-month,No,Electronic check,18.5,675.79,No
CUST-4054,Female,0,Yes,Yes,27,Yes,Yes,Fiber optic,No,No,No,No,No,No,Month-to-month,Yes,Mailed check,69.09,1874.41,No
CUST-4055,Female,0,No,No,24,Yes,Yes,DSL,No,No,Yes,No,Yes,Yes,Two year,No,Electronic check,62.97,1506.35,No
CUST-4056,Female,0,Yes,No,64,Yes,Yes,DSL,No,No,No,Yes,No,No,Month-to-month,No,Electronic check,63.9,4097.85,No
CUST-4057,Male,0,Yes,No,70,Yes,Yes,Fiber optic,No,No,No,No,Yes,Yes,Month-to-month,Yes,Bank transfer (automatic),91.29,6382.05,Yes
CUST-4058,Male,0,No,No,26,Yes,No,Fiber optic,No,No,No,Yes,Yes,Yes,Month-to-month,Yes,Electronic check,93.65,2437.65,No
CUST-4059,Female,0,Yes,No,54,Yes,No,No,No internet service,No internet service,No internet service,No internet service,No internet service,No internet service,Month-to-month,Yes,Electronic check,18.5,1000.03,No
CUST-4060,Male,0,No,Yes,15,No,No phone service,No,No internet service,No internet service,No internet service,No internet service,No internet service,No internet service,One year,No,Bank transfer (automatic),18.5,286.82,No
CUST-4061,Male,0,Yes,No,29,Yes,Yes,DSL,Yes,No,Yes,No,No,Yes,Month-to-month,No,Mailed check,52.8,1529.28,No
CUST-4062,Female,1,Yes,No,28,Yes,Yes,Fiber optic,No,No,No,Yes,No,No,Month-to-month,Yes,Credit card (automatic),88.75,2475.97,Yes
CUST-4063,Female,0,No,No,59,Yes,Yes,Fiber optic,No,No,Yes,Yes,No,Yes,Month-to-month,No,Mailed check,90.85,5359.63,No
CUST-4064,Female,1,Yes,No,21,Yes,No,DSL,Yes,Yes,No,No,No,No,Month-to-month,No,Credit card (automatic),55.56,1173.24,No
CUST-4065,Male,0,No,No,10,Yes,No,DSL,No,No,No,Yes,No,No,One year,No,Mailed check,64.6,637.05,No
CUST-4066,Male,0,No,Yes,4,Yes,No,Fiber optic,No,Yes,No,No,Yes,No,Month-to-month,No,Electronic check,92.39,360.28,Yes
CUST-4067,Female,0,No,No,62,No,No phone service,Fiber optic,Yes,No,No,No,No,No,Two year,Yes,Mailed check,74.55,4628.54,No
CUST-4068,Male,0,No,No,4,Yes,No,Fiber optic,Yes,No,Yes,Yes,Yes,No,One year,Yes,Mailed check,111.61,452.92,Yes
CUST-4069,Female,0,No,No,6,Yes,No,Fiber optic,No,Yes,Yes,Yes,No,Yes,One year,No,Bank transfer (automatic),93.38,554.28,No
CUST-4070,Female,0,Yes,No,72,Yes,No,Fiber optic,No,No,No,No,Yes,Yes,Month-to-month,No,Credit card (automatic),76.16,5486.67,No
CUST-4071,Female,0,No,No,16,Yes,No,DSL,No,No,No,No,No,Yes,Month-to-month,No,Electronic check,51.94,822.33,Yes
CUST-4072,Male,0,Yes,No,38,No,No phone service,Fiber optic,No,Yes,No,Yes,Yes,No,One year,Yes,Bank transfer (automatic),114.69,4363.53,Yes
CUST-4073,Male,0,No,No,49,Yes,Yes,Fiber optic,Yes,Yes,No,No,No,No,Month-to-month,No,Bank transfer (automatic),81.12,3970.98,No
CUST-4074,Female,0,No,Yes,61,No,No phone service,No,No internet service,No internet service,No internet service,No internet service,No internet service,No internet service,One year,No,Credit card (automatic),18.5,1123.11,No
CUST-4075,Female,0,No,No,65,Yes,No,Fiber optic,No,Yes,No,No,No,Yes,Month-to-month,Yes,Mailed check,78.9,5132.05,Yes
CUST-4076,Female,0,No,No,50,Yes,No,No,No internet service,No internet service,No internet service,No internet service,No internet service,No internet service,Month-to-month,No,Electronic check,18.5,933.23,Yes
CUST-4077,Male,0,No,No,17,Yes,No,DSL,Yes,Yes,No,Yes,No,No,One year,No,Credit card (automatic),64.02,1079.17,No
CUST-4078,Male,0,No,Yes,28,Yes,Yes,No,No internet service,No internet service,No internet service,No internet service,No internet service,No internet service,One year,Yes,Credit card (automatic),18.5,510.87,No
CUST-4079,Female,0,No,No,44,Yes,Yes,Fiber optic,No,No,Yes,No,No,Yes,One year,Yes,Electronic check,75.68,3325.03,No
CUST-4080,Female,0,Yes,No,12,Yes,Yes,Fiber optic,Yes,No,No,No,No,No,One year,No,Electronic check,85.38,1033.12,Yes
CUST-4081,Female,0,Yes,No,70,Yes,Yes,DSL,Yes,No,No,Yes,No,No,Month-to-month,Yes,Credit card (automatic),56.66,3973.74,No
CUST-4082,Male,0,No,No,71,No,No phone service,DSL,No,No,No,Yes,No,Yes,Two year,No,Mailed check,68.6,4878.74,No
CUST-4083,Female,0,No,No,72,Yes,No,Fiber optic,Yes,Yes,No,No,No,No,Month-to-month,Yes,Electronic check,71.44,5141.25,Yes
CUST-4084,Female,0,Yes,No,3,Yes,No,Fiber optic,No,No,Yes,Yes,Yes,Yes,Month-to-month,No,Bank transfer (automatic),100.61,296.46,Yes
CUST-4085,Female,0,Yes,No,49,Yes,No,DSL,Yes,No,Yes,No,Yes,No,Month-to-month,No,Mailed check,67.18,3285.65,No
CUST-4086,Male,1,Yes,No,21,Yes,No,Fiber optic,No,No,No,No,No,No,One year,No,Credit card (automatic),75.15,1585.79,No
CUST-4087,Male,0,No,Yes,8,Yes,No,Fiber optic,No,No,No,No,Yes,Yes,Month-to-month,No,Electronic check,91.71,728.3,Yes
CUST-4088,Female,0,No,No,64,No,No phone service,DSL,No,No,Yes,No,No,No,Month-to-month,Yes,Mailed check,49.76,3185.26,No
CUST-4089,Male,1,Yes,Yes,59,Yes,No,DSL,No,No,No,No,No,No,Month-to-month,Yes,Electronic check,49.23,2901.2,Yes
CUST-4090,Male,1,Yes,No,30,Yes,Yes,DSL,Yes,No,Yes,No,Yes,No,One year,No,Electronic check,65.48,1964.38,Yes
CUST-4091,Female,0,Yes,No,32,Yes,No,DSL,Yes,No,Yes,No,No,No,One year,No,Electronic check,49.53,1581.88,No
CUST-4092,Male,0,Yes,Yes,20,Yes,Yes,DSL,No,Yes,No,No,No,No,One year,Yes,Credit card (automatic),48.82,972.26,No
CUST-4093,Female,1,Yes,No,16,Yes,No,Fiber optic,No,Yes,No,No,Yes,No,Two year,No,Electronic check,90.29,1443.19,Yes
CUST-4094,Male,0,No,No,25,Yes,No,DSL,No,Yes,No,No,No,Yes,Two year,Yes,Bank transfer (automatic),47.5,1184.16,No
CUST-4095,Female,1,No,No,60,Yes,No,DSL,Yes,No,Yes,Yes,No,No,Month-to-month,Yes,Mailed check,72.4,4350.79,No
CUST-4096,Female,0,Yes,Yes,45,Yes,Yes,Fiber optic,No,Yes,Yes,Yes,No,Yes,One year,Yes,Mailed check,81.94,3688.91,No
CUST-4097,Male,0,Yes,No,9,Yes,Yes,No,No internet service,No internet service,No internet service,No internet service,No internet service,No internet service,One year,Yes,Credit card (automatic),18.5,160.02,No
CUST-4098,Male,0,Yes,Yes,51,Yes,Yes,DSL,Yes,Yes,No,No,No,Yes,Month-to-month,Yes,Bank transfer (automatic),57.92,2948.64,No
CUST-4099,Male,0,Yes,Yes,61,Yes,No,No,No internet service,No internet service,No internet service,No internet service,No internet service,No internet service,Month-to-month,No,Electronic check,23.57,1428.84,No
CUST-4100,Male,0,Yes,Yes,40,Yes,No,DSL,No,No,No,No,Yes,No,Two year,No,Electronic check,58.74,2345.59,No
CUST-4101,Female,1,Yes,No,61,Yes,Yes,DSL,No,Yes,Yes,No,Yes,No,Month-to-month,Yes,Mailed check,68.58,4186.77,No
CUST-4102,Female,0,Yes,Yes,67,Yes,No,Fiber optic,No,Yes,No,Yes,Yes,No,One year,Yes,Credit card (automatic),101.35,6784.11,No
CUST-4103,Male,0,No,Yes,15,Yes,Yes,Fiber optic,No,Yes,No,No,Yes,No,Month-to-month,Yes,Electronic check,92.07,1373.03,Yes
CUST-4104,Male,0,No,No,53,Yes,No,Fiber optic,Yes,No,Yes,No,No,No,Two year,Yes,Electronic check,74.87,3964.53,Yes
CUST-4105,Male,0,No,No,4,Yes,Yes,Fiber optic,No,Yes,No,No,No,No,One year,No,Mailed check,77.39,311.81,Yes
CUST-4106,Female,0,Yes,Yes,23,Yes,Yes,DSL,Yes,Yes,No,Yes,No,No,Two year,No,Electronic check,65.79,1512.63,No
CUST-4107,Male,0,No,No,27,Yes,No,Fiber optic,No,Yes,No,Yes,No,Yes,Month-to-month,No,Credit card (automatic),85.78,2312.7,No
CUST-4108,Female,0,No,No,37,Yes,No,Fiber optic,No,No,No,Yes,Yes,Yes,One year,Yes,Electronic check,102.45,3798.31,No
CUST-4109,Female,0,Yes,Yes,43,Yes,Yes,Fiber optic,No,Yes,Yes,Yes,No,No,One year,No,Mailed check,90.43,3887.86,Yes
CUST-4110,Female,0,Yes,No,37,Yes,No,DSL,No,No,Yes,No,Yes,No,Month-to-month,Yes,Electronic check,57.95,2143.25,Yes
CUST-4111,Male,0,No,Yes,29,Yes,No,DSL,No,No,No,No,No,No,Month-to-month,Yes,Bank transfer (automatic),46.96,1352.47,Yes
CUST-4112,Female,1,Yes,Yes,29,Yes,No,Fiber optic,Yes,No,Yes,Yes,No,No,Month-to-month,No,Bank transfer (automatic),88.9,2580.89,No
CUST-4113,Male,0,Yes,No,49,Yes,No,No,No internet service,No internet service,No internet service,No internet service,No internet service,No internet service,Two year,Yes,Credit card (automatic),20.11,984.58,No
CUST-4114,Male,0,No,Yes,51,Yes,No,DSL,Yes,Yes,No,Yes,Yes,No,Month-to-month,No,Bank transfer (automatic),76.87,3913.27,No
CUST-4115,Female,0,No,Yes,50,Yes,No,DSL,No,No,No,No,No,No,Month-to-month,Yes,Electronic check,53.76,2682.87,Yes
CUST-4116,Female,0,Yes,No,28,No,No phone service,DSL,No,No,No,No,No,Yes,One year,Yes,Electronic check,42.3,1178.45,No
CUST-4117,Male,0,No,No,5,Yes,No,Fiber optic,Yes,Yes,Yes,Yes,Yes,No,One year,Yes,Bank transfer (automatic),105.1,517.94,No
CUST-4118,Male,0,No,No,56,Yes,No,DSL,Yes,No,No,Yes,Yes,Yes,Month-to-month,No,Mailed check,82.98,4645.59,No
CUST-4119,Male,0,Yes,No,64,Yes,No,DSL,Yes,No,No,No,No,Yes,Two year,Yes,Electronic check,65.18,4168.79,Yes
CUST-4120,Male,0,No,No,17,Yes,No,Fiber optic,No,No,No,Yes,Yes,Yes,Two year,Yes,Electronic check,98.32,1668.64,No
CUST-4121,Male,0,Yes,No,55,Yes,No,DSL,Yes,No,Yes,No,No,Yes,Month-to-month,No,Electronic check,40.08,2199.43,No
CUST-4122,Male,0,Yes,No,9,Yes,Yes,DSL,Yes,No,No,No,No,Yes,One year,No,Electronic check,54.9,492.83,No
CUST-4123,Male,0,No,No,68,Yes,No,DSL,Yes,Yes,No,No,Yes,Yes,One year,No,Credit card (automatic),67.19,4569.87,No
CUST-4124,Female,0,Yes,No,16,Yes,No,DSL,No,No,No,Yes,No,No,Month-to-month,Yes,Bank transfer (automatic),66.75,1070.23,No
CUST-4125,Female,0,Yes,Yes,16,Yes,Yes,DSL,No,Yes,Yes,Yes,No,No,Two year,No,Credit card (automatic),55.14,876.64,No
CUST-4126,Female,0,Yes,No,13,Yes,Yes,DSL,No,Yes,No,Yes,No,No,Two year,No,Mailed check,63.83,834.35,No
CUST-4127,Male,1,No,No,63,Yes,No,DSL,No,No,Yes,No,Yes,No,One year,Yes,Mailed check,66.25,4164.29,No
CUST-4128,Female,1,No,No,41,Yes,No,Fiber optic,No,Yes,Yes,Yes,Yes,No,Month-to-month,Yes,Electronic check,98.16,4029.57,No
CUST-4129,Female,0,Yes,No,53,Yes,Yes,DSL,No,No,No,No,Yes,Yes,Month-to-month,No,Bank transfer (automatic),57.67,3052.17,No
CUST-4130,Female,0,No,No,68,Yes,Yes,Fiber optic,No,No,No,Yes,Yes,No,Month-to-month,No,Bank transfer (automatic),101.68,6911.64,No
CUST-4131,Female,0,Yes,No,9,Yes,No,DSL,No,No,No,No,Yes,Yes,Month-to-month,No,Electronic check,60.79,548.72,Yes
CUST-4132,Female,1,No,No,51,Yes,Yes,DSL,No,Yes,No,No,Yes,Yes,Two year,No,Electronic check,68.2,3480.41,No
CUST-4133,Female,0,Yes,No,48,Yes,No,Fiber optic,No,Yes,No,No,Yes,No,Two year,No,Mailed check,87.43,4195.06,No
CUST-4134,Male,0,No,No,49,Yes,No,DSL,No,Yes,No,No,No,No,Month-to-month,Yes,Electronic check,44.9,2208.86,No
CUST-4135,Female,0,No,No,18,Yes,No,DSL,Yes,Yes,Yes,Yes,Yes,Yes,One year,No,Mailed check,90.62,1638.33,No
CUST-4136,Female,0,No,No,10,Yes,Yes,Fiber optic,Yes,Yes,No,Yes,No,No,Month-to-month,Yes,Mailed check,92.92,923.7,Yes
CUST-4137,Female,1,Yes,No,54,Yes,Yes,Fiber optic,No,No,No,No,Yes,Yes,Month-to-month,Yes,Bank transfer (automatic),92.1,4975.18,No
CUST-4138,Female,0,No,Yes,15,Yes,No,Fiber optic,No,No,No,No,Yes,No,Month-to-month,No,Bank transfer (automatic),85.15,1281.67,Yes
CUST-4139,Male,0,Yes,No,11,Yes,No,Fiber optic,No,No,No,No,No,No,Month-to-month,Yes,Bank transfer (automatic),69.63,760.27,Yes
CUST-4140,Male,0,No,No,40,Yes,Yes,DSL,No,No,No,Yes,Yes,Yes,Month-to-month,No,Electronic check,78.41,3126.77,Yes
CUST-4141,Female,0,Yes,No,47,Yes,Yes,No,No internet service,No internet service,No internet service,No internet service,No internet service,No internet service,Month-to-month,No,Bank transfer (automatic),26.56,1257.83,No
CUST-4142,Female,0,Yes,No,20,No,No phone service,No,No internet service,No internet service,No internet service,No internet service,No internet service,No internet service,One year,Yes,Mailed check,18.5,379.17,No
CUST-4143,Female,0,Yes,No,22,Yes,No,DSL,No,Yes,No,Yes,Yes,No,Month-to-month,Yes,Mailed check,70.35,1544.11,No
CUST-4144,Male,1,Yes,Yes,48,Yes,No,Fiber optic,Yes,Yes,Yes,No,No,No,Month-to-month,Yes,Bank transfer (automatic),66.76,3199.26,No
CUST-4145,Male,0,No,No,16,Yes,No,DSL,Yes,No,No,No,No,No,Two year,Yes,Mailed check,40.68,643.97,No
CUST-4146,Female,0,No,No,5,Yes,Yes,Fiber optic,Yes,Yes,No,No,Yes,No,Month-to-month,Yes,Mailed check,86.41,435.79,Yes
CUST-4147,Female,1,No,No,65,Yes,Yes,DSL,No,No,Yes,No,Yes,No,One year,Yes,Electronic check,71.03,4622.06,No
CUST-4148,Female,0,No,No,21,Yes,Yes,Fiber optic,No,No,Yes,Yes,Yes,Yes,Month-to-month,No,Credit card (automatic),95.25,1998.66,No
CUST-4149,Male,0,No,No,61,Yes,Yes,DSL,Yes,No,No,Yes,Yes,No,Month-to-month,Yes,Mailed check,79.54,4846.8,No
CUST-4150,Female,0,Yes,No,55,Yes,No,Fiber optic,No,No,No,No,No,No,Month-to-month,Yes,Mailed check,71.6,3936.97,Yes
CUST-4151,Male,0,Yes,No,24,Yes,No,DSL,Yes,No,Yes,No,Yes,Yes,One year,No,Mailed check,64.05,1537.53,No
CUST-4152,Female,0,Yes,No,23,Yes,Yes,Fiber optic,No,Yes,Yes,No,Yes,No,One year,Yes,Mailed check,86.87,1998.88,No
CUST-4153,Male,1,Yes,Yes,11,Yes,No,Fiber optic,No,Yes,No,No,No,No,Month-to-month,Yes,Electronic check,63.99,702.76,Yes
CUST-4154,Male,0,Yes,No,47,Yes,No,Fiber optic,No,No,No,Yes,No,Yes,Month-to-month,No,Mailed check,87.5,4102.57,Yes
CUST-4155,Female,0,Yes,No,2,Yes,No,DSL,Yes,Yes,No,No,Yes,No,One year,Yes,Bank transfer (automatic),69.68,138.8,No
CUST-4156,Female,0,Yes,No,70,Yes,No,No,No internet service,No internet service,No internet service,No internet service,No internet service,No internet service,Month-to-month,Yes,Credit card (automatic),20.89,1459.25,No
CUST-4157,Male,0,Yes,Yes,53,Yes,No,DSL,Yes,Yes,No,Yes,Yes,Yes,Month-to-month,No,Credit card (automatic),78.59,4166.4,No
CUST-4158,Female,0,No,No,11,No,No phone service,Fiber optic,Yes,Yes,Yes,No,Yes,No,Month-to-month,Yes,Credit card (automatic),93.62,1021.21,Yes
CUST-4159,Male,0,Yes,No,15,Yes,No,Fiber optic,No,Yes,No,No,Yes,No,Month-to-month,No,Credit card (automatic),88.92,1341.38,No
CUST-4160,Male,1,No,No,12,Yes,Yes,Fiber optic,No,Yes,Yes,Yes,No,No,Month-to-month,Yes,Bank transfer (automatic),86.29,1042.99,Yes
CUST-4161,Male,0,No,No,36,Yes,Yes,Fiber optic,No,Yes,No,No,No,Yes,One year,No,Mailed check,70.88,2552.96,No
CUST-4162,Male,0,No,No,23,Yes,No,Fiber optic,Yes,Yes,Yes,No,Yes,No,Month-to-month,No,Electronic check,88.71,2045.07,Yes
CUST-4163,Female,0,Yes,No,27,Yes,No,DSL,No,Yes,No,Yes,Yes,No,One year,Yes,Electronic check,87.05,2349.11,No
CUST-4164,Male,0,Yes,No,14,Yes,Yes,No,No internet service,No internet service,No internet service,No internet service,No internet service,No internet service,Two year,No,Electronic check,18.5,260.81,No
CUST-4165,Male,0,Yes,No,54,Yes,No,Fiber optic,No,Yes,Yes,Yes,Yes,Yes,Two year,No,Mailed check,99.81,5392.09,No
CUST-4166,Female,0,Yes,No,27,Yes,Yes,DSL,Yes,No,No,Yes,No,Yes,Month-to-month,No,Bank transfer (automatic),69.57,1875.47,Yes
CUST-4167,Male,0,Yes,No,21,No,No phone service,DSL,Yes,No,No,Yes,Yes,No,One year,No,Bank transfer (automatic),80.9,1708.12,No
CUST-4168,Female,0,No,Yes,49,Yes,No,Fiber optic,No,Yes,Yes,No,Yes,Yes,One year,Yes,Mailed check,97.4,4774.65,No
CUST-4169,Male,0,No,Yes,62,Yes,No,No,No internet service,No internet service,No internet service,No internet service,No internet service,No internet service,Two year,Yes,Electronic check,27.32,1703.65,No
CUST-4170,Female,0,No,No,72,Yes,No,DSL,No,No,Yes,No,Yes,No,Two year,Yes,Electronic check,69.18,4979.61,No
CUST-4171,Male,0,Yes,No,44,Yes,No,No,No internet service,No internet service,No internet service,No internet service,No internet service,No internet service,One year,No,Credit card (automatic),23.96,1044.89,No
CUST-4172,Male,0,Yes,Yes,44,Yes,No,DSL,No,Yes,No,No,No,Yes,One year,Yes,Credit card (automatic),50.41,2214.09,No
CUST-4173,Male,0,No,Yes,61,Yes,Yes,No,No internet service,No internet service,No internet service,No internet service,No internet service,No internet service,Month-to-month,No,Electronic check,18.5,1131.52,Yes
CUST-4174,Male,0,Yes,No,42,Yes,No,Fiber optic,No,No,No,No,No,Yes,Month-to-month,Yes,Bank transfer (automatic),70.63,2974.67,Yes
CUST-4175,Male,0,No,No,23,Yes,Yes,DSL,No,Yes,No,No,No,No,One year,Yes,Electronic check,46.15,1063.75,No
CUST-4176,Female,0,No,Yes,1,Yes,No,DSL,No,No,No,Yes,No,Yes,Month-to-month,Yes,Electronic check,70.33,70.33,Yes
CUST-4177,Female,0,Yes,No,36,Yes,No,Fiber optic,No,Yes,Yes,No,Yes,No,Month-to-month,Yes,Bank transfer (automatic),98.8,3548.41,Yes
CUST-4178,Female,0,Yes,No,55,Yes,No,Fiber optic,Yes,Yes,No,No,No,Yes,Two year,Yes,Credit card (automatic),75.04,4120.1,Yes
CUST-4179,Female,0,Yes,No,16,Yes,No,No,No internet service,No internet service,No internet service,No internet service,No internet service,No internet service,Two year,Yes,Mailed check,21.2,330.27,No
CUST-4180,Male,0,Yes,No,18,No,No phone service,Fiber optic,No,Yes,No,No,No,No,Month-to-month,Yes,Electronic check,71.98,1299.86,No
CUST-4181,Male,0,Yes,Yes,38,Yes,No,Fiber optic,No,No,No,Yes,Yes,Yes,Two year,Yes,Mailed check,103.71,3947.6,No
CUST-4182,Male,0,Yes,Yes,67,Yes,Yes,No,No internet service,No internet service,No internet service,No internet service,No internet service,No internet service,Two year,Yes,Mailed check,18.5,1232.79,No
CUST-4183,Male,1,Yes,Yes,20,Yes,No,Fiber optic,No,No,No,No,No,Yes,Month-to-month,Yes,Credit card (automatic),83.71,1670.7,Yes
CUST-4184,Female,0,No,Yes,19,Yes,Yes,Fiber optic,Yes,Yes,Yes,Yes,No,Yes,Month-to-month,No,Bank transfer (automatic),97.85,1858.73,No
CUST-4185,Female,0,No,Yes,13,No,No phone service,Fiber optic,Yes,No,No,No,Yes,No,Two year,Yes,Bank transfer (automatic),83.32,1076.02,No
CUST-4186,Male,0,Yes,Yes,17,Yes,Yes,No,No internet service,No internet service,No internet service,No internet service,No internet service,No internet service,Month-to-month,Yes,Electronic check,20.6,348.52,No
CUST-4187,Male,1,No,No,30,Yes,Yes,DSL,No,Yes,No,Yes,No,No,Two year,Yes,Bank transfer (automatic),63.64,1918.54,No
CUST-4188,Female,0,No,Yes,43,Yes,No,Fiber optic,Yes,No,No,No,Yes,Yes,Month-to-month,Yes,Mailed check,71.43,3075.87,No
CUST-4189,Female,0,No,No,48,Yes,No,Fiber optic,Yes,Yes,No,No,Yes,Yes,One year,Yes,Credit card (automatic),96.56,4628.22,Yes
CUST-4190,Male,1,No,No,43,Yes,Yes,Fiber optic,No,No,Yes,No,Yes,Yes,Month-to-month,No,Electronic check,102.37,4393.89,Yes
CUST-4191,Female,0,Yes,No,66,Yes,Yes,Fiber optic,No,No,No,No,No,Yes,Month-to-month,Yes,Mailed check,79.99,5278.24,Yes
CUST-4192,Female,0,Yes,Yes,53,Yes,No,Fiber optic,No,No,No,No,Yes,Yes,Two year,Yes,Electronic check,88.14,4681.18,No
CUST-4193,Male,0,No,Yes,72,Yes,No,DSL,Yes,No,Yes,No,No,No,Month-to-month,Yes,Electronic check,56.43,4068.83,No
CUST-4194,Male,0,No,No,34,Yes,No,Fiber optic,No,No,No,No,Yes,Yes,One year,Yes,Credit card (automatic),92.37,3136.44,No
CUST-4195,Female,0,No,No,72,Yes,No,DSL,No,No,No,No,No,No,Two year,Yes,Bank transfer (automatic),59.94,4306.21,No
CUST-4196,Female,0,No,No,71,Yes,No,DSL,No,No,No,No,No,No,Two year,Yes,Bank transfer (automatic),51.76,3673.19,No
CUST-4197,Female,0,No,No,13,Yes,No,Fiber optic,No,Yes,No,Yes,No,No,Two year,Yes,Electronic check,90.0,1163.21,No
CUST-4198,Male,0,Yes,No,56,Yes,No,DSL,Yes,No,No,No,No,No,Month-to-month,Yes,Bank transfer (automatic),49.75,2779.61,Yes
CUST-4199,Male,0,Yes,No,59,Yes,No,DSL,No,No,No,Yes,No,Yes,One year,Yes,Mailed check,63.6,3745.65,No
CUST-4200,Female,0,Yes,No,32,Yes,Yes,Fiber optic,No,No,No,Yes,No,No,Month-to-month,No,Mailed check,92.78,2973.35,Yes
CUST-4201,Female,0,No,No,54,Yes,No,DSL,No,No,No,No,No,No,Month-to-month,No,Mailed check,57.49,3095.18,No
CUST-4202,Male,1,No,No,2,Yes,No,DSL,No,No,No,No,No,No,Month-to-month,Yes,Credit card (automatic),44.57,90.43,No
CUST-4203,Female,0,No,No,37,Yes,Yes,Fiber optic,No,No,No,No,No,No,Month-to-month,Yes,Electronic check,79.2,2935.45,No
CUST-4204,Female,0,No,Yes,33,Yes,No,Fiber optic,Yes,No,No,No,Yes,No,Month-to-month,Yes,Credit card (automatic),105.29,3467.7,No
CUST-4205,Female,0,No,No,1,Yes,No,DSL,No,No,No,No,No,No,Month-to-month,Yes,Credit card (automatic),45.08,52.94,Yes
CUST-4206,Female,0,No,No,28,Yes,No,DSL,Yes,No,No,No,Yes,Yes,Month-to-month,No,Electronic check,69.66,1942.04,Yes
CUST-4207,Female,0,No,No,17,Yes,Yes,No,No internet service,No internet service,No internet service,No internet service,No internet service,No internet service,Month-to-month,Yes,Credit card (automatic),19.49,334.98,No
CUST-4208,Male,0,Yes,No,57,Yes,No,DSL,No,Yes,No,No,Yes,No,Month-to-month,No,Credit card (automatic),57.86,3291.46,No
CUST-4209,Female,0,No,No,70,Yes,Yes,Fiber optic,No,Yes,Yes,Yes,Yes,No,Month-to-month,Yes,Bank transfer (automatic),96.38,6752.72,No
CUST-4210,Male,0,No,Yes,52,Yes,Yes,Fiber optic,No,Yes,No,No,No,No,Two year,Yes,Electronic check,78.58,4087.59,No
CUST-4211,Female,0,Yes,Yes,44,Yes,No,Fiber optic,Yes,Yes,Yes,No,No,No,Month-to-month,No,Mailed check,68.65,3022.38,No
CUST-4212,Male,0,Yes,Yes,47,Yes,No,No,No internet service,No internet service,No internet service,No internet service,No internet service,No internet service,One year,Yes,Electronic check,24.26,1137.14,No
CUST-4213,Female,0,No,No,13,Yes,No,DSL,No,No,No,Yes,No,Yes,Month-to-month,Yes,Electronic check,65.5,847.17,No
CUST-4214,Male,0,Yes,No,30,Yes,No,DSL,Yes,Yes,No,No,Yes,Yes,Month-to-month,No,Bank transfer (automatic),74.52,2234.87,No
CUST-4215,Male,0,Yes,No,66,Yes,No,Fiber optic,No,Yes,Yes,No,No,No,One year,No,Bank transfer (automatic),70.45,4654.85,No
CUST-4216,Male,0,Yes,No,53,Yes,No,No,No internet service,No internet service,No internet service,No internet service,No internet service,No internet service,Month-to-month,No,Bank transfer (automatic),18.5,973.86,No
CUST-4217,Male,0,No,Yes,18,Yes,Yes,No,No internet service,No internet service,No internet service,No internet service,No internet service,No internet service,Two year,Yes,Electronic check,25.84,471.45,No
CUST-4218,Female,0,No,Yes,28,Yes,No,Fiber optic,Yes,No,Yes,Yes,Yes,No,Two year,Yes,Electronic check,103.58,2899.84,No
CUST-4219,Female,0,Yes,No,4,Yes,No,Fiber optic,No,No,Yes,No,No,Yes,Two year,Yes,Credit card (automatic),79.53,317.16,No
CUST-4220,Female,1,Yes,No,42,Yes,No,DSL,Yes,No,No,No,No,No,Month-to-month,No,Bank transfer (automatic),56.52,2364.17,Yes
CUST-4221,Male,0,No,No,6,Yes,Yes,DSL,No,No,Yes,No,Yes,Yes,Two year,Yes,Credit card (automatic),72.73,428.86,Yes
CUST-4222,Male,0,No,No,9,Yes,Yes,DSL,Yes,No,Yes,No,No,No,Month-to-month,Yes,Mailed check,43.66,391.58,Yes
CUST-4223,Male,1,No,No,20,Yes,Yes,DSL,Yes,No,No,Yes,Yes,No,One year,No,Credit card (automatic),78.43,1578.23,No
CUST-4224,Male,0,Yes,Yes,38,No,No phone service,Fiber optic,No,Yes,No,No,No,Yes,Two year,No,Bank transfer (automatic),66.32,2515.16,No
CUST-4225,Female,0,Yes,No,68,Yes,No,No,No internet service,No internet service,No internet service,No internet service,No internet service,No internet service,Month-to-month,No,Mailed check,26.45,1788.81,No
CUST-4226,Male,0,Yes,No,50,Yes,No,Fiber optic,Yes,Yes,No,No,Yes,No,Month-to-month,Yes,Bank transfer (automatic),89.3,4463.72,Yes
CUST-4227,Male,0,No,No,60,Yes,No,Fiber optic,No,Yes,No,Yes,No,No,Month-to-month,Yes,Credit card (automatic),78.11,4676.92,No
CUST-4228,Male,0,Yes,No,13,Yes,Yes,DSL,No,Yes,Yes,Yes,Yes,No,Two year,No,Electronic check,85.84,1112.64,No
CUST-4229,Male,0,Yes,Yes,42,Yes,Yes,Fiber optic,No,No,Yes,No,Yes,No,One year,No,Mailed check,94.51,3966.5,No
CUST-4230,Female,0,Yes,Yes,68,Yes,Yes,Fiber optic,Yes,No,Yes,Yes,No,No,Month-to-month,Yes,Credit card (automatic),85.03,5772.09,No
CUST-4231,Female,0,Yes,No,25,Yes,Yes,Fiber optic,No,Yes,Yes,Yes,No,Yes,One year,Yes,Credit card (automatic),89.05,2231.84,No
CUST-4232,Male,0,No,No,31,Yes,No,DSL,No,No,No,No,No,Yes,Two year,Yes,Bank transfer (automatic),53.15,1655.91,No
CUST-4233,Male,0,Yes,No,12,Yes,No,Fiber optic,Yes,Yes,No,Yes,No,Yes,Two year,Yes,Electronic check,95.42,1155.02,Yes
CUST-4234,Male,0,No,Yes,64,Yes,Yes,DSL,No,No,No,Yes,No,No,Month-to-month,Yes,Mailed check,61.91,3962.42,No
CUST-4235,Male,0,No,No,61,Yes,Yes,Fiber optic,Yes,No,Yes,Yes,Yes,Yes,Month-to-month,Yes,Bank transfer (automatic),110.04,6708.57,Yes
CUST-4236,Male,0,Yes,Yes,53,Yes,Yes,DSL,No,Yes,No,No,No,Yes,Two year,Yes,Mailed check,48.82,2591.81,No
CUST-4237,Female,0,No,Yes,26,No,No phone service,DSL,No,Yes,No,No,Yes,Yes,Month-to-month,Yes,Credit card (automatic),67.04,1747.77,No
CUST-4238,Female,0,No,Yes,61,Yes,Yes,DSL,No,Yes,Yes,Yes,No,Yes,Month-to-month,Yes,Bank transfer (automatic),66.57,4058.35,No
CUST-4239,Female,0,No,No,10,Yes,No,Fiber optic,No,No,No,No,No,Yes,Two year,Yes,Electronic check,65.91,660.41,No
CUST-4240,Male,0,Yes,No,12,Yes,No,Fiber optic,Yes,No,No,No,Yes,No,One year,No,Mailed check,86.44,1043.72,Yes
CUST-4241,Male,0,Yes,No,22,Yes,No,No,No internet service,No internet service,No internet service,No internet service,No internet service,No internet service,One year,Yes,Mailed check,18.5,400.78,No
CUST-4242,Female,0,Yes,Yes,53,Yes,No,Fiber optic,No,Yes,No,Yes,No,Yes,Month-to-month,No,Bank transfer (automatic),85.94,4545.23,No
CUST-4243,Female,0,No,Yes,21,Yes,Yes,DSL,Yes,No,No,Yes,Yes,Yes,Two year,No,Mailed check,81.56,1713.55,No
CUST-4244,Female,0,No,Yes,35,Yes,Yes,Fiber optic,No,Yes,No,No,No,Yes,Month-to-month,Yes,Electronic check,71.11,2492.14,No
CUST-4245,Male,0,No,No,71,Yes,Yes,Fiber optic,Yes,Yes,Yes,No,Yes,Yes,Month-to-month,Yes,Bank transfer (automatic),91.64,6507.94,Yes
CUST-4246,Female,0,Yes,Yes,27,Yes,No,DSL,No,No,Yes,No,No,No,Two year,Yes,Electronic check,44.46,1202.34,No
CUST-4247,Male,0,Yes,No,60,Yes,No,Fiber optic,No,Yes,No,No,No,Yes,Month-to-month,Yes,Mailed check,73.36,4399.46,Yes
CUST-4248,Female,1,No,Yes,47,Yes,No,DSL,Yes,Yes,No,No,No,Yes,One year,Yes,Electronic check,57.41,2701.3,No
CUST-4249,Female,0,No,Yes,66,Yes,Yes,DSL,Yes,No,No,No,No,Yes,Month-to-month,Yes,Credit card (automatic),45.92,3021.58,No
CUST-4250,Female,1,No,Yes,15,Yes,No,Fiber optic,No,No,Yes,No,Yes,No,Month-to-month,Yes,Electronic check,93.88,1401.22,No
CUST-4251,Male,1,Yes,Yes,24,Yes,Yes,Fiber optic,No,Yes,No,No,No,Yes,One year,No,Mailed check,67.67,1622.98,No
CUST-4252,Female,0,Yes,No,10,Yes,Yes,Fiber optic,No,Yes,Yes,Yes,Yes,No,One year,Yes,Bank transfer (automatic),109.17,1100.56,Yes
CUST-4253,Male,0,Yes,No,24,Yes,Yes,DSL,Yes,Yes,Yes,No,Yes,No,Month-to-month,No,Electronic check,60.59,1457.05,Yes
CUST-4254,Male,0,Yes,No,57,Yes,No,Fiber optic,No,No,No,No,No,No,One year,Yes,Electronic check,71.44,4069.19,No
CUST-4255,Male,1,Yes,Yes,34,Yes,No,Fiber optic,Yes,No,No,Yes,No,Yes,Month-to-month,No,Bank transfer (automatic),95.21,3236.3,No
CUST-4256,Female,0,Yes,Yes,41,Yes,No,Fiber optic,No,No,Yes,Yes,No,Yes,Month-to-month,Yes,Electronic check,78.03,3206.14,No
CUST-4257,Male,1,Yes,No,40,Yes,Yes,Fiber optic,Yes,No,No,Yes,Yes,No,One year,Yes,Electronic check,104.08,4164.05,No
CUST-4258,Male,0,Yes,No,11,Yes,Yes,Fiber optic,Yes,No,Yes,No,Yes,No,One year,Yes,Electronic check,94.7,1032.66,Yes
CUST-4259,Female,0,Yes,No,1,Yes,Yes,DSL,Yes,Yes,Yes,Yes,No,No,Two year,Yes,Electronic check,55.85,55.85,No
CUST-4260,Male,0,No,No,30,Yes,Yes,Fiber optic,No,No,Yes,Yes,Yes,No,Month-to-month,Yes,Bank transfer (automatic),104.22,3124.36,No
CUST-4261,Female,0,Yes,No,43,Yes,Yes,Fiber optic,Yes,No,No,No,No,No,Month-to-month,Yes,Mailed check,68.87,2969.41,Yes
CUST-4262,Male,0,No,Yes,26,Yes,No,DSL,Yes,No,No,Yes,Yes,Yes,Month-to-month,Yes,Electronic check,76.53,1985.89,No
CUST-4263,Male,0,No,No,53,Yes,Yes,Fiber optic,No,Yes,No,Yes,No,No,One year,No,Electronic check,90.51,4788.32,No
CUST-4264,Female,0,No,No,47,Yes,No,Fiber optic,Yes,No,No,No,No,Yes,Month-to-month,Yes,Electronic check,77.42,3635.84,No
CUST-4265,Male,0,No,No,9,Yes,No,Fiber optic,No,Yes,Yes,Yes,Yes,Yes,Month-to-month,No,Electronic check,107.36,957.12,Yes
CUST-4266,Male,0,Yes,No,9,Yes,Yes,DSL,No,No,Yes,Yes,No,No,Month-to-month,Yes,Electronic check,70.97,645.38,No
CUST-4267,Female,0,No,No,1,No,No phone service,DSL,Yes,No,Yes,No,No,Yes,Two year,Yes,Electronic check,48.8,50.6,Yes
CUST-4268,Female,0,No,Yes,71,Yes,Yes,DSL,No,Yes,Yes,No,Yes,No,One year,Yes,Electronic check,61.93,4396.42,No
CUST-4269,Female,0,No,No,44,Yes,No,Fiber optic,No,No,No,No,Yes,Yes,Month-to-month,Yes,Bank transfer (automatic),92.02,4046.08,Yes
CUST-4270,Male,0,Yes,Yes,59,Yes,No,DSL,No,No,Yes,No,No,No,One year,No,Credit card (automatic),55.47,3271.08,No
CUST-4271,Male,0,Yes,No,56,Yes,Yes,DSL,No,No,Yes,No,No,Yes,One year,Yes,Credit card (automatic),46.47,2608.08,No
CUST-4272,Female,0,Yes,No,51,Yes,No,No,No internet service,No internet service,No internet service,No internet service,No internet service,No internet service,Two year,Yes,Electronic check,21.37,1083.47,No
CUST-4273,Female,0,No,No,16,Yes,Yes,DSL,Yes,Yes,Yes,No,Yes,No,One year,No,Electronic check,67.22,1066.95,No
CUST-4274,Female,0,No,No,38,Yes,No,Fiber optic,No,No,Yes,No,No,Yes,Month-to-month,No,Electronic check,75.15,2856.93,Yes
CUST-4275,Female,0,Yes,No,11,Yes,Yes,No,No internet service,No internet service,No internet service,No internet service,No internet service,No internet service,Two year,Yes,Electronic check,21.79,246.87,Yes
CUST-4276,Female,0,No,Yes,25,Yes,No,Fiber optic,Yes,No,No,No,No,No,Month-to-month,No,Bank transfer (automatic),78.47,1962.99,No
CUST-4277,Male,0,No,No,59,Yes,No,Fiber optic,No,No,Yes,Yes,No,Yes,One year,Yes,Credit card (automatic),91.22,5387.9,No
CUST-4278,Male,0,Yes,Yes,29,Yes,No,No,No internet service,No internet service,No internet service,No internet service,No internet service,No internet service,One year,Yes,Credit card (automatic),19.91,585.25,No
CUST-4279,Female,0,No,No,40,Yes,Yes,Fiber optic,No,Yes,No,No,No,No,Month-to-month,No,Mailed check,74.37,2966.34,Yes
CUST-4280,Male,0,No,No,8,Yes,Yes,Fiber optic,No,No,Yes,No,No,Yes,Two year,No,Mailed check,80.12,642.74,Yes
CUST-4281,Male,1,Yes,Yes,6,Yes,No,DSL,No,No,No,No,No,Yes,Month-to-month,No,Electronic check,51.81,317.52,No
CUST-4282,Female,1,No,Yes,45,Yes,No,Fiber optic,No,No,No,Yes,Yes,No,Month-to-month,Yes,Mailed check,110.64,4981.67,Yes
CUST-4283,Female,0,Yes,No,53,Yes,No,Fiber optic,No,Yes,Yes,No,No,No,Month-to-month,Yes,Bank transfer (automatic),75.58,4007.57,Yes
CUST-4284,Male,0,No,No,21,Yes,Yes,Fiber optic,Yes,No,No,No,Yes,No,Two year,No,Bank transfer (automatic),93.24,1963.8,No
CUST-4285,Male,1,No,No,57,Yes,Yes,Fiber optic,Yes,No,No,No,No,No,Month-to-month,Yes,Mailed check,77.76,4436.47,Yes
CUST-4286,Male,0,No,Yes,6,Yes,No,Fiber optic,No,No,No,No,No,No,Month-to-month,No,Credit card (automatic),72.09,432.57,Yes
CUST-4287,Female,0,Yes,No,63,Yes,Yes,Fiber optic,Yes,No,Yes,No,No,Yes,Month-to-month,Yes,Mailed check,62.84,3949.8,No
CUST-4288,Female,0,Yes,No,6,Yes,Yes,DSL,Yes,No,No,No,Yes,Yes,Month-to-month,Yes,Mailed check,56.79,343.01,Yes
CUST-4289,Male,0,Yes,Yes,53,Yes,No,DSL,No,No,No,No,No,No,Month-to-month,Yes,Electronic check,54.19,2866.33,No
CUST-4290,Male,1,No,No,4,Yes,No,Fiber optic,No,No,Yes,No,Yes,Yes,Month-to-month,No,Electronic check,92.78,366.2,Yes
CUST-4291,Female,0,Yes,No,9,Yes,Yes,DSL,No,No,No,Yes,Yes,Yes,Month-to-month,Yes,Electronic check,80.02,723.77,Yes
CUST-4292,Male,0,No,No,69,Yes,Yes,DSL,No,No,No,No,Yes,No,Month-to-month,Yes,Electronic check,66.24,4569.62,No
CUST-4293,Female,0,Yes,No,72,Yes,No,Fiber optic,No,Yes,No,Yes,No,Yes,One year,Yes,Bank transfer (automatic),86.67,6244.58,No
CUST-4294,Female,0,Yes,No,4,Yes,Yes,DSL,No,Yes,Yes,No,Yes,No,Month-to-month,Yes,Mailed check,61.37,243.33,Yes
CUST-4295,Male,1,Yes,No,58,Yes,No,No,No internet service,No internet service,No internet service,No internet service,No internet service,No internet service,One year,No,Mailed check,18.58,1085.04,No
CUST-4296,Female,0,No,Yes,37,Yes,Yes,DSL,No,No,No,No,Yes,No,Month-to-month,No,Bank transfer (automatic),69.02,2552.28,No
CUST-4297,Male,0,No,No,71,Yes,Yes,No,No internet service,No internet service,No internet service,No internet service,No internet service,No internet service,Two year,No,Electronic check,25.2,1789.08,No
CUST-4298,Male,0,Yes,Yes,6,Yes,No,Fiber optic,No,No,No,No,No,Yes,Month-to-month,Yes,Bank transfer (automatic),76.64,452.37,Yes
CUST-4299,Female,0,Yes,No,51,Yes,No,DSL,No,No,No,Yes,Yes,Yes,One year,Yes,Bank transfer (automatic),80.49,4105.06,No
CUST-4300,Male,0,No,No,50,Yes,Yes,Fiber optic,No,Yes,Yes,No,Yes,Yes,Two year,No,Electronic check,89.73,4481.3,Yes
CUST-4301,Female,0,Yes,Yes,14,Yes,Yes,No,No internet service,No internet service,No internet service,No internet service,No internet service,No internet service,Two year,No,Electronic check,18.5,264.26,No
CUST-4302,Female,0,No,Yes,11,Yes,Yes,DSL,No,No,No,No,Yes,No,One year,No,Bank transfer (automatic),55.11,610.49,Yes
CUST-4303,Male,0,No,No,10,Yes,No,Fiber optic,Yes,Yes,Yes,No,No,No,Month-to-month,Yes,Credit card (automatic),79.36,783.92,Yes
CUST-4304,Male,0,No,No,61,Yes,Yes,No,No internet service,No internet service,No internet service,No internet service,No internet service,No internet service,Month-to-month,Yes,Electronic check,23.47,1431.55,No
CUST-4305,Male,0,No,No,13,Yes,No,DSL,Yes,No,No,No,No,No,Month-to-month,No,Credit card (automatic),51.47,660.02,Yes
CUST-4306,Male,0,No,No,34,Yes,No,Fiber optic,No,Yes,No,Yes,No,No,Two year,No,Mailed check,93.1,3166.79,No
CUST-4307,Male,0,No,No,60,Yes,No,DSL,No,Yes,No,No,Yes,Yes,Month-to-month,No,Bank transfer (automatic),73.81,4436.63,No
CUST-4308,Male,0,No,No,51,Yes,No,DSL,No,Yes,Yes,Yes,No,No,One year,No,Credit card (automatic),62.44,3191.78,No
CUST-4309,Male,0,No,Yes,5,Yes,No,DSL,No,Yes,No,No,No,No,Month-to-month,Yes,Electronic check,51.56,252.68,Yes
CUST-4310,Female,0,Yes,No,32,Yes,Yes,Fiber optic,No,Yes,Yes,Yes,Yes,No,Two year,Yes,Electronic check,98.79,3154.08,No
CUST-4311,Female,0,Yes,No,12,Yes,Yes,DSL,No,No,Yes,No,Yes,Yes,One year,No,Electronic check,73.7,890.22,No
CUST-4312,Female,0,Yes,No,52,Yes,Yes,DSL,No,No,No,Yes,No,No,Month-to-month,Yes,Mailed check,65.39,3401.2,No
CUST-4313,Male,0,No,Yes,13,Yes,No,Fiber optic,No,No,Yes,No,No,No,One year,No,Credit card (automatic),64.94,842.7,No
CUST-4314,Male,0,No,No,54,Yes,No,Fiber optic,No,Yes,Yes,Yes,No,Yes,Month-to-month,Yes,Electronic check,88.14,4765.77,No
CUST-4315,Female,0,Yes,No,54,Yes,Yes,Fiber optic,Yes,No,No,No,No,No,One year,Yes,Credit card (automatic),81.49,4395.51,Yes
CUST-4316,Male,1,Yes,Yes,41,Yes,No,Fiber optic,No,No,Yes,No,Yes,No,Two year,Yes,Bank transfer (automatic),93.63,3833.32,Yes
CUST-4317,Male,0,Yes,No,48,No,No phone service,DSL,Yes,Yes,No,Yes,No,No,Two year,Yes,Electronic check,73.27,3519.2,No
CUST-4318,Female,1,No,No,51,Yes,No,No,No internet service,No internet service,No internet service,No internet service,No internet service,No internet service,Month-to-month,No,Electronic check,19.45,987.4,Yes
CUST-4319,Female,0,No,Yes,47,Yes,No,DSL,No,No,No,Yes,No,Yes,Month-to-month,No,Bank transfer (automatic),69.15,3248.59,No
CUST-4320,Female,0,No,Yes,50,Yes,Yes,DSL,No,Yes,No,No,Yes,No,One year,Yes,Bank transfer (automatic),66.87,3342.6,No
CUST-4321,Male,0,Yes,No,46,Yes,Yes,Fiber optic,No,No,No,No,Yes,Yes,One year,No,Electronic check,91.75,4214.6,No
CUST-4322,Female,0,No,No,38,Yes,No,Fiber optic,Yes,Yes,Yes,No,Yes,Yes,Month-to-month,Yes,Credit card (automatic),85.12,3225.79,Yes
CUST-4323,Female,0,Yes,Yes,13,Yes,Yes,DSL,No,Yes,Yes,No,Yes,No,One year,Yes,Electronic check,49.67,651.04,No
CUST-4324,Female,0,No,Yes,22,Yes,No,DSL,No,No,Yes,No,No,No,Month-to-month,Yes,Mailed check,49.72,1099.51,No
CUST-4325,Female,0,Yes,No,2,No,No phone service,Fiber optic,No,No,Yes,No,Yes,Yes,One year,No,Mailed check,79.52,161.01,No
CUST-4326,Female,0,No,No,13,Yes,No,Fiber optic,No,Yes,No,No,Yes,Yes,Two year,No,Credit card (automatic),93.0,1201.97,Yes
CUST-4327,Female,1,Yes,Yes,57,Yes,No,DSL,Yes,Yes,No,No,No,No,One year,Yes,Electronic check,47.9,2729.82,No
CUST-4328,Male,1,Yes,Yes,34,Yes,No,No,No internet service,No internet service,No internet service,No internet service,No internet service,No internet service,Month-to-month,Yes,Electronic check,18.5,622.56,Yes
CUST-4329,Female,0,No,No,19,Yes,No,DSL,Yes,No,No,Yes,No,No,Two year,No,Electronic check,60.68,1160.55,No
CUST-4330,Female,0,Yes,No,9,Yes,Yes,Fiber optic,No,Yes,No,No,Yes,No,Month-to-month,Yes,Electronic check,90.39,817.46,Yes
CUST-4331,Female,0,Yes,No,33,Yes,No,DSL,No,No,No,Yes,Yes,No,Month-to-month,Yes,Bank transfer (automatic),84.79,2788.7,Yes
CUST-4332,Male,0,No,No,27,Yes,No,DSL,Yes,No,Yes,No,No,No,Month-to-month,No,Electronic check,48.52,1300.07,Yes
CUST-4333,Male,0,No,No,45,Yes,No,DSL,Yes,No,No,No,No,Yes,Month-to-month,Yes,Bank transfer (automatic),46.22,2089.58,Yes
CUST-4334,Female,0,Yes,No,2,Yes,Yes,Fiber optic,No,Yes,No,No,No,Yes,Month-to-month,Yes,Credit card (automatic),71.28,133.36,Yes
CUST-4335,Female,0,No,No,57,Yes,Yes,DSL,No,Yes,No,No,No,No,Two year,Yes,Mailed check,58.1,3319.02,No
CUST-4336,Female,1,No,No,57,Yes,Yes,Fiber optic,No,No,Yes,Yes,No,No,One year,No,Bank transfer (automatic),89.77,5126.01,No
CUST-4337,Female,0,Yes,Yes,16,Yes,No,No,No internet service,No internet service,No internet service,No internet service,No internet service,No internet service,One year,No,Bank transfer (automatic),18.5,292.16,No
CUST-4338,Female,0,Yes,No,6,No,No phone service,Fiber optic,No,No,No,No,No,No,Two year,Yes,Electronic check,73.04,439.04,Yes
CUST-4339,Female,0,Yes,No,14,Yes,Yes,DSL,Yes,Yes,Yes,No,No,No,Two year,Yes,Electronic check,42.83,602.57,No
CUST-4340,Female,0,No,No,27,Yes,No,DSL,No,No,No,Yes,Yes,Yes,Month-to-month,No,Electronic check,76.91,2076.98,Yes
CUST-4341,Female,0,Yes,No,38,Yes,No,Fiber optic,No,No,Yes,No,Yes,No,Month-to-month,Yes,Credit card (automatic),84.11,3190.45,No
CUST-4342,Female,0,Yes,No,19,Yes,Yes,DSL,No,No,No,No,Yes,Yes,One year,Yes,Mailed check,74.53,1417.69,No
CUST-4343,Male,0,No,No,37,Yes,No,No,No internet service,No internet service,No internet service,No internet service,No internet service,No internet service,One year,Yes,Credit card (automatic),21.59,794.0,No
CUST-4344,Male,1,No,No,4,Yes,Yes,No,No internet service,No internet service,No internet service,No internet service,No internet service,No internet service,Month-to-month,No,Mailed check,25.33,94.62,No
CUST-4345,Female,0,Yes,No,58,Yes,No,DSL,No,No,No,No,No,No,One year,No,Electronic check,59.46,3448.79,No
CUST-4346,Male,0,No,No,9,Yes,Yes,DSL,No,No,Yes,Yes,Yes,Yes,One year,Yes,Bank transfer (automatic),81.46,730.58,Yes
CUST-4347,Male,0,Yes,No,40,Yes,Yes,No,No internet service,No internet service,No internet service,No internet service,No internet service,No internet service,Two year,Yes,Mailed check,32.76,1300.95,No
CUST-4348,Male,0,Yes,No,15,Yes,Yes,Fiber optic,No,No,No,Yes,No,No,One year,No,Mailed check,82.34,1244.09,No
CUST-4349,Male,0,No,Yes,4,Yes,No,Fiber optic,No,No,No,No,No,Yes,One year,Yes,Electronic check,82.05,318.99,Yes
CUST-4350,Male,0,No,Yes,52,Yes,No,DSL,No,No,No,Yes,No,Yes,One year,Yes,Electronic check,65.99,3439.54,No
CUST-4351,Male,0,Yes,No,18,Yes,Yes,Fiber optic,No,No,No,No,Yes,Yes,Month-to-month,No,Electronic check,94.36,1692.27,Yes
CUST-4352,Female,1,No,No,53,Yes,Yes,No,No internet service,No internet service,No internet service,No internet service,No internet service,No internet service,One year,Yes,Bank transfer (automatic),19.28,1014.68,No
CUST-4353,Female,0,No,No,59,No,No phone service,DSL,No,No,No,Yes,No,Yes,Month-to-month,No,Bank transfer (automatic),68.27,4019.31,No
CUST-4354,Male,0,Yes,Yes,54,Yes,No,Fiber optic,Yes,No,No,Yes,Yes,No,Month-to-month,Yes,Bank transfer (automatic),107.12,5782.99,No
CUST-4355,Male,0,No,No,41,Yes,Yes,DSL,Yes,Yes,No,Yes,No,No,One year,Yes,Electronic check,64.52,2647.06,No
CUST-4356,Female,0,Yes,Yes,60,Yes,No,No,No internet service,No internet service,No internet service,No internet service,No internet service,No internet service,Month-to-month,Yes,Mailed check,20.72,1251.27,No
CUST-4357,Male,0,No,No,4,No,No phone service,Fiber optic,Yes,No,Yes,Yes,No,No,Month-to-month,No,Bank transfer (automatic),98.79,400.83,No
CUST-4358,Female,0,No,Yes,39,Yes,No,DSL,No,Yes,No,No,No,No,Month-to-month,No,Bank transfer (automatic),46.36,1801.23,No
CUST-4359,Female,0,Yes,Yes,7,Yes,No,DSL,No,No,No,No,No,No,Month-to-month,No,Bank transfer (automatic),57.71,397.32,Yes
CUST-4360,Female,0,Yes,Yes,23,No,No phone service,Fiber optic,No,No,No,Yes,Yes,Yes,Month-to-month,Yes,Electronic check,101.26,2319.14,Yes
CUST-4361,Male,0,Yes,No,63,Yes,No,DSL,No,No,Yes,Yes,No,No,Month-to-month,No,Electronic check,68.33,4308.55,No
CUST-4362,Female,0,Yes,No,65,Yes,Yes,Fiber optic,Yes,No,No,No,No,Yes,Month-to-month,Yes,Electronic check,74.73,4847.8,Yes
CUST-4363,Male,0,Yes,Yes,41,Yes,Yes,DSL,No,No,No,Yes,No,No,Month-to-month,No,Mailed check,68.14,2786.51,No
CUST-4364,Female,0,Yes,No,44,Yes,Yes,DSL,No,No,Yes,Yes,Yes,No,Month-to-month,Yes,Credit card (automatic),81.52,3589.57,No
CUST-4365,Female,0,No,Yes,45,Yes,Yes,Fiber optic,No,Yes,No,No,No,No,Two year,Yes,Electronic check,77.61,3485.46,Yes
CUST-4366,Male,0,Yes,No,69,No,No phone service,Fiber optic,No,Yes,Yes,Yes,No,No,Two year,Yes,Credit card (automatic),93.18,6422.48,Yes
CUST-4367,Male,0,No,No,51,Yes,No,Fiber optic,No,Yes,Yes,Yes,No,No,Month-to-month,Yes,Bank transfer (automatic),90.96,4633.64,No
CUST-4368,Male,0,No,No,65,Yes,Yes,Fiber optic,Yes,Yes,No,Yes,No,Yes,Month-to-month,Yes,Electronic check,96.25,6253.96,No
CUST-4369,Female,0,Yes,No,54,Yes,No,Fiber optic,No,No,Yes,Yes,No,No,One year,Yes,Mailed check,92.62,4991.64,No
CUST-4370,Male,0,No,No,56,Yes,No,Fiber optic,No,No,No,Yes,Yes,Yes,Month-to-month,Yes,Mailed check,113.77,6376.04,No
CUST-4371,Female,0,Yes,No,72,Yes,Yes,DSL,Yes,No,Yes,Yes,Yes,Yes,Two year,Yes,Mailed check,78.89,5685.56,No
CUST-4372,Male,0,Yes,No,40,Yes,Yes,DSL,Yes,Yes,No,No,No,No,One year,Yes,Electronic check,46.33,1850.53,No
CUST-4373,Female,0,No,No,58,Yes,Yes,DSL,No,Yes,No,No,Yes,No,Month-to-month,Yes,Electronic check,67.3,3909.36,No
CUST-4374,Female,0,Yes,Yes,15,Yes,Yes,Fiber optic,Yes,Yes,Yes,No,No,Yes,Month-to-month,Yes,Bank transfer (automatic),67.85,1013.45,Yes
CUST-4375,Female,0,No,No,19,Yes,No,Fiber optic,No,Yes,No,Yes,No,No,One year,No,Bank transfer (automatic),95.45,1823.26,No
CUST-4376,Female,0,No,No,10,Yes,No,DSL,Yes,No,No,Yes,No,No,Month-to-month,No,Mailed check,63.24,630.35,No
CUST-4377,Male,0,No,No,16,Yes,No,Fiber optic,No,No,No,No,Yes,No,Month-to-month,Yes,Credit card (automatic),94.59,1516.82,No
CUST-4378,Male,0,No,No,43,Yes,No,DSL,No,No,No,Yes,Yes,No,One year,No,Bank transfer (automatic),81.82,3514.71,No
CUST-4379,Female,0,No,No,31,Yes,Yes,Fiber optic,No,No,Yes,Yes,Yes,No,Month-to-month,Yes,Credit card (automatic),104.79,3247.51,Yes
CUST-4380,Male,0,Yes,Yes,16,Yes,Yes,DSL,No,No,No,Yes,Yes,Yes,One year,No,Mailed check,81.63,1308.98,No
CUST-4381,Male,0,Yes,Yes,28,Yes,No,Fiber optic,No,No,No,No,No,No,Two year,No,Electronic check,67.85,1896.75,No
CUST-4382,Male,0,No,No,62,Yes,Yes,Fiber optic,No,Yes,No,No,No,Yes,Month-to-month,Yes,Bank transfer (automatic),72.96,4526.65,Yes
CUST-4383,Male,1,Yes,No,20,Yes,Yes,Fiber optic,No,No,Yes,No,Yes,No,Month-to-month,No,Credit card (automatic),94.01,1873.12,No
CUST-4384,Male,0,Yes,No,35,Yes,No,No,No internet service,No internet service,No internet service,No internet service,No internet service,No internet service,Two year,No,Mailed check,18.5,647.18,No
CUST-4385,Female,0,Yes,No,59,Yes,No,Fiber optic,Yes,No,Yes,No,Yes,Yes,Month-to-month,No,Bank transfer (automatic),92.95,5479.51,Yes
CUST-4386,Male,1,No,No,9,Yes,No,Fiber optic,No,Yes,No,Yes,No,No,Month-to-month,No,Credit card (automatic),94.32,857.28,Yes
CUST-4387,Female,0,Yes,Yes,10,Yes,Yes,DSL,No,No,No,No,Yes,No,Two year,No,Mailed check,61.77,624.19,Yes
CUST-4388,Male,0,No,No,45,Yes,No,DSL,No,Yes,No,Yes,No,No,Month-to-month,Yes,Credit card (automatic),71.65,3224.0,No
CUST-4389,Female,0,Yes,No,15,Yes,Yes,No,No internet service,No internet service,No internet service,No internet service,No internet service,No internet service,Month-to-month,Yes,Mailed check,24.06,359.98,No
CUST-4390,Male,0,Yes,Yes,30,Yes,No,No,No internet service,No internet service,No internet service,No internet service,No internet service,No internet service,Month-to-month,Yes,Mailed check,26.9,813.68,No
CUST-4391,Female,0,Yes,No,48,Yes,Yes,Fiber optic,No,No,Yes,Yes,Yes,Yes,Two year,Yes,Electronic check,106.84,5132.13,No
CUST-4392,Female,1,Yes,Yes,40,Yes,Yes,DSL,No,No,No,Yes,No,Yes,One year,Yes,Bank transfer (automatic),62.94,2521.27,No
CUST-4393,Male,0,No,No,44,No,No phone service,Fiber optic,No,Yes,No,No,No,Yes,One year,No,Credit card (automatic),80.85,3558.37,No
CUST-4394,Female,0,Yes,Yes,46,Yes,No,DSL,Yes,No,No,No,No,Yes,Month-to-month,Yes,Mailed check,50.06,2310.01,No
CUST-4395,Female,0,Yes,No,6,Yes,No,DSL,Yes,Yes,No,No,No,Yes,Month-to-month,No,Bank transfer (automatic),54.7,321.99,Yes
CUST-4396,Female,0,No,No,24,Yes,No,Fiber optic,Yes,No,No,No,Yes,Yes,Two year,No,Bank transfer (automatic),87.75,2113.24,No
CUST-4397,Female,0,No,No,7,Yes,Yes,DSL,No,No,No,No,Yes,Yes,One year,No,Electronic check,62.28,436.37,No
CUST-4398,Male,1,Yes,No,6,Yes,No,DSL,Yes,Yes,Yes,Yes,Yes,Yes,Month-to-month,No,Credit card (automatic),76.29,460.17,Yes
CUST-4399,Female,1,Yes,Yes,33,Yes,No,Fiber optic,Yes,No,No,Yes,Yes,Yes,Two year,No,Bank transfer (automatic),112.08,3707.89,No
CUST-4400,Male,0,No,No,38,Yes,No,DSL,No,Yes,Yes,No,Yes,No,Two year,No,Credit card (automatic),68.27,2592.75,No
CUST-4401,Male,1,No,No,44,Yes,Yes,No,No internet service,No internet service,No internet service,No internet service,No internet service,No internet service,One year,Yes,Electronic check,18.5,817.36,No
CUST-4402,Female,0,Yes,No,17,Yes,Yes,No,No internet service,No internet service,No internet service,No internet service,No internet service,No internet service,Two year,No,Credit card (automatic),18.5,314.94,No
CUST-4403,Male,0,Yes,No,31,Yes,No,Fiber optic,No,No,No,Yes,No,Yes,Month-to-month,Yes,Mailed check,91.12,2833.35,No
CUST-4404,Female,0,Yes,Yes,37,Yes,No,No,No internet service,No internet service,No internet service,No internet service,No internet service,No internet service,One year,No,Electronic check,27.57,1019.84,No
CUST-4405,Female,0,Yes,Yes,11,Yes,No,Fiber optic,No,Yes,Yes,No,No,Yes,Month-to-month,Yes,Electronic check,73.58,804.5,Yes
CUST-4406,Female,0,No,No,5,Yes,Yes,Fiber optic,No,No,No,No,No,No,One year,No,Electronic check,80.29,401.1,Yes
CUST-4407,Female,0,No,No,64,Yes,No,Fiber optic,No,No,Yes,Yes,No,Yes,Two year,No,Electronic check,98.48,6311.06,No
CUST-4408,Male,0,Yes,No,3,No,No phone service,Fiber optic,No,Yes,No,No,Yes,No,Month-to-month,Yes,Electronic check,83.8,251.41,Yes
CUST-4409,Male,0,No,No,56,Yes,No,DSL,No,No,No,No,No,Yes,One year,Yes,Electronic check,50.32,2810.84,No
CUST-4410,Male,0,Yes,No,63,Yes,Yes,Fiber optic,Yes,Yes,No,Yes,No,Yes,Month-to-month,No,Credit card (automatic),86.77,5467.34,No
CUST-4411,Male,1,Yes,No,38,Yes,No,Fiber optic,Yes,No,No,No,Yes,Yes,One year,Yes,Credit card (automatic),97.3,3695.15,No
CUST-4412,Male,0,Yes,No,54,No,No phone service,Fiber optic,No,Yes,No,Yes,No,No,Month-to-month,Yes,Bank transfer (automatic),92.87,5017.98,Yes
CUST-4413,Male,0,Yes,No,2,Yes,Yes,Fiber optic,No,Yes,No,Yes,Yes,Yes,Month-to-month,Yes,Mailed check,102.83,200.49,Yes
CUST-4414,Female,0,No,No,2,Yes,Yes,Fiber optic,No,No,No,No,No,Yes,One year,No,Mailed check,70.13,136.71,No
CUST-4415,Female,0,Yes,No,12,Yes,No,Fiber optic,No,No,No,No,No,Yes,One year,Yes,Mailed check,71.89,863.01,Yes
CUST-4416,Male,0,Yes,Yes,40,Yes,No,Fiber optic,No,No,No,No,Yes,Yes,Month-to-month,Yes,Electronic check,85.28,3403.57,No
CUST-4417,Female,0,No,No,2,Yes,No,DSL,No,Yes,No,No,No,Yes,Month-to-month,Yes,Bank transfer (automatic),47.22,88.65,Yes
CUST-4418,Male,0,No,No,57,Yes,Yes,Fiber optic,Yes,Yes,Yes,No,Yes,Yes,One year,Yes,Electronic check,86.89,4958.76,Yes
CUST-4419,Male,0,No,No,47,Yes,Yes,DSL,No,Yes,Yes,No,No,No,One year,No,Bank transfer (automatic),52.71,2486.15,No
CUST-4420,Female,0,No,No,36,No,No phone service,No,No internet service,No internet service,No internet service,No internet service,No internet service,No internet service,Month-to-month,Yes,Mailed check,18.5,675.39,No
CUST-4421,Female,0,Yes,Yes,4,Yes,No,Fiber optic,No,No,Yes,Yes,No,No,One year,Yes,Credit card (automatic),92.54,378.91,No
CUST-4422,Female,0,No,No,24,Yes,Yes,Fiber optic,No,No,Yes,Yes,Yes,Yes,One year,No,Credit card (automatic),101.62,2447.72,No
CUST-4423,Male,0,No,No,62,Yes,No,No,No internet service,No internet service,No internet service,No internet service,No internet service,No internet service,One year,No,Credit card (automatic),18.5,1153.42,No
CUST-4424,Female,0,No,Yes,2,Yes,Yes,Fiber optic,No,Yes,Yes,No,Yes,Yes,Two year,No,Bank transfer (automatic),88.76,182.23,Yes
CUST-4425,Female,0,No,No,15,Yes,No,DSL,No,No,Yes,No,Yes,No,One year,Yes,Mailed check,61.86,922.54,No
CUST-4426,Female,0,Yes,No,49,Yes,No,Fiber optic,Yes,No,No,No,No,No,Two year,Yes,Electronic check,69.24,3391.59,No
CUST-4427,Female,1,No,No,35,Yes,Yes,DSL,Yes,No,Yes,No,No,Yes,Two year,No,Bank transfer (automatic),46.93,1640.51,Yes
CUST-4428,Female,0,Yes,No,47,Yes,No,DSL,Yes,No,Yes,Yes,No,Yes,One year,Yes,Electronic check,72.91,3431.38,No
CUST-4429,Female,0,Yes,Yes,24,No,No phone service,Fiber optic,Yes,No,Yes,No,No,Yes,Month-to-month,No,Electronic check,72.95,1750.31,Yes
CUST-4430,Female,0,Yes,No,60,Yes,Yes,Fiber optic,Yes,No,Yes,No,Yes,No,Month-to-month,Yes,Bank transfer (automatic),91.46,5484.8,Yes
CUST-4431,Female,0,No,No,48,Yes,Yes,Fiber optic,Yes,No,Yes,No,Yes,No,Two year,Yes,Mailed check,86.59,4162.6,No
CUST-4432,Female,0,Yes,Yes,23,Yes,No,Fiber optic,No,Yes,Yes,Yes,No,Yes,Month-to-month,No,Credit card (automatic),93.91,2164.93,No
CUST-4433,Male,1,No,No,12,Yes,No,DSL,No,Yes,No,No,No,No,Month-to-month,Yes,Bank transfer (automatic),43.43,518.54,No
CUST-4434,Female,1,Yes,No,41,Yes,Yes,Fiber optic,No,Yes,No,No,Yes,No,Two year,Yes,Bank transfer (automatic),95.74,3923.73,Yes
CUST-4435,Male,0,No,Yes,29,Yes,No,DSL,Yes,No,No,Yes,No,Yes,One year,Yes,Credit card (automatic),69.58,2025.68,No
CUST-4436,Male,0,Yes,No,70,Yes,Yes,DSL,No,No,No,No,Yes,No,Month-to-month,Yes,Electronic check,64.41,4513.35,No
CUST-4437,Female,0,No,No,51,Yes,Yes,Fiber optic,No,No,Yes,No,Yes,Yes,Two year,Yes,Credit card (automatic),98.07,5005.37,No
CUST-4438,Female,0,No,No,23,Yes,No,DSL,No,No,No,No,No,Yes,One year,No,Electronic check,54.01,1246.46,No
CUST-4439,Female,0,Yes,No,31,Yes,No,DSL,Yes,No,Yes,No,Yes,Yes,Month-to-month,No,Credit card (automatic),76.75,2371.3,Yes
CUST-4440,Male,0,Yes,No,21,Yes,No,DSL,No,No,Yes,Yes,No,No,Month-to-month,Yes,Credit card (automatic),68.87,1447.54,No
CUST-4441,Female,0,No,Yes,24,Yes,No,Fiber optic,No,Yes,No,Yes,Yes,Yes,One year,Yes,Electronic check,99.53,2384.54,No
CUST-4442,Male,0,No,No,72,Yes,No,Fiber optic,Yes,No,No,No,No,Yes,One year,No,Bank transfer (automatic),71.79,5160.58,Yes
CUST-4443,Female,0,No,Yes,9,Yes,No,No,No internet service,No internet service,No internet service,No internet service,No internet service,No internet service,One year,Yes,Bank transfer (automatic),24.6,226.02,No
CUST-4444,Female,0,Yes,No,22,Yes,Yes,Fiber optic,Yes,Yes,No,No,No,No,Month-to-month,Yes,Credit card (automatic),67.56,1482.41,No
CUST-4445,Female,0,No,Yes,4,Yes,No,DSL,Yes,Yes,No,No,Yes,Yes,One year,Yes,Electronic check,64.68,254.92,No
CUST-4446,Female,0,Yes,No,3,Yes,No,DSL,No,Yes,No,No,No,No,One year,Yes,Bank transfer (automatic),35.03,107.89,No
CUST-4447,Female,1,No,No,28,Yes,No,DSL,No,Yes,No,Yes,No,No,Two year,Yes,Bank transfer (automatic),69.7,1954.93,No
CUST-4448,Female,0,No,Yes,15,Yes,No,Fiber optic,No,No,No,No,Yes,Yes,One year,No,Electronic check,89.45,1341.23,Yes
CUST-4449,Male,0,Yes,No,8,Yes,Yes,Fiber optic,No,Yes,No,No,No,No,Month-to-month,Yes,Credit card (automatic),72.85,583.93,Yes
CUST-4450,Male,0,No,Yes,48,Yes,Yes,Fiber optic,No,No,No,No,No,No,Month-to-month,No,Mailed check,74.6,3587.78,No
CUST-4451,Female,0,No,No,52,Yes,No,DSL,Yes,No,Yes,Yes,No,Yes,One year,No,Bank transfer (automatic),61.45,3187.54,No
CUST-4452,Female,0,No,No,55,Yes,Yes,DSL,No,No,No,No,Yes,No,One year,Yes,Electronic check,59.52,3264.91,No
CUST-4453,Male,0,Yes,Yes,37,No,No phone service,DSL,Yes,No,No,Yes,No,Yes,Month-to-month,No,Electronic check,65.23,2416.63,No
CUST-4454,Female,1,Yes,No,4,Yes,No,Fiber optic,Yes,Yes,Yes,No,Yes,No,Month-to-month,Yes,Mailed check,87.93,353.8,Yes
CUST-4455,Male,0,No,Yes,55,Yes,No,DSL,No,No,No,No,No,Yes,Month-to-month,No,Electronic check,45.05,2471.47,No
CUST-4456,Female,0,Yes,Yes,12,Yes,No,Fiber optic,No,Yes,No,No,No,Yes,Month-to-month,Yes,Credit card (automatic),84.52,1014.68,Yes
CUST-4457,Female,0,Yes,No,19,No,No phone service,DSL,Yes,No,No,No,No,No,Month-to-month,No,Credit card (automatic),49.52,945.79,No
CUST-4458,Female,1,No,No,57,Yes,No,Fiber optic,No,Yes,No,No,No,No,Two year,No,Credit card (automatic),72.87,4158.22,Yes
CUST-4459,Female,0,Yes,No,37,Yes,Yes,DSL,Yes,No,No,No,Yes,No,One year,Yes,Mailed check,64.81,2399.88,No
CUST-4460,Male,1,No,Yes,7,No,No phone service,DSL,Yes,No,No,No,No,No,Two year,Yes,Mailed check,49.53,339.32,No
CUST-4461,Male,1,Yes,No,55,Yes,No,DSL,Yes,No,Yes,No,No,No,Two year,Yes,Credit card (automatic),48.96,2688.88,No
CUST-4462,Female,0,Yes,No,28,Yes,No,DSL,No,No,Yes,No,Yes,Yes,One year,Yes,Mailed check,57.88,1618.76,No
CUST-4463,Female,0,No,Yes,37,No,No phone service,DSL,No,Yes,No,No,No,No,Month-to-month,No,Mailed check,56.63,2101.08,No
CUST-4464,Male,1,No,No,61,Yes,Yes,Fiber optic,No,Yes,No,Yes,Yes,Yes,Two year,Yes,Mailed check,100.9,6155.78,No
CUST-4465,Female,0,No,No,39,Yes,Yes,DSL,Yes,No,Yes,No,No,No,Month-to-month,No,Bank transfer (automatic),57.93,2263.93,No
CUST-4466,Male,0,No,No,23,Yes,Yes,DSL,No,No,Yes,No,Yes,No,Month-to-month,Yes,Bank transfer (automatic),59.13,1368.46,Yes
CUST-4467,Female,0,No,Yes,52,Yes,No,Fiber optic,No,No,Yes,No,Yes,No,Month-to-month,Yes,Bank transfer (automatic),94.61,4922.2,Yes
CUST-4468,Female,0,Yes,No,11,Yes,Yes,Fiber optic,No,No,No,Yes,No,No,Month-to-month,No,Mailed check,95.19,1041.83,Yes
CUST-4469,Male,0,Yes,Yes,66,Yes,Yes,DSL,No,No,Yes,No,No,No,Month-to-month,No,Electronic check,50.38,3317.87,No
CUST-4470,Male,0,Yes,No,13,Yes,Yes,Fiber optic,No,No,No,No,No,No,Month-to-month,Yes,Credit card (automatic),66.09,849.18,Yes
CUST-4471,Female,0,No,No,41,Yes,No,Fiber optic,No,No,No,No,Yes,No,Month-to-month,Yes,Credit card (automatic),90.55,3706.06,Yes
CUST-4472,Female,0,Yes,No,49,Yes,No,DSL,Yes,No,Yes,No,No,No,One year,Yes,Electronic check,56.55,2766.33,No
CUST-4473,Female,0,Yes,No,15,Yes,No,Fiber optic,No,No,Yes,No,Yes,No,One year,Yes,Mailed check,83.12,1242.2,No
CUST-4474,Female,1,Yes,No,56,Yes,No,DSL,Yes,No,Yes,No,Yes,Yes,Month-to-month,No,Electronic check,63.08,3535.82,No
CUST-4475,Female,0,Yes,No,54,Yes,Yes,DSL,No,Yes,Yes,No,No,Yes,Month-to-month,Yes,Bank transfer (automatic),45.36,2442.44,No
CUST-4476,Female,0,Yes,No,31,Yes,No,No,No internet service,No internet service,No internet service,No internet service,No internet service,No internet service,Month-to-month,No,Mailed check,22.67,701.48,No
CUST-4477,Female,0,No,Yes,61,Yes,Yes,DSL,Yes,No,No,Yes,Yes,Yes,Month-to-month,Yes,Electronic check,88.19,5369.69,Yes
CUST-4478,Male,0,Yes,No,58,Yes,No,DSL,No,No,Yes,No,No,Yes,One year,Yes,Bank transfer (automatic),49.97,2893.48,No
CUST-4479,Male,1,No,No,60,Yes,No,No,No internet service,No internet service,No internet service,No internet service,No internet service,No internet service,Two year,Yes,Electronic check,18.5,1100.82,No
CUST-4480,Male,0,No,No,53,Yes,Yes,Fiber optic,No,No,Yes,No,No,No,Month-to-month,Yes,Electronic check,84.44,4479.51,Yes
CUST-4481,Female,0,Yes,No,61,Yes,Yes,Fiber optic,No,Yes,No,No,No,Yes,Month-to-month,No,Electronic check,76.14,4641.63,No
CUST-4482,Male,1,No,No,42,Yes,No,Fiber optic,No,Yes,No,No,No,No,Month-to-month,No,Credit card (automatic),74.85,3143.3,No
CUST-4483,Female,1,Yes,No,29,Yes,Yes,Fiber optic,Yes,Yes,No,Yes,Yes,No,Month-to-month,Yes,Bank transfer (automatic),103.96,3020.07,No
CUST-4484,Female,0,No,No,27,Yes,Yes,Fiber optic,No,No,Yes,Yes,No,No,Month-to-month,Yes,Mailed check,84.45,2287.41,Yes
CUST-4485,Female,0,No,No,44,Yes,No,DSL,No,No,Yes,No,Yes,Yes,Month-to-month,No,Bank transfer (automatic),68.46,3012.57,No
CUST-4486,Male,0,No,Yes,5,Yes,No,DSL,No,Yes,Yes,No,No,Yes,Month-to-month,Yes,Mailed check,54.53,275.65,Yes
CUST-4487,Male,0,No,No,52,Yes,No,DSL,Yes,No,No,No,Yes,No,Two year,No,Bank transfer (automatic),63.67,3315.56,No
CUST-4488,Male,0,Yes,No,53,Yes,No,DSL,No,Yes,No,No,Yes,Yes,Two year,Yes,Electronic check,68.49,3625.68,No
CUST-4489,Male,0,Yes,No,52,Yes,Yes,DSL,No,Yes,Yes,No,No,No,One year,Yes,Electronic check,39.43,2054.51,No
CUST-4490,Male,0,No,No,38,Yes,Yes,Fiber optic,Yes,No,No,Yes,Yes,Yes,Two year,Yes,Bank transfer (automatic),103.67,3942.53,No
CUST-4491,Female,0,Yes,Yes,44,No,No phone service,DSL,No,No,Yes,Yes,No,No,Month-to-month,No,Electronic check,61.9,2722.46,No
CUST-4492,Female,0,Yes,No,53,Yes,No,DSL,Yes,No,Yes,Yes,Yes,Yes,Month-to-month,No,Bank transfer (automatic),80.96,4287.7,Yes
CUST-4493,Female,1,Yes,No,2,Yes,No,Fiber optic,No,No,Yes,Yes,No,Yes,Month-to-month,Yes,Mailed check,84.44,178.35,Yes
CUST-4494,Female,0,No,No,54,Yes,Yes,Fiber optic,Yes,Yes,No,Yes,No,Yes,One year,Yes,Electronic check,81.53,4412.35,No
CUST-4495,Male,1,Yes,No,35,Yes,Yes,Fiber optic,No,No,No,No,No,No,Two year,No,Bank transfer (automatic),73.55,2578.15,Yes
CUST-4496,Female,1,No,No,46,Yes,Yes,Fiber optic,Yes,No,No,Yes,No,No,Month-to-month,Yes,Electronic check,89.6,4119.28,Yes
CUST-4497,Female,0,Yes,Yes,72,No,No phone service,No,No internet service,No internet service,No internet service,No internet service,No internet service,No internet service,Month-to-month,No,Bank transfer (automatic),26.02,1878.47,Yes
CUST-4498,Male,0,Yes,Yes,55,Yes,No,Fiber optic,No,Yes,Yes,No,No,Yes,Two year,Yes,Mailed check,77.67,4275.43,No
CUST-4499,Female,0,No,Yes,72,Yes,Yes,Fiber optic,No,No,Yes,Yes,No,No,Month-to-month,No,Credit card (automatic),93.54,6735.78,No
CUST-4500,Male,0,Yes,No,11,Yes,No,Fiber optic,No,Yes,No,No,No,No,One year,Yes,Electronic check,65.38,711.82,No
CUST-4501,Female,0,No,No,29,Yes,No,Fiber optic,Yes,Yes,Yes,No,Yes,No,Month-to-month,Yes,Mailed check,95.44,2776.69,Yes
CUST-4502,Female,0,Yes,No,69,No,No phone service,Fiber optic,Yes,No,No,No,Yes,Yes,Month-to-month,Yes,Electronic check,94.88,6541.38,Yes
CUST-4503,Male,1,Yes,No,63,Yes,No,Fiber optic,No,Yes,No,No,No,No,One year,No,Electronic check,77.43,4875.96,No
CUST-4504,Female,0,Yes,No,47,Yes,No,DSL,No,No,No,No,No,Yes,Month-to-month,Yes,Credit card (automatic),36.71,1722.22,No
CUST-4505,Female,0,No,No,7,Yes,Yes,Fiber optic,Yes,Yes,Yes,No,Yes,Yes,Month-to-month,No,Bank transfer (automatic),90.52,626.72,Yes
CUST-4506,Female,0,No,No,64,Yes,Yes,Fiber optic,Yes,No,No,No,No,No,Two year,Yes,Electronic check,72.03,4600.41,No
CUST-4507,Male,0,No,No,64,Yes,No,Fiber optic,No,Yes,No,No,No,No,Month-to-month,No,Electronic check,73.16,4690.84,Yes
CUST-4508,Female,1,Yes,Yes,12,No,No phone service,DSL,No,No,No,No,Yes,Yes,Month-to-month,No,Electronic check,61.16,738.71,Yes
CUST-4509,Male,0,No,No,12,Yes,Yes,DSL,No,No,Yes,No,No,No,Month-to-month,Yes,Electronic check,51.77,611.65,Yes
CUST-4510,Male,0,No,No,36,Yes,Yes,DSL,No,Yes,No,No,No,No,Month-to-month,No,Electronic check,44.02,1588.48,No
CUST-4511,Male,0,No,No,29,Yes,No,Fiber optic,Yes,Yes,Yes,Yes,No,No,Month-to-month,No,Electronic check,90.52,2617.67,Yes
CUST-4512,Female,0,No,No,11,Yes,No,No,No internet service,No internet service,No internet service,No internet service,No internet service,No internet service,Month-to-month,Yes,Bank transfer (automatic),26.48,295.76,No
CUST-4513,Female,0,No,No,53,No,No phone service,DSL,No,No,Yes,No,Yes,No,Month-to-month,No,Bank transfer (automatic),62.33,3303.59,No
CUST-4514,Female,0,Yes,No,70,No,No phone service,Fiber optic,No,Yes,No,No,Yes,Yes,Month-to-month,No,Bank transfer (automatic),87.96,6166.76,Yes
CUST-4515,Female,0,No,No,47,Yes,No,DSL,Yes,No,No,No,Yes,No,Two year,Yes,Bank transfer (automatic),58.7,2757.55,No
CUST-4516,Male,1,Yes,No,33,Yes,Yes,DSL,Yes,No,No,No,No,Yes,Month-to-month,Yes,Electronic check,54.04,1788.3,Yes
CUST-4517,Male,1,No,No,67,Yes,Yes,Fiber optic,Yes,Yes,No,No,Yes,Yes,One year,Yes,Mailed check,85.31,5706.6,Yes
CUST-4518,Male,0,Yes,Yes,43,Yes,No,Fiber optic,No,Yes,Yes,Yes,Yes,Yes,Month-to-month,Yes,Electronic check,101.65,4379.66,Yes
CUST-4519,Male,1,Yes,No,18,Yes,No,No,No internet service,No internet service,No internet service,No internet service,No internet service,No internet service,Month-to-month,Yes,Bank transfer (automatic),23.74,428.57,No
CUST-4520,Male,0,Yes,Yes,53,Yes,No,DSL,No,No,No,No,No,Yes,Month-to-month,No,Credit card (automatic),52.16,2760.76,No
CUST-4521,Male,0,Yes,No,39,Yes,Yes,Fiber optic,Yes,Yes,No,Yes,No,No,Two year,Yes,Credit card (automatic),81.69,3178.45,No
CUST-4522,Male,0,Yes,No,72,Yes,Yes,Fiber optic,No,Yes,No,No,Yes,Yes,Month-to-month,No,Mailed check,92.7,6677.22,Yes
CUST-4523,Male,0,No,No,34,No,No phone service,DSL,Yes,No,No,Yes,No,No,Month-to-month,Yes,Bank transfer (automatic),63.69,2170.39,Yes
CUST-4524,Male,0,No,No,37,Yes,No,No,No internet service,No internet service,No internet service,No internet service,No internet service,No internet service,Month-to-month,Yes,Credit card (automatic),19.47,712.1,No
CUST-4525,Male,0,No,No,41,Yes,Yes,Fiber optic,No,Yes,No,Yes,Yes,No,One year,Yes,Mailed check,112.28,4596.77,No
CUST-4526,Female,0,No,Yes,49,Yes,Yes,DSL,Yes,No,Yes,No,No,No,Two year,No,Credit card (automatic),54.27,2656.94,No
CUST-4527,Female,0,Yes,Yes,10,Yes,Yes,Fiber optic,No,Yes,Yes,No,No,No,Month-to-month,No,Mailed check,81.09,817.94,Yes
CUST-4528,Female,0,No,No,40,Yes,No,DSL,No,No,No,No,Yes,No,One year,Yes,Electronic check,60.19,2417.26,No
CUST-4529,Male,0,Yes,No,18,Yes,Yes,Fiber optic,No,Yes,No,Yes,Yes,Yes,Month-to-month,Yes,Credit card (automatic),112.37,2027.56,No
CUST-4530,Male,1,No,Yes,25,Yes,Yes,Fiber optic,No,No,No,No,No,No,Two year,No,Electronic check,71.05,1766.36,No
CUST-4531,Female,0,Yes,Yes,41,Yes,No,DSL,Yes,No,No,No,No,Yes,One year,Yes,Bank transfer (automatic),46.4,1910.47,No
CUST-4532,Male,0,Yes,No,36,Yes,Yes,Fiber optic,Yes,No,No,Yes,No,No,Month-to-month,No,Electronic check,89.52,3213.25,Yes
CUST-4533,Male,0,Yes,No,2,Yes,No,Fiber optic,No,No,No,No,No,No,Month-to-month,Yes,Credit card (automatic),77.72,163.38,Yes
CUST-4534,Male,0,Yes,No,49,Yes,No,No,No internet service,No internet service,No internet service,No internet service,No internet service,No internet service,Month-to-month,No,Electronic check,26.27,1285.44,Yes
CUST-4535,Male,0,Yes,No,67,Yes,No,DSL,No,Yes,No,No,No,No,One year,No,Electronic check,49.75,3338.09,No
CUST-4536,Male,0,Yes,Yes,53,Yes,Yes,Fiber optic,No,Yes,Yes,No,Yes,No,Month-to-month,Yes,Mailed check,98.74,5224.96,Yes
CUST-4537,Male,1,No,No,19,Yes,No,Fiber optic,No,No,Yes,Yes,No,No,One year,No,Mailed check,100.33,1899.57,No
CUST-4538,Female,0,No,Yes,26,Yes,Yes,DSL,No,No,No,No,Yes,No,One year,No,Credit card (automatic),59.12,1536.14,No
CUST-4539,Male,1,Yes,No,54,Yes,Yes,DSL,Yes,Yes,No,Yes,No,No,Month-to-month,Yes,Bank transfer (automatic),71.76,3865.81,No
CUST-4540,Male,0,Yes,No,51,Yes,No,No,No internet service,No internet service,No internet service,No internet service,No internet service,No internet service,One year,No,Electronic check,20.63,1049.93,No
CUST-4541,Female,0,No,No,25,Yes,No,Fiber optic,No,No,No,No,No,Yes,Two year,No,Mailed check,80.1,2007.54,No
CUST-4542,Male,0,Yes,No,17,Yes,Yes,DSL,Yes,Yes,No,No,No,No,Month-to-month,Yes,Bank transfer (automatic),44.66,762.31,No
CUST-4543,Male,0,No,No,61,Yes,Yes,No,No internet service,No internet service,No internet service,No internet service,No internet service,No internet service,Two year,Yes,Mailed check,26.18,1594.02,No
CUST-4544,Female,0,Yes,No,46,Yes,Yes,DSL,Yes,No,Yes,No,Yes,Yes,Month-to-month,Yes,Credit card (automatic),62.29,2855.52,No
CUST-4545,Male,0,No,No,55,Yes,No,Fiber optic,No,Yes,No,No,Yes,Yes,Month-to-month,Yes,Mailed check,95.54,5250.09,Yes
CUST-4546,Male,0,No,No,50,Yes,No,Fiber optic,No,Yes,No,No,Yes,No,Two year,Yes,Credit card (automatic),89.78,4494.52,No
CUST-4547,Male,0,No,No,11,Yes,No,Fiber optic,Yes,No,No,Yes,No,Yes,One year,No,Electronic check,89.36,979.77,Yes
CUST-4548,Male,0,No,No,12,Yes,No,DSL,Yes,Yes,No,Yes,Yes,No,One year,No,Credit card (automatic),80.0,957.55,Yes
CUST-4549,Female,0,Yes,Yes,40,Yes,No,Fiber optic,No,No,No,No,Yes,Yes,Month-to-month,No,Electronic check,93.74,3741.08,No
CUST-4550,Female,1,Yes,No,48,Yes,Yes,Fiber optic,No,No,Yes,No,No,Yes,Month-to-month,Yes,Credit card (automatic),74.99,3601.55,No
CUST-4551,Male,0,No,No,56,Yes,Yes,Fiber optic,No,Yes,No,No,Yes,No,Month-to-month,Yes,Bank transfer (automatic),93.01,5211.0,Yes
CUST-4552,Female,0,No,No,8,Yes,No,Fiber optic,No,Yes,No,No,Yes,No,One year,Yes,Credit card (automatic),90.04,718.94,No
CUST-4553,Female,0,Yes,No,14,Yes,Yes,DSL,Yes,Yes,No,No,No,Yes,One year,No,Electronic check,43.93,620.23,No
CUST-4554,Male,0,No,No,56,Yes,No,Fiber optic,No,No,No,No,No,Yes,Month-to-month,Yes,Bank transfer (automatic),76.62,4298.26,Yes
CUST-4555,Female,0,Yes,No,54,Yes,Yes,Fiber optic,No,Yes,No,Yes,Yes,Yes,Month-to-month,Yes,Credit card (automatic),107.09,5787.87,Yes
CUST-4556,Male,0,Yes,Yes,17,No,No phone service,No,No internet service,No internet service,No internet service,No internet service,No internet service,No internet service,One year,No,Bank transfer (automatic),18.5,315.39,No
CUST-4557,Male,0,No,No,45,Yes,No,DSL,No,No,No,Yes,Yes,Yes,Two year,No,Bank transfer (automatic),78.38,3535.81,No
CUST-4558,Male,0,Yes,No,5,Yes,Yes,DSL,No,Yes,No,Yes,No,Yes,Month-to-month,No,Bank transfer (automatic),68.55,340.39,Yes
CUST-4559,Male,0,No,No,3,Yes,Yes,DSL,No,No,Yes,No,No,Yes,One year,Yes,Electronic check,50.67,155.1,Yes
CUST-4560,Male,0,Yes,No,9,Yes,No,Fiber optic,No,Yes,No,No,Yes,No,One year,Yes,Electronic check,92.07,830.13,No
CUST-4561,Female,1,Yes,No,20,Yes,Yes,DSL,Yes,Yes,No,No,Yes,No,Month-to-month,Yes,Electronic check,62.95,1265.83,No
CUST-4562,Male,0,No,Yes,21,Yes,No,Fiber optic,Yes,No,No,No,Yes,No,Month-to-month,No,Credit card (automatic),86.68,1820.27,No
CUST-4563,Male,1,No,No,33,No,No phone service,No,No internet service,No internet service,No internet service,No internet service,No internet service,No internet service,One year,Yes,Electronic check,21.64,715.19,No
CUST-4564,Male,0,Yes,Yes,5,Yes,Yes,DSL,No,No,No,No,Yes,No,One year,No,Electronic check,49.83,248.23,Yes
CUST-4565,Female,0,Yes,No,24,Yes,No,DSL,No,Yes,No,No,Yes,No,One year,Yes,Credit card (automatic),67.47,1612.09,No
CUST-4566,Female,1,Yes,No,63,Yes,Yes,Fiber optic,No,No,No,Yes,No,No,Month-to-month,No,Bank transfer (automatic),95.17,6003.44,No
CUST-4567,Female,1,Yes,No,26,Yes,No,DSL,Yes,No,Yes,No,Yes,No,Month-to-month,Yes,Bank transfer (automatic),68.58,1790.32,No
CUST-4568,Female,0,No,No,33,Yes,No,DSL,Yes,No,No,Yes,Yes,Yes,Month-to-month,Yes,Mailed check,80.04,2645.37,Yes
CUST-4569,Female,0,No,No,18,Yes,No,DSL,No,No,No,Yes,No,No,Month-to-month,Yes,Bank transfer (automatic),70.56,1267.04,No
CUST-4570,Male,0,Yes,Yes,18,Yes,No,DSL,No,No,No,No,No,Yes,Month-to-month,Yes,Bank transfer (automatic),55.47,995.56,No
CUST-4571,Female,0,Yes,No,38,Yes,Yes,DSL,No,No,Yes,No,Yes,Yes,Month-to-month,No,Electronic check,57.54,2177.24,No
CUST-4572,Female,0,No,Yes,33,Yes,No,Fiber optic,Yes,Yes,No,No,Yes,Yes,One year,Yes,Bank transfer (automatic),88.06,2897.53,Yes
CUST-4573,Female,0,No,No,27,Yes,No,Fiber optic,No,Yes,No,No,No,Yes,Month-to-month,Yes,Mailed check,75.5,2038.78,No
CUST-4574,Female,1,No,Yes,49,Yes,No,Fiber optic,No,Yes,Yes,No,No,Yes,Month-to-month,No,Electronic check,75.88,3709.12,No
CUST-4575,Male,0,No,No,50,Yes,No,DSL,No,No,No,No,No,No,Two year,Yes,Mailed check,52.7,2626.98,No
CUST-4576,Male,0,Yes,No,15,Yes,Yes,Fiber optic,No,No,Yes,No,No,Yes,One year,Yes,Credit card (automatic),77.59,1158.87,Yes
CUST-4577,Male,0,No,No,52,Yes,No,DSL,No,No,No,Yes,No,No,Month-to-month,Yes,Credit card (automatic),65.82,3420.11,No
CUST-4578,Female,0,No,Yes,68,Yes,Yes,No,No internet service,No internet service,No internet service,No internet service,No internet service,No internet service,Two year,No,Credit card (automatic),23.21,1578.07,No
CUST-4579,Male,0,No,No,19,Yes,No,Fiber optic,Yes,Yes,Yes,Yes,Yes,No,Month-to-month,Yes,Bank transfer (automatic),104.11,1974.58,Yes
CUST-4580,Male,0,Yes,No,25,Yes,Yes,DSL,Yes,No,No,No,Yes,No,Month-to-month,Yes,Bank transfer (automatic),71.92,1806.81,No
CUST-4581,Female,0,Yes,No,25,Yes,Yes,DSL,Yes,Yes,No,Yes,No,No,Month-to-month,No,Electronic check,74.23,1864.77,Yes
CUST-4582,Male,1,Yes,Yes,33,Yes,No,DSL,No,Yes,Yes,No,No,No,Two year,Yes,Electronic check,56.34,1850.34,No
CUST-4583,Female,0,No,No,60,Yes,No,DSL,No,No,No,Yes,No,No,One year,Yes,Electronic check,68.64,4128.11,No
CUST-4584,Male,0,Yes,No,37,Yes,No,Fiber optic,No,No,No,Yes,No,Yes,One year,No,Electronic check,91.81,3390.43,No
CUST-4585,Male,0,Yes,Yes,43,Yes,No,DSL,Yes,No,No,No,Yes,No,Month-to-month,Yes,Bank transfer (automatic),64.79,2782.6,No
CUST-4586,Male,1,No,No,9,Yes,No,No,No internet service,No internet service,No internet service,No internet service,No internet service,No internet service,One year,Yes,Credit card (automatic),23.36,216.98,No
CUST-4587,Female,0,Yes,No,14,Yes,No,DSL,No,No,No,No,No,No,Month-to-month,No,Credit card (automatic),51.29,721.81,Yes
CUST-4588,Male,0,Yes,No,3,Yes,Yes,Fiber optic,No,Yes,No,Yes,Yes,No,Two year,No,Bank transfer (automatic),110.45,322.51,Yes
CUST-4589,Male,0,Yes,Yes,69,Yes,No,DSL,No,Yes,No,No,No,Yes,Month-to-month,Yes,Bank transfer (automatic),47.82,3305.07,Yes
CUST-4590,Female,1,Yes,Yes,56,Yes,No,DSL,No,No,No,No,Yes,No,Month-to-month,Yes,Electronic check,70.62,3957.98,No
CUST-4591,Male,0,Yes,Yes,26,Yes,No,No,No internet service,No internet service,No internet service,No internet service,No internet service,No internet service,Two year,Yes,Credit card (automatic),21.97,580.23,No
CUST-4592,Female,0,No,No,53,Yes,No,Fiber optic,No,No,Yes,Yes,No,No,Month-to-month,Yes,Bank transfer (automatic),92.91,4932.43,No
CUST-4593,Female,1,No,No,41,Yes,No,Fiber optic,Yes,Yes,Yes,No,No,Yes,Month-to-month,Yes,Mailed check,73.78,3034.48,No
CUST-4594,Male,0,Yes,No,21,Yes,Yes,Fiber optic,No,Yes,Yes,No,No,No,Month-to-month,Yes,Electronic check,74.76,1569.06,Yes
CUST-4595,Female,0,Yes,No,39,Yes,No,No,No internet service,No internet service,No internet service,No internet service,No internet service,No internet service,Two year,Yes,Credit card (automatic),24.02,940.91,No
CUST-4596,Male,0,No,Yes,23,Yes,No,Fiber optic,Yes,Yes,No,No,No,No,Month-to-month,No,Mailed check,82.09,1897.31,No
CUST-4597,Female,0,Yes,Yes,58,No,No phone service,DSL,Yes,No,No,No,Yes,Yes,Month-to-month,Yes,Credit card (automatic),55.6,3214.84,No
CUST-4598,Male,0,Yes,No,69,Yes,No,DSL,No,Yes,No,No,Yes,Yes,Month-to-month,Yes,Electronic check,64.91,4484.57,No
CUST-4599,Female,0,No,Yes,29,Yes,Yes,Fiber optic,No,Yes,Yes,Yes,Yes,No,Month-to-month,No,Electronic check,97.85,2828.73,No
CUST-4600,Male,0,Yes,No,62,Yes,No,Fiber optic,No,Yes,No,No,No,Yes,Two year,Yes,Mailed check,73.65,4576.28,No
CUST-4601,Female,0,Yes,No,53,No,No phone service,Fiber optic,No,Yes,Yes,Yes,Yes,No,Two year,No,Electronic check,108.98,5766.22,Yes
CUST-4602,Male,1,Yes,Yes,45,Yes,No,DSL,Yes,No,Yes,No,Yes,No,Two year,Yes,Electronic check,68.67,3091.24,No
CUST-4603,Male,0,No,No,27,Yes,No,No,No internet service,No internet service,No internet service,No internet service,No internet service,No internet service,Month-to-month,Yes,Bank transfer (automatic),27.04,730.5,No
CUST-4604,Male,0,Yes,No,34,Yes,No,Fiber optic,Yes,Yes,Yes,No,Yes,No,One year,No,Electronic check,91.13,3094.51,No
CUST-4605,Male,0,Yes,No,14,Yes,Yes,Fiber optic,Yes,No,No,Yes,Yes,Yes,One year,Yes,Bank transfer (automatic),96.52,1355.93,No
CUST-4606,Female,0,Yes,No,41,Yes,No,DSL,No,Yes,No,No,No,No,Month-to-month,Yes,Bank transfer (automatic),50.89,2081.63,Yes
CUST-4607,Male,0,No,Yes,60,Yes,No,No,No internet service,No internet service,No internet service,No internet service,No internet service,No internet service,Two year,No,Electronic check,25.74,1540.22,No
CUST-4608,Female,0,Yes,No,42,Yes,Yes,Fiber optic,No,Yes,No,Yes,Yes,No,Two year,Yes,Mailed check,110.08,4616.97,No
CUST-4609,Female,1,Yes,No,51,Yes,Yes,Fiber optic,No,No,No,No,Yes,No,Month-to-month,Yes,Electronic check,93.63,4779.41,No
CUST-4610,Female,0,No,No,11,Yes,Yes,No,No internet service,No internet service,No internet service,No internet service,No internet service,No internet service,Two year,No,Mailed check,18.64,198.44,Yes
CUST-4611,Male,1,No,Yes,35,Yes,No,No,No internet service,No internet service,No internet service,No internet service,No internet service,No internet service,Two year,No,Electronic check,26.59,938.6,No
CUST-4612,Male,1,Yes,No,19,Yes,No,DSL,Yes,No,No,No,No,Yes,One year,Yes,Electronic check,50.68,958.68,Yes
CUST-4613,Female,0,Yes,No,65,Yes,No,No,No internet service,No internet service,No internet service,No internet service,No internet service,No internet service,Two year,No,Electronic check,18.5,1202.87,No
CUST-4614,Male,0,No,No,61,Yes,No,Fiber optic,No,No,Yes,No,No,Yes,Month-to-month,Yes,Electronic check,72.27,4407.97,No
CUST-4615,Male,1,No,No,47,Yes,No,DSL,Yes,No,Yes,No,No,No,One year,Yes,Bank transfer (automatic),52.0,2448.05,No
CUST-4616,Female,1,Yes,No,14,Yes,No,DSL,Yes,No,No,No,Yes,No,One year,Yes,Electronic check,59.53,828.1,No
CUST-4617,Female,0,Yes,No,67,No,No phone service,DSL,No,Yes,Yes,No,Yes,No,Month-to-month,Yes,Bank transfer (automatic),62.21,4174.84,No
CUST-4618,Female,0,Yes,No,52,Yes,Yes,Fiber optic,No,No,No,Yes,No,No,Month-to-month,Yes,Credit card (automatic),85.41,4446.08,Yes
CUST-4619,Male,0,Yes,Yes,32,Yes,Yes,Fiber optic,No,No,Yes,No,No,Yes,Two year,No,Credit card (automatic),76.85,2456.05,No
CUST-4620,Female,1,No,No,10,Yes,No,DSL,Yes,No,No,Yes,No,Yes,Two year,Yes,Mailed check,61.7,609.41,No
CUST-4621,Male,0,Yes,No,17,Yes,Yes,Fiber optic,No,Yes,Yes,No,No,No,Two year,No,Credit card (automatic),78.17,1328.99,No
CUST-4622,Male,0,No,No,40,Yes,Yes,Fiber optic,No,Yes,No,No,Yes,No,Month-to-month,No,Mailed check,90.17,3616.41,Yes
CUST-4623,Female,1,No,No,68,Yes,Yes,Fiber optic,No,Yes,No,No,No,No,Month-to-month,No,Mailed check,64.52,4377.85,Yes
CUST-4624,Male,0,Yes,No,63,Yes,Yes,No,No internet service,No internet service,No internet service,No internet service,No internet service,No internet service,One year,Yes,Mailed check,19.76,1251.78,Yes
CUST-4625,Male,0,Yes,No,15,Yes,Yes,Fiber optic,No,No,No,No,No,Yes,Two year,No,Bank transfer (automatic),70.27,1058.05,No
CUST-4626,Male,0,No,Yes,39,Yes,No,DSL,Yes,No,No,No,Yes,Yes,One year,Yes,Bank transfer (automatic),67.79,2637.47,No
CUST-4627,Female,1,Yes,Yes,57,Yes,Yes,Fiber optic,No,No,Yes,No,No,No,Month-to-month,Yes,Credit card (automatic),72.72,4144.57,Yes
CUST-4628,Female,0,No,No,10,Yes,Yes,No,No internet service,No internet service,No internet service,No internet service,No internet service,No internet service,One year,Yes,Bank transfer (automatic),24.78,250.35,Yes
CUST-4629,Female,0,No,No,71,Yes,Yes,DSL,No,No,No,Yes,No,Yes,Month-to-month,Yes,Credit card (automatic),71.26,5063.39,No
CUST-4630,Female,0,Yes,No,17,No,No phone service,No,No internet service,No internet service,No internet service,No internet service,No internet service,No internet service,One year,Yes,Bank transfer (automatic),18.5,322.93,No
CUST-4631,Male,0,Yes,No,17,Yes,No,DSL,No,No,Yes,No,No,No,Month-to-month,Yes,Credit card (automatic),54.84,939.74,No
CUST-4632,Male,0,Yes,No,16,Yes,No,Fiber optic,No,No,Yes,Yes,No,No,Month-to-month,Yes,Bank transfer (automatic),85.74,1368.41,Yes
CUST-4633,Male,0,No,No,3,No,No phone service,Fiber optic,Yes,No,Yes,Yes,No,Yes,One year,No,Bank transfer (automatic),89.52,260.96,Yes
CUST-4634,Male,0,No,Yes,51,Yes,No,Fiber optic,Yes,No,No,No,No,No,Month-to-month,No,Credit card (automatic),74.01,3766.6,No
CUST-4635,Male,0,No,No,46,Yes,No,Fiber optic,No,No,Yes,Yes,No,Yes,Month-to-month,Yes,Bank transfer (automatic),87.49,4033.91,Yes
CUST-4636,Female,0,No,No,55,Yes,Yes,Fiber optic,No,Yes,Yes,No,No,No,Month-to-month,Yes,Electronic check,76.82,4234.22,Yes
CUST-4637,Male,0,Yes,No,26,Yes,Yes,Fiber optic,Yes,No,No,Yes,No,Yes,Month-to-month,No,Electronic check,96.01,2502.65,Yes
CUST-4638,Male,0,No,No,31,Yes,Yes,Fiber optic,No,No,No,No,Yes,Yes,Month-to-month,No,Electronic check,92.32,2871.53,Yes
CUST-4639,Male,0,No,No,72,Yes,No,Fiber optic,No,Yes,No,No,Yes,No,Month-to-month,Yes,Credit card (automatic),89.62,6448.12,Yes
CUST-4640,Male,0,No,No,19,Yes,No,Fiber optic,Yes,No,No,No,No,No,Month-to-month,No,Electronic check,68.25,1303.26,No
CUST-4641,Female,0,Yes,No,68,Yes,Yes,Fiber optic,No,No,No,No,No,No,Month-to-month,No,Electronic check,62.45,4246.64,No
CUST-4642,Male,0,No,No,15,Yes,Yes,DSL,Yes,Yes,Yes,No,No,No,Month-to-month,Yes,Electronic check,48.43,732.43,No
CUST-4643,Male,0,No,No,58,Yes,No,Fiber optic,No,Yes,Yes,No,No,No,Month-to-month,No,Electronic check,66.79,3876.04,Yes
CUST-4644,Female,0,No,No,30,Yes,Yes,DSL,No,No,No,Yes,Yes,No,Month-to-month,No,Credit card (automatic),74.36,2237.72,No
CUST-4645,Male,0,No,No,48,Yes,No,Fiber optic,Yes,No,Yes,Yes,No,No,Month-to-month,No,Electronic check,91.14,4372.67,No
CUST-4646,Male,0,No,Yes,56,Yes,No,DSL,Yes,No,No,No,No,Yes,Two year,No,Bank transfer (automatic),44.46,2499.54,No
CUST-4647,Male,0,No,No,42,Yes,No,Fiber optic,No,No,Yes,No,No,No,Two year,Yes,Electronic check,71.61,3002.0,No
CUST-4648,Female,0,No,Yes,24,Yes,No,DSL,No,Yes,Yes,No,No,No,Two year,No,Mailed check,51.24,1233.21,No
CUST-4649,Female,0,No,No,52,Yes,Yes,DSL,No,Yes,Yes,Yes,Yes,No,Month-to-month,No,Electronic check,81.3,4233.65,Yes
CUST-4650,Female,0,Yes,No,43,Yes,No,Fiber optic,Yes,No,No,No,Yes,No,Month-to-month,Yes,Electronic check,88.08,3789.16,Yes
CUST-4651,Male,0,Yes,Yes,34,No,No phone service,DSL,No,No,No,No,No,Yes,Month-to-month,No,Bank transfer (automatic),42.34,1435.37,No
CUST-4652,Female,0,Yes,No,60,Yes,No,DSL,No,No,Yes,No,No,No,One year,No,Mailed check,47.92,2876.43,No
CUST-4653,Male,0,No,No,3,Yes,Yes,DSL,Yes,Yes,Yes,Yes,No,Yes,Month-to-month,No,Mailed check,65.7,197.19,Yes
CUST-4654,Male,0,No,No,68,Yes,No,No,No internet service,No internet service,No internet service,No internet service,No internet service,No internet service,One year,Yes,Electronic check,20.15,1364.0,No
CUST-4655,Male,0,No,No,11,Yes,No,DSL,No,No,Yes,Yes,No,No,One year,No,Bank transfer (automatic),70.14,776.8,No
CUST-4656,Male,0,Yes,No,13,No,No phone service,No,No internet service,No internet service,No internet service,No internet service,No internet service,No internet service,Two year,No,Credit card (automatic),18.5,235.84,No
CUST-4657,Female,0,Yes,No,50,No,No phone service,Fiber optic,Yes,Yes,No,Yes,No,Yes,Two year,Yes,Electronic check,83.15,4164.14,Yes
CUST-4658,Female,0,Yes,No,19,Yes,Yes,DSL,No,No,Yes,Yes,No,No,Two year,No,Mailed check,63.41,1199.08,No
CUST-4659,Female,1,Yes,No,44,Yes,No,Fiber optic,Yes,No,Yes,Yes,Yes,No,Month-to-month,No,Electronic check,103.15,4538.65,Yes
CUST-4660,Female,0,No,Yes,33,Yes,Yes,No,No internet service,No internet service,No internet service,No internet service,No internet service,No internet service,Two year,Yes,Credit card (automatic),20.57,682.71,No
CUST-4661,Female,0,Yes,No,38,Yes,No,Fiber optic,Yes,No,Yes,Yes,Yes,No,One year,Yes,Electronic check,111.7,4254.52,Yes
CUST-4662,Male,0,No,No,3,Yes,Yes,DSL,Yes,No,No,Yes,No,Yes,One year,Yes,Credit card (automatic),59.52,173.98,No
CUST-4663,Male,0,No,No,65,Yes,No,Fiber optic,Yes,Yes,No,Yes,No,Yes,Month-to-month,No,Credit card (automatic),91.68,5961.91,No
CUST-4664,Female,0,Yes,Yes,35,Yes,Yes,Fiber optic,No,No,Yes,No,Yes,Yes,Month-to-month,Yes,Electronic check,92.09,3216.22,No
CUST-4665,Male,0,No,No,36,Yes,Yes,Fiber optic,No,Yes,No,Yes,Yes,Yes,One year,No,Mailed check,103.89,3746.43,No
CUST-4666,Female,0,Yes,No,38,No,No phone service,No,No internet service,No internet service,No internet service,No internet service,No internet service,No internet service,Month-to-month,No,Bank transfer (automatic),20.31,779.01,No
CUST-4667,Male,0,Yes,No,39,Yes,No,DSL,No,Yes,Yes,No,Yes,No,Month-to-month,Yes,Bank transfer (automatic),64.78,2534.18,Yes
CUST-4668,Male,0,No,No,25,Yes,No,DSL,No,No,No,Yes,Yes,Yes,Month-to-month,Yes,Bank transfer (automatic),80.18,2013.41,No
CUST-4669,Male,0,No,No,64,Yes,No,DSL,Yes,Yes,No,No,Yes,Yes,Month-to-month,No,Mailed check,75.58,4834.23,No
CUST-4670,Male,1,Yes,No,13,Yes,No,No,No internet service,No internet service,No internet service,No internet service,No internet service,No internet service,Month-to-month,Yes,Credit card (automatic),22.59,297.0,No
CUST-4671,Male,0,Yes,No,68,Yes,No,Fiber optic,Yes,Yes,No,No,Yes,No,Month-to-month,Yes,Electronic check,85.14,5785.83,No
CUST-4672,Female,0,Yes,No,70,Yes,No,Fiber optic,No,No,Yes,Yes,No,No,Month-to-month,No,Electronic check,90.39,6333.38,No
CUST-4673,Male,0,Yes,No,1,Yes,Yes,DSL,No,Yes,Yes,No,No,Yes,Month-to-month,No,Credit card (automatic),62.66,62.66,Yes
CUST-4674,Female,0,No,Yes,72,Yes,Yes,Fiber optic,No,No,No,No,No,Yes,Month-to-month,Yes,Bank transfer (automatic),74.15,5339.9,Yes
CUST-4675,Male,0,No,No,54,Yes,Yes,DSL,No,No,No,Yes,No,No,Two year,No,Bank transfer (automatic),49.43,2661.88,No
CUST-4676,Male,0,Yes,No,9,No,No phone service,No,No internet service,No internet service,No internet service,No internet service,No internet service,No internet service,Month-to-month,Yes,Credit card (automatic),18.5,173.51,No
CUST-4677,Male,0,No,No,36,Yes,Yes,Fiber optic,No,Yes,No,Yes,Yes,Yes,One year,No,Mailed check,103.94,3741.5,No
CUST-4678,Female,0,Yes,No,37,Yes,Yes,Fiber optic,Yes,Yes,No,No,No,No,Month-to-month,No,Mailed check,74.11,2744.88,No
CUST-4679,Male,0,Yes,No,59,Yes,No,DSL,No,No,Yes,No,No,No,Month-to-month,Yes,Credit card (automatic),57.62,3402.97,No
CUST-4680,Female,0,No,Yes,21,Yes,No,Fiber optic,Yes,Yes,No,Yes,No,No,Month-to-month,No,Mailed check,92.38,1935.47,No
CUST-4681,Male,0,No,No,20,Yes,No,DSL,No,Yes,No,No,Yes,Yes,Two year,No,Electronic check,62.34,1252.7,No
CUST-4682,Female,0,No,No,1,Yes,No,DSL,No,Yes,No,No,No,No,Month-to-month,Yes,Electronic check,52.06,58.72,No
CUST-4683,Male,0,No,Yes,59,Yes,Yes,DSL,Yes,No,Yes,No,Yes,No,Month-to-month,Yes,Credit card (automatic),63.68,3757.44,No
CUST-4684,Female,0,No,Yes,28,Yes,Yes,Fiber optic,No,Yes,Yes,No,Yes,No,One year,No,Electronic check,88.77,2493.61,No
CUST-4685,Female,0,Yes,Yes,71,Yes,No,DSL,No,No,No,Yes,No,Yes,One year,Yes,Bank transfer (automatic),72.1,5112.32,No
CUST-4686,Female,0,No,No,56,Yes,No,DSL,Yes,No,No,No,No,No,One year,Yes,Electronic check,58.29,3262.53,No
CUST-4687,Male,0,No,Yes,9,Yes,No,Fiber optic,Yes,No,Yes,Yes,No,No,Month-to-month,Yes,Bank transfer (automatic),92.71,825.28,Yes
CUST-4688,Male,0,Yes,No,65,Yes,No,DSL,No,Yes,No,No,Yes,Yes,One year,Yes,Mailed check,61.96,4025.37,No
CUST-4689,Male,0,No,No,36,Yes,Yes,Fiber optic,Yes,No,Yes,No,No,No,Two year,Yes,Bank transfer (automatic),83.3,3008.74,No
CUST-4690,Female,0,No,No,34,Yes,Yes,Fiber optic,No,No,Yes,No,No,Yes,Two year,No,Electronic check,77.31,2627.8,Yes
CUST-4691,Female,0,Yes,No,32,Yes,Yes,DSL,Yes,No,Yes,No,Yes,No,Month-to-month,No,Electronic check,66.01,2110.7,Yes
CUST-4692,Female,0,No,No,66,Yes,Yes,DSL,No,Yes,No,Yes,No,No,Month-to-month,Yes,Electronic check,61.56,4066.72,Yes
CUST-4693,Male,0,Yes,No,25,No,No phone service,Fiber optic,No,Yes,No,Yes,Yes,Yes,Month-to-month,Yes,Credit card (automatic),104.25,2597.22,No
CUST-4694,Male,0,No,No,51,Yes,No,DSL,No,No,No,No,No,No,One year,No,Bank transfer (automatic),61.44,3130.52,No
CUST-4695,Male,0,Yes,No,63,Yes,Yes,Fiber optic,No,No,No,No,Yes,No,Month-to-month,No,Electronic check,80.42,5067.12,Yes
CUST-4696,Female,1,No,No,45,Yes,No,DSL,No,No,No,No,No,No,Month-to-month,No,Credit card (automatic),64.13,2885.53,No
CUST-4697,Female,0,Yes,No,26,Yes,Yes,No,No internet service,No internet service,No internet service,No internet service,No internet service,No internet service,Month-to-month,Yes,Credit card (automatic),28.39,740.99,No
CUST-4698,Female,0,Yes,Yes,21,Yes,No,DSL,Yes,No,No,Yes,No,Yes,Month-to-month,Yes,Electronic check,72.37,1512.55,No
CUST-4699,Male,0,Yes,No,51,Yes,No,Fiber optic,No,Yes,No,No,Yes,No,Month-to-month,No,Bank transfer (automatic),92.1,4695.15,Yes
CUST-4700,Female,1,No,No,24,Yes,No,Fiber optic,No,No,No,No,No,Yes,Month-to-month,No,Electronic check,72.64,1746.03,No
CUST-4701,Female,0,No,No,12,Yes,Yes,DSL,No,No,Yes,No,No,Yes,Two year,No,Mailed check,47.47,565.67,Yes
CUST-4702,Male,0,No,No,11,Yes,No,DSL,Yes,Yes,Yes,No,No,No,Two year,No,Mailed check,43.59,481.75,Yes
CUST-4703,Female,0,No,No,27,Yes,No,DSL,No,Yes,Yes,No,Yes,Yes,Month-to-month,Yes,Bank transfer (automatic),63.56,1725.29,Yes
CUST-4704,Female,0,Yes,Yes,23,Yes,Yes,DSL,No,No,Yes,No,No,Yes,Month-to-month,Yes,Mailed check,48.96,1134.69,No
CUST-4705,Female,0,Yes,No,33,Yes,Yes,DSL,No,Yes,No,No,No,Yes,Month-to-month,Yes,Electronic check,52.5,1737.01,No
CUST-4706,Female,0,No,No,38,Yes,Yes,No,No internet service,No internet service,No internet service,No internet service,No internet service,No internet service,One year,Yes,Bank transfer (automatic),18.5,696.55,No
CUST-4707,Male,0,Yes,No,55,Yes,Yes,DSL,Yes,No,No,No,No,Yes,Month-to-month,No,Credit card (automatic),45.14,2488.38,Yes
CUST-4708,Male,0,No,No,70,Yes,Yes,DSL,No,No,Yes,Yes,No,Yes,Two year,No,Bank transfer (automatic),58.66,4105.13,No
CUST-4709,Female,0,No,No,42,Yes,No,Fiber optic,No,Yes,Yes,No,Yes,No,One year,Yes,Mailed check,91.7,3860.43,No
CUST-4710,Male,0,Yes,No,29,Yes,Yes,Fiber optic,No,Yes,Yes,No,Yes,No,Two year,Yes,Electronic check,93.35,2709.38,No
CUST-4711,Female,0,Yes,No,34,Yes,No,DSL,Yes,Yes,Yes,No,No,Yes,Month-to-month,No,Bank transfer (automatic),56.59,1918.41,No
CUST-4712,Female,0,No,No,57,Yes,No,Fiber optic,No,Yes,No,Yes,No,No,One year,Yes,Bank transfer (automatic),85.9,4892.55,No
CUST-4713,Female,0,Yes,No,3,Yes,No,Fiber optic,Yes,No,No,No,No,No,Month-to-month,No,Bank transfer (automatic),73.86,217.96,Yes
CUST-4714,Female,1,Yes,Yes,6,Yes,Yes,DSL,No,No,No,No,No,No,Month-to-month,No,Credit card (automatic),45.33,267.51,Yes
CUST-4715,Male,1,Yes,No,48,Yes,No,DSL,Yes,No,Yes,Yes,No,Yes,Two year,Yes,Bank transfer (automatic),60.71,2919.52,No
CUST-4716,Male,0,No,No,64,Yes,Yes,DSL,No,No,Yes,Yes,No,No,Month-to-month,Yes,Credit card (automatic),67.33,4305.85,No
CUST-4717,Male,0,No,Yes,13,Yes,Yes,DSL,No,No,Yes,No,No,No,Month-to-month,No,Electronic check,63.35,817.46,No
CUST-4718,Male,1,Yes,Yes,36,Yes,Yes,DSL,Yes,Yes,Yes,No,No,Yes,Month-to-month,No,Electronic check,47.35,1706.52,No
CUST-4719,Male,0,Yes,No,70,Yes,No,DSL,Yes,Yes,No,No,No,Yes,Month-to-month,Yes,Electronic check,41.62,2912.7,Yes
CUST-4720,Male,0,Yes,No,33,No,No phone service,Fiber optic,Yes,No,No,Yes,No,Yes,One year,Yes,Bank transfer (automatic),99.68,3279.88,No
CUST-4721,Female,0,No,No,57,Yes,No,Fiber optic,No,No,No,No,No,Yes,One year,Yes,Bank transfer (automatic),66.63,3793.49,No
CUST-4722,Female,0,Yes,No,55,Yes,Yes,Fiber optic,No,No,Yes,No,No,No,Two year,No,Mailed check,73.27,4020.61,No
CUST-4723,Male,0,Yes,No,13,Yes,No,Fiber optic,No,Yes,No,No,No,Yes,Two year,Yes,Electronic check,75.21,983.07,No
CUST-4724,Male,1,No,Yes,51,Yes,Yes,Fiber optic,No,No,No,Yes,Yes,No,Month-to-month,No,Credit card (automatic),109.91,5614.43,No
CUST-4725,Female,0,No,Yes,53,Yes,No,Fiber optic,No,No,No,No,Yes,Yes,Month-to-month,No,Mailed check,96.93,5137.29,Yes
CUST-4726,Male,0,No,Yes,36,Yes,No,Fiber optic,No,Yes,No,No,No,No,Month-to-month,Yes,Electronic check,73.76,2656.52,Yes
CUST-4727,Male,0,No,Yes,5,Yes,Yes,DSL,Yes,Yes,Yes,No,No,Yes,Month-to-month,Yes,Electronic check,59.61,304.95,No
CUST-4728,Male,0,Yes,Yes,25,No,No phone service,DSL,Yes,No,No,No,No,No,One year,Yes,Credit card (automatic),48.9,1212.88,No
CUST-4729,Female,0,Yes,No,37,No,No phone service,Fiber optic,Yes,No,No,No,Yes,No,One year,Yes,Electronic check,83.35,3077.2,No
CUST-4730,Male,0,Yes,No,19,Yes,Yes,DSL,No,No,No,No,No,No,Month-to-month,Yes,Mailed check,49.67,946.82,No
CUST-4731,Female,0,Yes,No,35,Yes,No,DSL,No,No,No,No,Yes,Yes,Two year,Yes,Bank transfer (automatic),63.69,2233.98,No
CUST-4732,Male,0,No,No,34,Yes,No,DSL,No,No,Yes,Yes,Yes,No,One year,Yes,Mailed check,77.69,2643.98,No
CUST-4733,Female,0,No,No,54,Yes,Yes,No,No internet service,No internet service,No internet service,No internet service,No internet service,No internet service,Month-to-month,Yes,Mailed check,24.84,1350.14,Yes
CUST-4734,Male,0,No,No,46,Yes,No,DSL,No,Yes,Yes,Yes,No,No,Month-to-month,Yes,Credit card (automatic),57.36,2636.41,No
CUST-4735,Male,1,Yes,No,6,No,No phone service,DSL,No,No,No,Yes,Yes,No,Two year,No,Credit card (automatic),82.93,498.68,No
CUST-4736,Female,0,No,No,1,Yes,Yes,DSL,No,No,Yes,No,No,No,Month-to-month,Yes,Mailed check,50.32,59.45,No
CUST-4737,Female,0,No,Yes,71,Yes,No,Fiber optic,No,Yes,Yes,No,Yes,No,Two year,No,Mailed check,84.43,6002.52,No
CUST-4738,Female,0,Yes,No,34,Yes,Yes,DSL,No,No,No,Yes,Yes,Yes,Month-to-month,Yes,Mailed check,80.77,2736.8,No
CUST-4739,Female,0,No,No,56,Yes,No,DSL,Yes,Yes,No,Yes,Yes,No,Month-to-month,Yes,Mailed check,87.62,4903.76,No
CUST-4740,Female,0,Yes,No,26,Yes,No,No,No internet service,No internet service,No internet service,No internet service,No internet service,No internet service,One year,No,Mailed check,23.14,606.42,No
CUST-4741,Female,0,Yes,No,42,Yes,No,Fiber optic,Yes,No,No,No,Yes,Yes,Month-to-month,Yes,Electronic check,87.14,3649.9,Yes
CUST-4742,Female,0,No,No,38,Yes,No,Fiber optic,No,Yes,No,No,No,No,Two year,No,Mailed check,79.22,3017.62,No
CUST-4743,Male,0,No,No,26,Yes,No,No,No internet service,No internet service,No internet service,No internet service,No internet service,No internet service,One year,No,Credit card (automatic),18.5,481.04,No
CUST-4744,Male,0,Yes,Yes,59,Yes,Yes,DSL,Yes,No,No,No,Yes,No,Two year,Yes,Electronic check,67.3,3962.43,No
CUST-4745,Male,0,Yes,No,24,Yes,Yes,Fiber optic,No,No,No,Yes,No,No,One year,Yes,Bank transfer (automatic),98.26,2357.09,No
CUST-4746,Female,0,No,Yes,21,Yes,Yes,DSL,No,Yes,Yes,No,Yes,No,Month-to-month,No,Mailed check,58.7,1232.55,Yes
CUST-4747,Male,0,No,No,60,Yes,Yes,Fiber optic,No,Yes,No,Yes,Yes,No,Month-to-month,No,Bank transfer (automatic),109.95,6594.34,Yes
CUST-4748,Male,0,No,Yes,20,Yes,No,DSL,No,No,No,No,Yes,No,Month-to-month,Yes,Mailed check,59.75,1194.09,No
CUST-4749,Female,0,Yes,No,6,Yes,Yes,DSL,Yes,No,Yes,No,No,No,Two year,No,Electronic check,49.78,306.51,No
CUST-4750,Female,0,Yes,Yes,67,Yes,Yes,DSL,No,Yes,Yes,No,Yes,No,Month-to-month,No,Credit card (automatic),57.33,3837.59,No
CUST-4751,Female,0,Yes,No,10,Yes,No,DSL,Yes,No,Yes,No,Yes,Yes,One year,No,Bank transfer (automatic),70.79,717.12,No
CUST-4752,Male,0,Yes,Yes,12,Yes,No,Fiber optic,Yes,No,No,Yes,Yes,Yes,Month-to-month,No,Mailed check,99.36,1196.06,Yes
CUST-4753,Female,0,Yes,Yes,22,Yes,No,Fiber optic,No,No,Yes,No,Yes,Yes,Month-to-month,Yes,Credit card (automatic),88.69,1959.1,No
CUST-4754,Male,1,Yes,No,62,Yes,Yes,Fiber optic,Yes,No,No,Yes,No,Yes,Month-to-month,No,Credit card (automatic),96.26,5962.3,No
CUST-4755,Male,1,No,Yes,61,Yes,Yes,DSL,Yes,No,No,No,No,No,One year,No,Mailed check,52.74,3216.98,No
CUST-4756,Male,0,Yes,Yes,17,Yes,No,DSL,Yes,Yes,Yes,No,No,Yes,Month-to-month,Yes,Mailed check,54.58,929.17,Yes
CUST-4757,Male,0,No,Yes,10,Yes,No,Fiber optic,No,No,No,No,Yes,No,Month-to-month,Yes,Bank transfer (automatic),95.13,943.01,No
CUST-4758,Male,0,Yes,No,12,Yes,Yes,Fiber optic,Yes,No,No,No,Yes,No,Month-to-month,Yes,Mailed check,92.02,1104.11,Yes
CUST-4759,Female,0,Yes,No,40,Yes,No,DSL,No,No,No,Yes,Yes,Yes,One year,Yes,Electronic check,89.69,3594.82,No
CUST-4760,Male,0,Yes,Yes,23,Yes,No,Fiber optic,No,Yes,No,No,No,Yes,Month-to-month,No,Mailed check,77.8,1780.44,Yes
CUST-4761,Female,0,No,Yes,40,Yes,No,Fiber optic,No,No,No,No,Yes,No,Month-to-month,Yes,Credit card (automatic),89.23,3572.05,Yes
CUST-4762,Female,0,Yes,No,50,Yes,Yes,DSL,No,Yes,No,No,Yes,Yes,Month-to-month,No,Bank transfer (automatic),63.5,3184.78,Yes
CUST-4763,Male,1,No,No,10,Yes,No,DSL,No,No,Yes,Yes,No,No,One year,Yes,Credit card (automatic),63.38,634.35,No
CUST-4764,Male,0,No,No,4,Yes,No,DSL,Yes,No,No,No,No,No,Month-to-month,Yes,Electronic check,49.69,194.83,Yes
CUST-4765,Male,0,No,No,1,Yes,No,No,No internet service,No internet service,No internet service,No internet service,No internet service,No internet service,Two year,Yes,Electronic check,24.68,26.38,Yes
CUST-4766,Female,0,Yes,No,43,Yes,No,DSL,No,Yes,Yes,Yes,Yes,No,Month-to-month,No,Electronic check,73.32,3153.59,No
CUST-4767,Male,0,No,No,5,Yes,No,DSL,No,Yes,No,No,No,No,One year,Yes,Credit card (automatic),40.44,194.3,Yes
CUST-4768,Male,0,No,No,34,Yes,No,No,No internet service,No internet service,No internet service,No internet service,No internet service,No internet service,Two year,No,Electronic check,18.5,623.29,No
CUST-4769,Male,0,Yes,No,66,No,No phone service,DSL,No,Yes,No,No,Yes,Yes,Month-to-month,No,Bank transfer (automatic),60.35,3986.49,Yes
CUST-4770,Female,0,No,No,24,Yes,No,Fiber optic,Yes,Yes,No,No,Yes,No,Month-to-month,Yes,Bank transfer (automatic),90.18,2166.17,Yes
CUST-4771,Female,0,No,No,14,Yes,No,DSL,Yes,Yes,Yes,Yes,Yes,No,Two year,Yes,Bank transfer (automatic),86.89,1213.35,No
CUST-4772,Male,0,No,No,41,Yes,No,No,No internet service,No internet service,No internet service,No internet service,No internet service,No internet service,Month-to-month,Yes,Bank transfer (automatic),20.05,831.62,No
CUST-4773,Female,0,No,No,42,Yes,No,Fiber optic,Yes,No,Yes,No,No,Yes,Month-to-month,No,Mailed check,76.32,3208.34,No
CUST-4774,Female,1,No,No,13,Yes,No,Fiber optic,No,No,Yes,Yes,No,Yes,Month-to-month,Yes,Electronic check,92.85,1201.67,Yes
CUST-4775,Female,0,No,No,29,Yes,No,DSL,Yes,No,No,Yes,No,No,Month-to-month,Yes,Bank transfer (automatic),68.7,1991.72,No
CUST-4776,Female,1,Yes,Yes,65,Yes,Yes,DSL,Yes,No,Yes,No,Yes,Yes,One year,No,Electronic check,71.65,4661.48,No
CUST-4777,Female,0,No,No,46,Yes,No,Fiber optic,No,No,No,No,No,No,Month-to-month,Yes,Electronic check,72.72,3348.56,Yes
CUST-4778,Female,0,No,No,34,Yes,No,DSL,No,No,No,No,No,No,Month-to-month,Yes,Electronic check,48.0,1626.93,No
CUST-4779,Female,0,No,No,63,Yes,No,Fiber optic,No,No,Yes,Yes,No,No,One year,No,Electronic check,87.67,5526.17,No
CUST-4780,Male,0,No,No,4,Yes,No,Fiber optic,No,No,No,Yes,No,Yes,One year,Yes,Mailed check,97.41,386.3,No
CUST-4781,Male,1,Yes,Yes,28,Yes,Yes,Fiber optic,No,No,No,Yes,Yes,Yes,Month-to-month,Yes,Credit card (automatic),109.16,3055.63,No
CUST-4782,Male,0,Yes,Yes,1,Yes,Yes,DSL,No,No,No,Yes,No,No,Two year,No,Mailed check,65.73,69.11,Yes
CUST-4783,Female,0,Yes,No,36,Yes,No,Fiber optic,Yes,No,Yes,No,Yes,No,Month-to-month,No,Mailed check,101.13,3642.3,Yes
CUST-4784,Female,0,Yes,No,13,Yes,No,Fiber optic,Yes,No,Yes,No,Yes,Yes,One year,Yes,Electronic check,88.3,1152.15,No
CUST-4785,Male,0,Yes,No,5,Yes,Yes,Fiber optic,No,No,No,Yes,No,No,Month-to-month,Yes,Credit card (automatic),85.15,423.39,Yes
CUST-4786,Female,0,No,Yes,14,Yes,No,Fiber optic,Yes,No,No,No,No,No,Month-to-month,No,Credit card (automatic),68.18,959.56,Yes
CUST-4787,Male,0,Yes,No,32,Yes,No,DSL,No,No,Yes,No,No,Yes,Two year,No,Credit card (automatic),52.61,1673.83,No
CUST-4788,Male,0,No,No,50,Yes,No,Fiber optic,No,No,No,No,No,No,One year,Yes,Electronic check,68.64,3425.76,No
CUST-4789,Female,0,No,No,27,Yes,No,No,No internet service,No internet service,No internet service,No internet service,No internet service,No internet service,Two year,Yes,Bank transfer (automatic),23.3,638.56,No
CUST-4790,Male,1,Yes,No,35,Yes,Yes,DSL,Yes,No,Yes,No,Yes,Yes,One year,Yes,Mailed check,63.55,2215.98,No
CUST-4791,Male,0,Yes,No,3,Yes,No,DSL,No,No,No,Yes,No,No,Month-to-month,Yes,Mailed check,61.69,188.31,No
CUST-4792,Female,0,No,No,4,Yes,No,DSL,No,Yes,No,No,No,Yes,One year,No,Electronic check,54.13,224.86,No
CUST-4793,Female,0,No,No,7,Yes,No,Fiber optic,No,No,Yes,Yes,Yes,No,Month-to-month,Yes,Electronic check,101.98,721.05,Yes
CUST-4794,Male,0,No,Yes,3,Yes,No,Fiber optic,No,Yes,No,No,No,No,Month-to-month,Yes,Credit card (automatic),71.31,222.19,Yes
CUST-4795,Female,0,No,No,59,Yes,Yes,DSL,No,No,No,Yes,Yes,No,Month-to-month,Yes,Bank transfer (automatic),79.86,4721.42,No
CUST-4796,Female,0,No,No,1,Yes,No,Fiber optic,Yes,No,No,Yes,No,No,Two year,Yes,Electronic check,87.07,87.07,No
CUST-4797,Male,0,No,No,28,Yes,No,Fiber optic,Yes,Yes,No,No,No,Yes,Month-to-month,Yes,Credit card (automatic),78.99,2208.32,Yes
CUST-4798,Male,0,No,No,59,Yes,No,No,No internet service,No internet service,No internet service,No internet service,No internet service,No internet service,One year,No,Electronic check,27.08,1590.14,No
CUST-4799,Female,0,No,No,53,Yes,No,Fiber optic,No,Yes,No,Yes,No,No,Month-to-month,Yes,Bank transfer (automatic),101.56,5376.71,Yes
CUST-4800,Male,0,No,No,10,Yes,No,Fiber optic,No,No,No,No,Yes,Yes,Two year,No,Bank transfer (automatic),87.8,881.06,Yes
CUST-4801,Female,0,Yes,No,71,Yes,No,Fiber optic,No,No,Yes,No,Yes,No,Two year,No,Electronic check,86.77,6157.29,Yes
CUST-4802,Female,0,No,No,3,Yes,No,DSL,No,No,No,Yes,No,No,Month-to-month,No,Mailed check,57.93,170.61,No
CUST-4803,Female,1,Yes,No,7,Yes,No,Fiber optic,No,Yes,Yes,Yes,No,No,One year,Yes,Electronic check,91.91,646.29,No
CUST-4804,Male,0,No,Yes,9,Yes,Yes,Fiber optic,No,No,No,Yes,No,No,Month-to-month,Yes,Electronic check,96.3,858.79,Yes
CUST-4805,Female,1,Yes,No,69,No,No phone service,DSL,No,No,No,No,No,No,One year,Yes,Electronic check,43.64,3002.28,No
CUST-4806,Male,0,Yes,No,13,Yes,Yes,DSL,Yes,No,No,No,Yes,Yes,Two year,Yes,Electronic check,57.68,755.9,No
CUST-4807,Male,0,Yes,Yes,40,Yes,No,DSL,No,No,No,No,Yes,No,Two year,Yes,Credit card (automatic),79.45,3183.8,No
CUST-4808,Male,0,Yes,Yes,62,No,No phone service,DSL,No,No,No,Yes,No,No,Month-to-month,Yes,Mailed check,58.48,3623.46,Yes
CUST-4809,Male,0,Yes,No,62,Yes,No,Fiber optic,No,No,No,Yes,No,Yes,Month-to-month,Yes,Bank transfer (automatic),86.49,5364.24,Yes
CUST-4810,Female,0,No,No,10,No,No phone service,Fiber optic,No,Yes,No,Yes,No,No,Month-to-month,Yes,Electronic check,78.7,781.76,Yes
CUST-4811,Male,0,Yes,No,11,Yes,Yes,DSL,Yes,No,No,No,Yes,No,One year,Yes,Credit card (automatic),51.33,561.98,No
CUST-4812,Male,1,Yes,Yes,62,Yes,No,DSL,Yes,No,No,No,No,Yes,One year,Yes,Mailed check,48.95,3025.63,No
CUST-4813,Female,0,Yes,Yes,56,Yes,No,Fiber optic,No,Yes,Yes,No,No,Yes,Month-to-month,Yes,Electronic check,81.48,4558.35,No
CUST-4814,Male,0,No,No,49,Yes,No,DSL,No,No,Yes,No,No,No,Month-to-month,No,Mailed check,49.93,2436.9,Yes
CUST-4815,Female,0,Yes,Yes,16,Yes,Yes,DSL,Yes,No,Yes,No,No,Yes,One year,Yes,Electronic check,39.42,629.2,No
CUST-4816,Male,0,Yes,Yes,9,Yes,Yes,DSL,Yes,Yes,No,No,No,Yes,Month-to-month,No,Electronic check,49.67,447.42,Yes
CUST-4817,Female,0,No,Yes,33,Yes,No,DSL,No,Yes,No,Yes,Yes,Yes,Month-to-month,Yes,Bank transfer (automatic),71.58,2362.05,Yes
CUST-4818,Female,0,No,Yes,35,Yes,Yes,DSL,Yes,Yes,Yes,Yes,No,Yes,Month-to-month,No,Electronic check,59.75,2088.06,No
CUST-4819,Male,0,Yes,Yes,39,Yes,No,DSL,No,No,Yes,Yes,Yes,No,Two year,Yes,Electronic check,80.41,3130.13,No
CUST-4820,Male,0,Yes,No,25,Yes,No,Fiber optic,Yes,Yes,No,Yes,No,Yes,Month-to-month,No,Mailed check,89.22,2229.59,No
CUST-4821,Male,1,Yes,Yes,56,Yes,No,DSL,Yes,Yes,No,No,Yes,Yes,One year,Yes,Electronic check,66.19,3714.04,No
CUST-4822,Female,0,No,No,48,Yes,No,DSL,Yes,Yes,No,No,Yes,No,Two year,No,Electronic check,70.26,3382.14,No
CUST-4823,Male,0,Yes,No,10,Yes,Yes,No,No internet service,No internet service,No internet service,No internet service,No internet service,No internet service,Month-to-month,Yes,Mailed check,19.77,193.95,Yes
CUST-4824,Male,1,No,No,41,Yes,Yes,Fiber optic,No,No,No,No,Yes,Yes,One year,No,Electronic check,86.13,3540.82,No
CUST-4825,Male,0,Yes,No,59,Yes,No,DSL,Yes,Yes,No,No,No,Yes,Two year,Yes,Credit card (automatic),52.83,3115.66,No
CUST-4826,Male,0,No,No,28,Yes,No,DSL,No,Yes,Yes,No,No,Yes,Month-to-month,Yes,Mailed check,41.58,1166.51,Yes
CUST-4827,Male,0,Yes,No,41,No,No phone service,Fiber optic,No,No,No,Yes,Yes,No,Two year,Yes,Electronic check,105.26,4321.73,No
CUST-4828,Female,0,Yes,No,66,Yes,Yes,Fiber optic,No,Yes,No,No,Yes,No,Month-to-month,No,Electronic check,96.46,6363.55,No
CUST-4829,Male,0,Yes,No,51,Yes,Yes,DSL,No,No,Yes,No,No,Yes,Month-to-month,Yes,Credit card (automatic),46.52,2366.69,No
CUST-4830,Male,0,Yes,No,62,Yes,Yes,DSL,No,No,No,No,No,Yes,Two year,Yes,Mailed check,46.97,2907.6,No
CUST-4831,Female,0,Yes,No,30,No,No phone service,No,No internet service,No internet service,No internet service,No internet service,No internet service,No internet service,Month-to-month,No,Mailed check,29.28,885.17,No
CUST-4832,Female,0,No,Yes,40,Yes,No,Fiber optic,No,No,No,Yes,No,Yes,One year,Yes,Electronic check,91.14,3654.29,Yes
CUST-4833,Male,0,No,No,40,Yes,Yes,Fiber optic,No,No,No,Yes,Yes,Yes,Month-to-month,Yes,Mailed check,105.51,4212.97,Yes
CUST-4834,Male,1,Yes,No,69,No,No phone service,DSL,No,No,No,No,Yes,No,One year,No,Electronic check,66.36,4582.73,No
CUST-4835,Male,0,No,No,62,Yes,Yes,DSL,Yes,Yes,No,Yes,Yes,No,Month-to-month,Yes,Bank transfer (automatic),75.33,4661.16,No
CUST-4836,Female,0,No,Yes,15,Yes,No,DSL,Yes,No,No,No,Yes,Yes,Month-to-month,No,Mailed check,70.75,1068.75,No
CUST-4837,Male,0,No,No,3,Yes,Yes,No,No internet service,No internet service,No internet service,No internet service,No internet service,No internet service,One year,Yes,Bank transfer (automatic),27.78,90.48,No
CUST-4838,Female,1,Yes,No,24,Yes,No,DSL,No,Yes,No,No,No,No,Month-to-month,Yes,Electronic check,48.58,1171.41,Yes
CUST-4839,Female,0,No,Yes,41,Yes,Yes,No,No internet service,No internet service,No internet service,No internet service,No internet service,No internet service,One year,Yes,Electronic check,22.04,910.13,No
CUST-4840,Female,0,Yes,No,63,Yes,No,DSL,No,Yes,No,Yes,Yes,Yes,Two year,No,Credit card (automatic),84.82,5345.75,No
CUST-4841,Male,1,No,No,48,Yes,Yes,DSL,No,No,No,Yes,No,Yes,Month-to-month,No,Mailed check,70.06,3355.83,No
CUST-4842,Male,0,Yes,No,61,Yes,Yes,DSL,No,No,Yes,Yes,Yes,Yes,Two year,Yes,Electronic check,85.74,5238.43,No
CUST-4843,Male,1,Yes,No,48,No,No phone service,Fiber optic,No,Yes,Yes,No,No,No,Month-to-month,Yes,Electronic check,67.61,3238.1,Yes
CUST-4844,Male,0,Yes,No,47,Yes,No,Fiber optic,No,Yes,No,Yes,No,Yes,Two year,No,Mailed check,93.39,4383.83,No
CUST-4845,Female,0,Yes,No,56,Yes,Yes,Fiber optic,Yes,Yes,No,No,No,No,Two year,No,Bank transfer (automatic),82.66,4627.61,No
CUST-4846,Female,1,No,No,8,No,No phone service,Fiber optic,No,Yes,Yes,No,No,No,One year,Yes,Mailed check,77.94,623.48,Yes
CUST-4847,Female,0,Yes,No,18,Yes,No,DSL,No,No,No,No,Yes,Yes,Month-to-month,Yes,Credit card (automatic),72.72,1300.89,No
CUST-4848,Female,0,No,No,23,Yes,Yes,Fiber optic,No,Yes,Yes,No,No,Yes,One year,No,Electronic check,74.97,1729.54,Yes
CUST-4849,Male,0,Yes,No,69,Yes,Yes,DSL,No,Yes,No,No,Yes,No,Two year,No,Electronic check,66.91,4609.54,No
CUST-4850,Male,1,Yes,No,65,Yes,No,Fiber optic,No,Yes,No,No,Yes,Yes,Month-to-month,Yes,Electronic check,89.82,5841.4,Yes
CUST-4851,Male,0,No,Yes,46,Yes,No,DSL,No,Yes,Yes,No,Yes,Yes,Month-to-month,Yes,Credit card (automatic),67.68,3112.32,No
CUST-4852,Female,0,No,Yes,66,Yes,No,DSL,No,No,No,Yes,No,Yes,Month-to-month,No,Credit card (automatic),68.97,4558.24,No
CUST-4853,Female,0,Yes,No,69,Yes,No,Fiber optic,Yes,Yes,No,No,Yes,Yes,Two year,Yes,Electronic check,84.08,5797.43,Yes
CUST-4854,Female,0,Yes,No,22,Yes,No,DSL,No,No,Yes,No,No,No,Month-to-month,Yes,Electronic check,50.37,1114.87,No
CUST-4855,Male,0,No,No,65,Yes,Yes,No,No internet service,No internet service,No internet service,No internet service,No internet service,No internet service,One year,No,Credit card (automatic),20.14,1304.15,No
CUST-4856,Male,0,Yes,Yes,12,Yes,No,No,No internet service,No internet service,No internet service,No internet service,No internet service,No internet service,Month-to-month,Yes,Electronic check,18.5,223.49,No
CUST-4857,Female,0,No,No,19,Yes,Yes,DSL,No,Yes,No,Yes,No,Yes,Two year,Yes,Electronic check,66.6,1265.12,No
CUST-4858,Male,0,No,No,22,Yes,Yes,DSL,Yes,Yes,No,No,Yes,Yes,Month-to-month,No,Credit card (automatic),60.61,1330.47,No
CUST-4859,Female,0,Yes,No,55,Yes,Yes,Fiber optic,Yes,Yes,No,No,No,No,Two year,Yes,Credit card (automatic),70.58,3872.14,Yes
CUST-4860,Female,0,Yes,Yes,62,No,No phone service,No,No internet service,No internet service,No internet service,No internet service,No internet service,No internet service,Month-to-month,Yes,Mailed check,18.5,1144.96,No
CUST-4861,Female,0,Yes,No,51,No,No phone service,DSL,No,No,No,No,No,No,Month-to-month,Yes,Electronic check,43.79,2225.66,Yes
CUST-4862,Male,1,Yes,Yes,48,Yes,No,No,No internet service,No internet service,No internet service,No internet service,No internet service,No internet service,Month-to-month,Yes,Credit card (automatic),18.5,882.5,No
CUST-4863,Male,0,No,Yes,17,No,No phone service,No,No internet service,No internet service,No internet service,No internet service,No internet service,No internet service,Month-to-month,Yes,Mailed check,29.09,498.3,No
CUST-4864,Male,0,No,No,13,No,No phone service,Fiber optic,No,Yes,Yes,No,Yes,No,One year,No,Electronic check,84.44,1099.15,Yes
CUST-4865,Male,0,No,Yes,28,Yes,Yes,Fiber optic,No,No,Yes,No,No,No,Two year,Yes,Mailed check,70.48,1973.98,No
CUST-4866,Male,0,No,Yes,67,Yes,No,Fiber optic,No,No,Yes,Yes,No,Yes,One year,No,Credit card (automatic),90.65,6074.83,No
CUST-4867,Female,0,Yes,No,5,No,No phone service,Fiber optic,Yes,No,No,No,Yes,No,Two year,No,Electronic check,84.74,416.1,Yes
CUST-4868,Female,0,No,Yes,60,Yes,Yes,DSL,Yes,Yes,No,Yes,Yes,No,Month-to-month,Yes,Mailed check,75.49,4522.69,No
CUST-4869,Male,0,Yes,No,15,Yes,Yes,DSL,No,No,Yes,Yes,No,No,Two year,Yes,Mailed check,58.93,884.81,No
CUST-4870,Male,1,No,Yes,44,Yes,No,Fiber optic,Yes,Yes,No,No,Yes,No,Month-to-month,Yes,Credit card (automatic),90.07,3961.22,Yes
CUST-4871,Male,0,Yes,No,46,Yes,No,DSL,Yes,No,No,No,Yes,Yes,Two year,Yes,Bank transfer (automatic),63.83,2935.44,No
CUST-4872,Male,0,No,No,29,Yes,No,Fiber optic,No,Yes,No,No,Yes,No,Month-to-month,Yes,Credit card (automatic),92.24,2682.54,No
CUST-4873,Female,0,No,Yes,68,Yes,Yes,Fiber optic,No,Yes,No,Yes,No,Yes,Month-to-month,No,Bank transfer (automatic),91.03,6183.74,Yes
CUST-4874,Male,1,Yes,No,49,Yes,No,DSL,No,Yes,Yes,No,Yes,No,Month-to-month,No,Bank transfer (automatic),70.8,3477.41,No
CUST-4875,Male,0,Yes,No,43,Yes,Yes,DSL,Yes,No,No,No,Yes,No,Two year,Yes,Electronic check,62.34,2687.77,No
CUST-4876,Male,0,No,Yes,68,Yes,No,Fiber optic,No,No,Yes,No,No,Yes,One year,Yes,Credit card (automatic),69.16,4710.92,No
CUST-4877,Female,0,Yes,No,20,Yes,No,DSL,No,No,No,Yes,No,Yes,Month-to-month,Yes,Bank transfer (automatic),60.74,1217.63,No
CUST-4878,Female,0,No,Yes,18,Yes,No,Fiber optic,No,Yes,Yes,No,No,Yes,Two year,Yes,Bank transfer (automatic),84.03,1519.82,No
CUST-4879,Male,0,No,Yes,64,Yes,No,DSL,No,No,Yes,Yes,No,Yes,Two year,Yes,Bank transfer (automatic),55.01,3530.46,No
CUST-4880,Female,0,No,Yes,49,Yes,No,Fiber optic,No,No,No,No,No,Yes,Month-to-month,Yes,Electronic check,80.56,3946.87,No
CUST-4881,Female,0,Yes,No,42,No,No phone service,DSL,No,No,Yes,Yes,No,No,Two year,Yes,Mailed check,70.52,2969.08,No
CUST-4882,Female,0,No,No,12,Yes,Yes,DSL,Yes,No,No,Yes,No,Yes,Month-to-month,No,Mailed check,66.33,804.03,Yes
CUST-4883,Male,0,Yes,No,36,Yes,Yes,DSL,Yes,Yes,No,Yes,No,No,Two year,Yes,Mailed check,60.45,2172.4,No
CUST-4884,Female,0,Yes,No,8,Yes,Yes,DSL,No,No,No,No,No,Yes,Month-to-month,No,Electronic check,52.63,419.89,Yes
CUST-4885,Female,0,No,No,28,Yes,Yes,Fiber optic,No,No,No,Yes,No,Yes,Month-to-month,Yes,Bank transfer (automatic),85.88,2406.11,No
CUST-4886,Female,0,No,No,60,Yes,No,Fiber optic,Yes,No,No,Yes,Yes,Yes,One year,No,Bank transfer (automatic),102.56,6150.58,No
CUST-4887,Female,0,Yes,No,49,Yes,Yes,DSL,No,No,No,No,No,Yes,Month-to-month,No,Credit card (automatic),51.12,2501.32,No
CUST-4888,Female,0,Yes,No,38,Yes,No,DSL,Yes,No,No,Yes,No,Yes,One year,Yes,Bank transfer (automatic),62.48,2371.85,No
CUST-4889,Male,0,No,Yes,58,Yes,No,Fiber optic,No,Yes,No,Yes,No,No,One year,Yes,Electronic check,84.51,4900.06,No
CUST-4890,Female,0,No,No,5,No,No phone service,Fiber optic,No,Yes,Yes,No,Yes,No,One year,No,Electronic check,89.03,440.2,Yes
CUST-4891,Female,0,No,No,46,Yes,No,Fiber optic,No,Yes,Yes,Yes,Yes,No,One year,Yes,Mailed check,107.5,4944.47,No
CUST-4892,Female,1,Yes,No,2,Yes,No,DSL,No,No,No,No,No,Yes,One year,No,Credit card (automatic),55.72,117.01,No
CUST-4893,Male,0,No,No,25,Yes,No,No,No internet service,No internet service,No internet service,No internet service,No internet service,No internet service,Month-to-month,No,Mailed check,23.32,585.49,No
CUST-4894,Female,0,No,No,1,Yes,Yes,No,No internet service,No internet service,No internet service,No internet service,No internet service,No internet service,Month-to-month,No,Bank transfer (automatic),27.74,27.74,No
CUST-4895,Female,0,No,No,69,Yes,No,DSL,Yes,Yes,No,No,No,Yes,Two year,Yes,Electronic check,51.25,3529.37,No
CUST-4896,Male,0,No,No,40,No,No phone service,Fiber optic,Yes,Yes,Yes,Yes,Yes,Yes,Two year,No,Electronic check,104.08,4169.68,No
CUST-4897,Female,0,Yes,No,68,Yes,Yes,Fiber optic,Yes,Yes,No,No,No,Yes,Month-to-month,No,Bank transfer (automatic),83.89,5704.75,Yes
CUST-4898,Female,0,No,Yes,69,Yes,No,No,No internet service,No internet service,No internet service,No internet service,No internet service,No internet service,Two year,Yes,Bank transfer (automatic),18.5,1285.92,No
CUST-4899,Female,1,Yes,No,69,Yes,Yes,Fiber optic,No,Yes,Yes,No,Yes,No,Month-to-month,No,Electronic check,94.37,6506.58,No
CUST-4900,Male,0,Yes,No,16,Yes,Yes,No,No internet service,No internet service,No internet service,No internet service,No internet service,No internet service,Month-to-month,Yes,Credit card (automatic),26.28,413.99,No
CUST-4901,Male,1,No,No,54,Yes,No,DSL,No,No,No,No,No,No,Month-to-month,Yes,Credit card (automatic),38.24,2055.12,No
CUST-4902,Female,0,No,No,63,Yes,No,DSL,No,Yes,Yes,No,Yes,No,One year,Yes,Credit card (automatic),65.23,4101.14,No
CUST-4903,Male,0,No,No,18,Yes,No,Fiber optic,Yes,Yes,No,No,Yes,Yes,Month-to-month,No,Mailed check,84.51,1518.89,Yes
CUST-4904,Female,0,No,Yes,17,Yes,Yes,Fiber optic,No,No,No,No,No,Yes,Two year,Yes,Electronic check,69.21,1170.53,Yes
CUST-4905,Male,0,Yes,No,4,Yes,Yes,Fiber optic,Yes,No,Yes,Yes,No,No,Two year,No,Credit card (automatic),85.82,334.04,No
CUST-4906,Female,0,No,No,9,Yes,Yes,Fiber optic,No,Yes,Yes,No,Yes,Yes,Two year,No,Bank transfer (automatic),80.96,723.15,No
CUST-4907,Male,0,Yes,No,31,Yes,No,Fiber optic,No,No,No,No,Yes,No,Month-to-month,Yes,Credit card (automatic),94.08,2921.06,Yes
CUST-4908,Female,0,No,No,5,Yes,No,Fiber optic,No,No,Yes,Yes,Yes,No,Two year,No,Electronic check,103.63,522.86,No
CUST-4909,Male,1,Yes,Yes,16,Yes,Yes,Fiber optic,No,No,Yes,Yes,No,No,One year,Yes,Credit card (automatic),95.4,1519.39,No
CUST-4910,Male,0,No,No,42,Yes,No,Fiber optic,No,No,No,Yes,No,Yes,One year,Yes,Mailed check,91.42,3848.37,No
CUST-4911,Male,0,Yes,No,41,Yes,Yes,DSL,No,Yes,Yes,No,Yes,Yes,Two year,Yes,Mailed check,64.74,2647.52,No
CUST-4912,Male,1,No,No,30,Yes,No,Fiber optic,No,No,Yes,Yes,Yes,Yes,One year,Yes,Electronic check,100.69,3012.49,Yes
CUST-4913,Female,0,No,No,26,Yes,Yes,DSL,No,Yes,No,Yes,Yes,Yes,Month-to-month,No,Credit card (automatic),78.15,2025.16,Yes
CUST-4914,Female,0,Yes,No,49,Yes,No,DSL,Yes,Yes,No,No,Yes,No,Month-to-month,Yes,Electronic check,67.03,3277.28,Yes
CUST-4915,Male,0,No,No,31,Yes,No,DSL,Yes,Yes,Yes,No,No,No,One year,Yes,Mailed check,48.55,1507.68,No
CUST-4916,Female,0,No,No,50,Yes,Yes,No,No internet service,No internet service,No internet service,No internet service,No internet service,No internet service,Two year,No,Mailed check,18.5,918.13,No
CUST-4917,Male,0,No,No,15,Yes,Yes,DSL,Yes,No,Yes,No,Yes,Yes,Two year,No,Electronic check,64.96,977.09,No
CUST-4918,Female,0,No,No,52,Yes,Yes,DSL,Yes,Yes,No,Yes,No,No,One year,Yes,Bank transfer (automatic),70.86,3680.25,No
CUST-4919,Female,0,Yes,No,38,No,No phone service,Fiber optic,No,No,Yes,Yes,Yes,Yes,Month-to-month,Yes,Credit card (automatic),105.82,4016.13,No
CUST-4920,Female,0,Yes,No,38,Yes,Yes,DSL,No,No,No,No,No,Yes,Month-to-month,Yes,Electronic check,55.36,2111.63,Yes
CUST-4921,Male,0,Yes,Yes,60,Yes,No,DSL,Yes,No,Yes,No,No,No,Month-to-month,Yes,Mailed check,39.14,2342.69,No
CUST-4922,Female,0,Yes,No,20,Yes,Yes,DSL,Yes,No,Yes,Yes,Yes,Yes,Month-to-month,Yes,Bank transfer (automatic),80.6,1619.29,No
CUST-4923,Male,0,Yes,Yes,44,Yes,Yes,DSL,No,No,No,Yes,No,Yes,One year,Yes,Mailed check,64.37,2828.35,No
CUST-4924,Female,0,No,Yes,63,Yes,Yes,Fiber optic,Yes,No,No,No,No,No,Two year,Yes,Credit card (automatic),70.38,4443.76,No
CUST-4925,Male,0,Yes,No,50,Yes,Yes,Fiber optic,Yes,No,No,No,Yes,No,Month-to-month,No,Mailed check,90.88,4553.62,Yes
CUST-4926,Female,0,Yes,No,22,Yes,Yes,DSL,Yes,No,Yes,Yes,No,Yes,Two year,No,Credit card (automatic),69.06,1525.87,No
CUST-4927,Female,0,Yes,No,72,Yes,Yes,Fiber optic,No,No,Yes,Yes,No,No,One year,No,Electronic check,90.44,6519.04,Yes
CUST-4928,Female,0,No,Yes,54,No,No phone service,Fiber optic,Yes,Yes,No,No,No,No,Month-to-month,Yes,Electronic check,68.78,3720.59,Yes
CUST-4929,Male,1,No,No,9,Yes,No,Fiber optic,No,Yes,Yes,Yes,No,No,One year,No,Bank transfer (automatic),92.31,833.38,No
CUST-4930,Female,0,Yes,No,15,Yes,No,Fiber optic,Yes,No,Yes,No,Yes,No,One year,Yes,Credit card (automatic),95.79,1443.03,Yes
CUST-4931,Male,0,No,No,48,No,No phone service,DSL,Yes,No,No,Yes,No,No,One year,Yes,Mailed check,65.77,3159.53,No
CUST-4932,Female,0,Yes,No,20,Yes,No,Fiber optic,Yes,No,No,Yes,No,No,Month-to-month,Yes,Electronic check,89.7,1800.84,No
CUST-4933,Male,0,No,No,35,Yes,Yes,DSL,Yes,No,No,No,Yes,No,Month-to-month,Yes,Bank transfer (automatic),61.61,2165.06,No
CUST-4934,Male,0,No,Yes,67,Yes,Yes,DSL,No,Yes,No,Yes,Yes,No,Month-to-month,No,Electronic check,81.91,5493.04,No
CUST-4935,Female,0,Yes,No,60,Yes,Yes,DSL,Yes,Yes,Yes,Yes,No,No,Two year,No,Bank transfer (automatic),63.18,3800.09,No
CUST-4936,Male,0,No,No,34,Yes,No,Fiber optic,Yes,No,Yes,Yes,No,No,Month-to-month,No,Electronic check,108.58,3690.68,No
CUST-4937,Male,1,No,No,54,Yes,No,Fiber optic,Yes,No,Yes,No,Yes,No,One year,Yes,Mailed check,95.66,5174.15,No
CUST-4938,Male,0,Yes,Yes,12,Yes,Yes,DSL,Yes,No,No,Yes,Yes,No,Two year,No,Credit card (automatic),81.29,970.0,No
CUST-4939,Male,0,No,No,19,Yes,No,Fiber optic,Yes,No,No,Yes,No,Yes,Two year,No,Electronic check,92.38,1745.85,Yes
CUST-4940,Female,0,Yes,No,26,Yes,No,No,No internet service,No internet service,No internet service,No internet service,No internet service,No internet service,Month-to-month,No,Credit card (automatic),19.31,494.62,No
CUST-4941,Female,0,Yes,Yes,23,Yes,No,DSL,No,Yes,No,Yes,No,Yes,Two year,No,Electronic check,67.33,1541.79,No
CUST-4942,Male,1,Yes,No,33,Yes,Yes,DSL,Yes,Yes,No,No,Yes,No,One year,No,Bank transfer (automatic),67.98,2249.83,No
CUST-4943,Male,1,Yes,No,57,Yes,Yes,Fiber optic,Yes,No,No,Yes,Yes,No,Month-to-month,Yes,Electronic check,101.05,5757.87,Yes
CUST-4944,Male,0,Yes,No,30,Yes,Yes,DSL,Yes,No,No,Yes,Yes,Yes,One year,No,Electronic check,78.76,2357.46,No
CUST-4945,Male,1,No,No,23,Yes,Yes,Fiber optic,No,Yes,No,No,No,Yes,Two year,Yes,Bank transfer (automatic),76.6,1768.05,No
CUST-4946,Female,0,Yes,Yes,36,Yes,No,Fiber optic,Yes,No,No,No,No,No,Month-to-month,Yes,Bank transfer (automatic),77.08,2768.92,Yes
CUST-4947,Female,1,Yes,No,43,Yes,Yes,DSL,Yes,Yes,No,No,No,Yes,Two year,No,Mailed check,48.71,2086.09,No
CUST-4948,Male,0,No,No,66,Yes,No,DSL,No,No,Yes,No,No,No,Month-to-month,Yes,Electronic check,47.98,3166.0,No
CUST-4949,Male,0,No,No,53,Yes,Yes,DSL,No,No,Yes,No,Yes,Yes,Month-to-month,No,Mailed check,67.91,3590.62,No
CUST-4950,Male,0,No,No,60,Yes,Yes,Fiber optic,No,Yes,Yes,No,No,No,Month-to-month,Yes,Electronic check,77.77,4661.78,Yes
CUST-4951,Female,0,No,Yes,37,No,No phone service,DSL,Yes,Yes,No,Yes,Yes,Yes,One year,Yes,Mailed check,77.78,2881.87,No
CUST-4952,Female,0,No,No,61,Yes,Yes,Fiber optic,No,No,No,No,Yes,No,Month-to-month,Yes,Bank transfer (automatic),79.59,4852.48,No
CUST-4953,Male,0,No,No,53,Yes,Yes,DSL,No,Yes,No,No,Yes,Yes,Month-to-month,No,Credit card (automatic),67.94,3592.57,Yes
CUST-4954,Male,0,No,Yes,12,Yes,No,DSL,Yes,No,Yes,No,Yes,Yes,Month-to-month,Yes,Mailed check,69.38,830.62,Yes
CUST-4955,Female,0,No,No,35,Yes,No,Fiber optic,Yes,No,Yes,No,Yes,No,Two year,No,Electronic check,93.03,3256.31,No
CUST-4956,Female,0,Yes,No,67,Yes,No,Fiber optic,No,Yes,No,No,No,Yes,Month-to-month,No,Credit card (automatic),83.77,5607.59,Yes
CUST-4957,Male,1,Yes,No,38,Yes,No,Fiber optic,No,No,Yes,Yes,Yes,Yes,One year,Yes,Electronic check,109.06,4137.7,Yes
CUST-4958,Male,0,No,No,24,Yes,Yes,DSL,Yes,Yes,Yes,Yes,Yes,No,One year,Yes,Bank transfer (automatic),81.31,1956.67,No
CUST-4959,Male,1,Yes,No,40,Yes,No,DSL,No,Yes,Yes,Yes,No,No,Month-to-month,Yes,Electronic check,60.43,2408.56,No
CUST-4960,Female,0,Yes,No,65,Yes,Yes,Fiber optic,Yes,No,Yes,Yes,Yes,Yes,One year,Yes,Bank transfer (automatic),104.65,6811.39,No
CUST-4961,Male,0,No,Yes,57,Yes,No,Fiber optic,No,No,No,No,Yes,No,Month-to-month,Yes,Electronic check,88.97,5061.44,Yes
CUST-4962,Male,0,No,No,72,Yes,No,Fiber optic,No,Yes,No,No,Yes,Yes,One year,Yes,Mailed check,91.17,6567.26,Yes
CUST-4963,Female,0,Yes,Yes,45,Yes,Yes,DSL,Yes,No,No,No,Yes,No,Two year,No,Bank transfer (automatic),58.75,2636.42,No
CUST-4964,Male,0,No,No,72,Yes,No,DSL,Yes,No,No,No,No,No,Month-to-month,No,Credit card (automatic),52.79,3801.82,Yes
CUST-4965,Female,0,No,Yes,13,No,No phone service,Fiber optic,No,No,No,Yes,No,Yes,Two year,Yes,Electronic check,87.02,1125.01,No
CUST-4966,Male,0,No,Yes,6,Yes,No,Fiber optic,No,No,Yes,No,Yes,Yes,Two year,No,Electronic check,91.66,540.65,No
CUST-4967,Male,0,No,Yes,71,Yes,Yes,No,No internet service,No internet service,No internet service,No internet service,No internet service,No internet service,Month-to-month,Yes,Electronic check,18.5,1320.7,Yes
CUST-4968,Female,0,No,No,47,Yes,Yes,Fiber optic,No,Yes,Yes,No,Yes,No,One year,No,Credit card (automatic),89.35,4197.93,Yes
CUST-4969,Male,0,No,No,44,Yes,Yes,DSL,Yes,No,No,No,Yes,Yes,One year,Yes,Credit card (automatic),60.46,2655.74,No
CUST-4970,Female,0,Yes,No,32,Yes,No,Fiber optic,No,No,Yes,No,Yes,No,Month-to-month,Yes,Electronic check,85.75,2752.95,Yes
CUST-4971,Female,0,No,Yes,3,Yes,Yes,No,No internet service,No internet service,No internet service,No internet service,No internet service,No internet service,Month-to-month,Yes,Mailed check,22.49,59.11,No
CUST-4972,Male,0,No,No,54,Yes,No,DSL,Yes,Yes,Yes,Yes,Yes,No,Month-to-month,Yes,Mailed check,84.63,4566.99,No
CUST-4973,Female,0,No,No,38,Yes,No,DSL,No,No,No,No,No,Yes,One year,No,Mailed check,49.73,1883.29,No
CUST-4974,Male,0,No,No,4,No,No phone service,Fiber optic,Yes,No,No,No,No,Yes,Month-to-month,Yes,Mailed check,81.24,334.78,Yes
CUST-4975,Female,0,Yes,No,17,Yes,No,DSL,No,No,Yes,No,No,No,Month-to-month,Yes,Mailed check,55.07,937.11,No
CUST-4976,Male,0,No,No,37,Yes,Yes,Fiber optic,No,Yes,Yes,Yes,No,No,Two year,Yes,Electronic check,91.19,3380.27,No
CUST-4977,Female,0,Yes,No,36,Yes,No,No,No internet service,No internet service,No internet service,No internet service,No internet service,No internet service,Month-to-month,Yes,Electronic check,18.5,659.27,No
CUST-4978,Male,0,Yes,Yes,58,Yes,Yes,Fiber optic,No,No,No,No,No,Yes,Month-to-month,Yes,Bank transfer (automatic),76.24,4418.01,No
CUST-4979,Male,0,Yes,Yes,41,Yes,No,No,No internet service,No internet service,No internet service,No internet service,No internet service,No internet service,Month-to-month,No,Credit card (automatic),21.75,894.14,No
CUST-4980,Female,0,Yes,No,8,Yes,No,Fiber optic,No,Yes,No,No,No,Yes,Month-to-month,Yes,Credit card (automatic),77.67,614.92,Yes
CUST-4981,Female,0,No,No,67,Yes,No,DSL,Yes,Yes,No,No,Yes,Yes,One year,No,Bank transfer (automatic),63.21,4235.07,No
CUST-4982,Male,0,Yes,Yes,30,Yes,No,Fiber optic,No,Yes,No,No,No,Yes,Month-to-month,Yes,Credit card (automatic),71.44,2151.83,No
CUST-4983,Male,0,Yes,No,52,Yes,No,DSL,Yes,Yes,No,Yes,No,No,Month-to-month,Yes,Electronic check,56.78,2961.17,No
CUST-4984,Female,0,No,No,25,Yes,Yes,DSL,No,Yes,No,Yes,No,Yes,Month-to-month,Yes,Electronic check,65.58,1636.6,No
CUST-4985,Female,0,Yes,No,52,Yes,No,Fiber optic,Yes,No,Yes,No,Yes,No,Month-to-month,Yes,Electronic check,89.53,4655.88,Yes
CUST-4986,Male,0,Yes,No,59,Yes,Yes,DSL,Yes,No,Yes,No,Yes,No,Month-to-month,Yes,Mailed check,71.06,4186.51,No
CUST-4987,Male,1,Yes,Yes,30,No,No phone service,DSL,No,Yes,Yes,Yes,No,Yes,Month-to-month,Yes,Credit card (automatic),60.07,1811.67,No
CUST-4988,Male,0,Yes,No,67,Yes,Yes,DSL,No,Yes,No,No,Yes,No,One year,Yes,Mailed check,64.82,4343.34,No
CUST-4989,Female,0,Yes,Yes,4,Yes,Yes,No,No internet service,No internet service,No internet service,No internet service,No internet service,No internet service,Month-to-month,No,Mailed check,18.5,68.13,Yes
CUST-4990,Male,0,Yes,No,57,Yes,No,DSL,No,No,No,No,No,Yes,Month-to-month,No,Bank transfer (automatic),58.16,3322.02,No
CUST-4991,Male,0,No,Yes,63,Yes,Yes,Fiber optic,No,Yes,Yes,No,No,No,Two year,Yes,Credit card (automatic),73.2,4610.01,No
CUST-4992,Female,0,Yes,No,32,Yes,No,No,No internet service,No internet service,No internet service,No internet service,No internet service,No internet service,Month-to-month,Yes,Bank transfer (automatic),18.5,594.72,Yes
CUST-4993,Male,0,Yes,No,51,Yes,No,Fiber optic,No,Yes,No,No,Yes,No,Month-to-month,Yes,Mailed check,90.25,4609.62,Yes
CUST-4994,Male,0,No,No,63,Yes,No,DSL,Yes,No,No,No,Yes,Yes,One year,No,Bank transfer (automatic),65.9,4147.88,No
CUST-4995,Male,0,Yes,Yes,1,Yes,No,Fiber optic,Yes,No,Yes,Yes,No,Yes,Month-to-month,Yes,Mailed check,86.81,88.37,No
CUST-4996,Male,0,No,Yes,19,No,No phone service,DSL,No,No,Yes,No,Yes,No,Month-to-month,No,Mailed check,64.89,1224.03,Yes
CUST-4997,Male,1,No,Yes,35,Yes,Yes,DSL,Yes,Yes,No,Yes,No,Yes,One year,Yes,Electronic check,59.91,2091.54,No
CUST-4998,Female,0,Yes,No,63,Yes,No,Fiber optic,Yes,Yes,Yes,Yes,No,No,Month-to-month,No,Electronic check,87.22,5487.64,Yes
CUST-4999,Male,1,No,No,26,Yes,No,DSL,No,Yes,No,Yes,Yes,No,Month-to-month,No,Mailed check,77.21,2010.34,Yes
CUST-5000,Female,1,Yes,No,13,Yes,No,Fiber optic,No,Yes,No,No,No,No,Month-to-month,Yes,Electronic check,88.45,1144.94,Yes
CUST-5001,Female,0,Yes,Yes,23,Yes,Yes,Fiber optic,No,Yes,Yes,Yes,No,No,Month-to-month,No,Electronic check,95.58,2203.54,No
CUST-5002,Female,0,No,Yes,35,Yes,Yes,DSL,No,No,No,No,No,Yes,Two year,No,Electronic check,50.0,1755.22,No
CUST-5003,Male,0,No,Yes,12,Yes,No,Fiber optic,No,No,Yes,Yes,No,Yes,Month-to-month,Yes,Credit card (automatic),89.16,1075.6,No
CUST-5004,Male,0,No,No,9,Yes,Yes,DSL,Yes,No,No,No,No,No,Month-to-month,Yes,Electronic check,56.1,497.55,Yes
CUST-5005,Male,0,No,No,67,Yes,Yes,DSL,No,No,No,Yes,Yes,No,Month-to-month,No,Mailed check,85.8,5749.12,No
CUST-5006,Male,0,Yes,No,44,Yes,Yes,Fiber optic,Yes,No,Yes,Yes,No,No,One year,No,Mailed check,88.27,3887.46,No
CUST-5007,Male,0,No,No,61,Yes,Yes,DSL,No,No,No,Yes,Yes,No,Month-to-month,No,Bank transfer (automatic),91.67,5588.33,No
CUST-5008,Female,0,No,Yes,21,Yes,Yes,Fiber optic,Yes,Yes,No,No,No,No,One year,No,Electronic check,73.27,1533.87,No
CUST-5009,Male,0,No,Yes,7,Yes,No,DSL,Yes,No,No,No,Yes,Yes,Two year,No,Bank transfer (automatic),63.63,449.77,No
CUST-5010,Male,0,No,No,11,Yes,No,Fiber optic,Yes,No,Yes,No,No,No,Month-to-month,Yes,Bank transfer (automatic),77.82,853.05,Yes
CUST-5011,Male,0,No,No,45,Yes,Yes,Fiber optic,Yes,Yes,No,No,No,Yes,Month-to-month,Yes,Credit card (automatic),75.69,3401.03,Yes
CUST-5012,Female,0,Yes,No,32,Yes,Yes,DSL,No,No,Yes,No,No,Yes,Two year,Yes,Electronic check,47.4,1518.06,No
CUST-5013,Male,0,No,Yes,36,Yes,No,Fiber optic,Yes,No,No,Yes,Yes,Yes,Two year,Yes,Mailed check,103.56,3730.57,No
CUST-5014,Female,0,Yes,Yes,37,Yes,Yes,Fiber optic,Yes,Yes,No,No,No,No,Month-to-month,No,Credit card (automatic),71.9,2665.84,Yes
CUST-5015,Male,0,Yes,Yes,41,Yes,No,No,No internet service,No internet service,No internet service,No internet service,No internet service,No internet service,Two year,No,Electronic check,20.37,825.99,No
CUST-5016,Female,0,No,Yes,49,No,No phone service,DSL,Yes,No,No,No,No,Yes,One year,No,Credit card (automatic),49.16,2402.33,No
CUST-5017,Female,0,Yes,Yes,15,Yes,Yes,No,No internet service,No internet service,No internet service,No internet service,No internet service,No internet service,Month-to-month,Yes,Electronic check,22.25,339.29,Yes
CUST-5018,Male,0,No,No,13,Yes,No,Fiber optic,No,Yes,No,No,No,No,Two year,No,Electronic check,76.3,992.54,No
CUST-5019,Male,0,Yes,Yes,53,Yes,No,Fiber optic,Yes,No,No,Yes,No,No,One year,Yes,Credit card (automatic),85.62,4543.98,No
CUST-5020,Male,0,No,Yes,33,Yes,No,No,No internet service,No internet service,No internet service,No internet service,No internet service,No internet service,Two year,No,Electronic check,18.5,609.47,No
CUST-5021,Male,1,Yes,No,72,Yes,No,Fiber optic,Yes,Yes,No,Yes,Yes,Yes,Month-to-month,Yes,Bank transfer (automatic),110.5,7955.19,Yes
CUST-5022,Female,0,Yes,No,32,Yes,Yes,Fiber optic,No,No,Yes,No,Yes,No,Two year,Yes,Mailed check,89.46,2860.27,Yes
CUST-5023,Female,0,Yes,No,48,Yes,Yes,Fiber optic,Yes,No,No,Yes,Yes,No,Month-to-month,Yes,Electronic check,99.96,4801.9,Yes
CUST-5024,Female,0,No,No,68,Yes,No,Fiber optic,No,Yes,No,No,Yes,No,One year,Yes,Credit card (automatic),88.66,6030.68,No
CUST-5025,Female,0,Yes,No,57,Yes,No,Fiber optic,Yes,No,Yes,Yes,No,No,Month-to-month,No,Electronic check,89.97,5126.14,Yes
CUST-5026,Male,0,No,Yes,62,No,No phone service,DSL,No,Yes,Yes,No,No,No,Month-to-month,No,Electronic check,60.82,3764.59,Yes
CUST-5027,Male,0,Yes,No,2,Yes,Yes,Fiber optic,Yes,No,No,Yes,No,No,Two year,No,Mailed check,88.13,166.31,No
CUST-5028,Female,1,Yes,Yes,16,Yes,No,No,No internet service,No internet service,No internet service,No internet service,No internet service,No internet service,Month-to-month,Yes,Mailed check,18.5,287.83,No
CUST-5029,Male,0,Yes,Yes,8,Yes,No,Fiber optic,Yes,No,No,No,Yes,No,Two year,Yes,Electronic check,91.09,720.88,No
CUST-5030,Female,0,Yes,No,19,Yes,No,Fiber optic,Yes,No,Yes,Yes,Yes,No,Month-to-month,Yes,Bank transfer (automatic),108.31,2059.28,No
CUST-5031,Male,0,No,No,32,Yes,Yes,Fiber optic,No,No,No,No,Yes,No,One year,No,Mailed check,99.94,3203.26,Yes
CUST-5032,Male,0,No,No,67,Yes,No,DSL,Yes,No,Yes,No,No,No,Month-to-month,Yes,Electronic check,48.79,3268.07,Yes
CUST-5033,Female,0,Yes,No,32,Yes,Yes,DSL,Yes,No,No,Yes,Yes,Yes,One year,Yes,Bank transfer (automatic),79.01,2526.61,No
CUST-5034,Male,0,No,No,25,Yes,No,DSL,No,Yes,Yes,Yes,No,Yes,One year,Yes,Mailed check,59.08,1469.64,No
CUST-5035,Female,0,No,No,53,Yes,Yes,DSL,No,Yes,Yes,No,No,No,Two year,Yes,Credit card (automatic),43.67,2322.53,No
CUST-5036,Female,0,Yes,No,25,Yes,No,Fiber optic,Yes,Yes,No,Yes,No,Yes,Two year,No,Credit card (automatic),90.15,2258.45,No
CUST-5037,Female,1,Yes,No,33,Yes,Yes,Fiber optic,No,No,Yes,No,Yes,Yes,Month-to-month,Yes,Credit card (automatic),85.59,2822.81,Yes
CUST-5038,Female,0,No,No,31,Yes,Yes,DSL,No,No,No,No,No,Yes,One year,Yes,Electronic check,42.26,1302.0,No
CUST-5039,Female,0,Yes,Yes,36,Yes,Yes,DSL,No,Yes,No,No,No,Yes,One year,Yes,Mailed check,46.31,1674.08,No
CUST-5040,Female,0,Yes,No,49,Yes,Yes,DSL,No,No,Yes,No,No,No,One year,Yes,Mailed check,43.86,2142.53,No
CUST-5041,Male,0,Yes,No,44,Yes,No,DSL,Yes,Yes,Yes,No,No,No,Two year,Yes,Electronic check,49.68,2189.39,No
CUST-5042,Male,1,No,Yes,48,Yes,Yes,Fiber optic,Yes,No,No,No,Yes,No,Two year,Yes,Credit card (automatic),83.68,4013.43,Yes
CUST-5043,Female,0,Yes,No,30,Yes,No,DSL,Yes,Yes,No,No,No,No,One year,Yes,Electronic check,48.08,1449.59,No
CUST-5044,Male,0,Yes,No,13,Yes,No,DSL,No,Yes,No,No,No,No,One year,No,Mailed check,52.37,682.55,No
CUST-5045,Male,0,Yes,Yes,43,Yes,No,No,No internet service,No internet service,No internet service,No internet service,No internet service,No internet service,Two year,Yes,Electronic check,18.91,807.68,No
CUST-5046,Male,0,Yes,Yes,16,Yes,Yes,DSL,No,No,No,No,No,No,Two year,Yes,Bank transfer (automatic),49.56,783.21,Yes
CUST-5047,Female,0,Yes,No,26,Yes,Yes,Fiber optic,No,No,No,No,No,No,Month-to-month,Yes,Bank transfer (automatic),69.1,1790.85,No
CUST-5048,Female,1,No,No,47,Yes,Yes,Fiber optic,No,No,Yes,Yes,Yes,Yes,One year,Yes,Credit card (automatic),108.1,5078.01,No
CUST-5049,Male,0,Yes,No,37,No,No phone service,DSL,No,No,No,No,Yes,Yes,Two year,Yes,Mailed check,66.19,2453.2,No
CUST-5050,Female,0,No,Yes,3,Yes,No,Fiber optic,No,Yes,Yes,Yes,No,Yes,Month-to-month,Yes,Bank transfer (automatic),89.38,262.46,Yes
CUST-5051,Female,0,Yes,Yes,26,Yes,Yes,Fiber optic,Yes,No,No,Yes,Yes,No,Month-to-month,Yes,Mailed check,106.04,2752.27,Yes
CUST-5052,Female,0,No,No,15,Yes,No,DSL,Yes,No,No,No,Yes,Yes,Month-to-month,No,Credit card (automatic),64.18,961.4,No
CUST-5053,Female,0,No,No,66,Yes,Yes,DSL,No,No,No,No,No,Yes,Month-to-month,Yes,Electronic check,52.15,3432.76,No
CUST-5054,Female,0,Yes,No,28,Yes,No,Fiber optic,No,No,Yes,No,Yes,No,Two year,Yes,Mailed check,93.56,2625.05,Yes
CUST-5055,Male,1,No,No,38,Yes,Yes,Fiber optic,No,No,Yes,No,Yes,Yes,Month-to-month,No,Electronic check,88.08,3338.62,Yes
CUST-5056,Female,1,No,No,44,Yes,Yes,DSL,Yes,Yes,Yes,No,No,No,One year,No,Credit card (automatic),47.71,2103.98,No
CUST-5057,Male,0,No,Yes,53,Yes,No,DSL,No,Yes,Yes,No,No,No,Two year,Yes,Electronic check,47.17,2495.37,No
CUST-5058,Female,0,Yes,Yes,4,Yes,No,DSL,No,Yes,No,No,No,Yes,Two year,No,Electronic check,46.47,185.08,Yes
CUST-5059,Female,0,No,No,72,Yes,No,Fiber optic,Yes,No,No,No,Yes,No,Month-to-month,Yes,Credit card (automatic),85.56,6158.53,Yes
CUST-5060,Male,1,No,No,44,Yes,Yes,Fiber optic,No,Yes,No,No,Yes,Yes,Month-to-month,Yes,Mailed check,89.75,3944.07,Yes
CUST-5061,Male,1,No,No,46,Yes,No,Fiber optic,No,Yes,Yes,No,No,No,Month-to-month,Yes,Credit card (automatic),73.42,3372.43,No
CUST-5062,Female,0,No,No,26,Yes,No,DSL,No,Yes,No,Yes,No,Yes,Month-to-month,No,Mailed check,64.78,1693.26,No
CUST-5063,Male,0,Yes,No,13,Yes,Yes,No,No internet service,No internet service,No internet service,No internet service,No internet service,No internet service,Month-to-month,No,Bank transfer (automatic),22.05,282.76,No
CUST-5064,Female,0,No,Yes,69,Yes,Yes,Fiber optic,No,No,No,No,No,Yes,Month-to-month,Yes,Bank transfer (automatic),76.48,5270.78,No
CUST-5065,Male,0,No,Yes,44,Yes,No,Fiber optic,Yes,No,No,No,No,Yes,Month-to-month,Yes,Electronic check,81.48,3580.13,No
CUST-5066,Male,0,No,Yes,53,Yes,No,DSL,Yes,Yes,Yes,No,Yes,No,Month-to-month,No,Electronic check,65.21,3460.03,No
CUST-5067,Female,0,Yes,Yes,51,Yes,No,Fiber optic,Yes,Yes,Yes,No,Yes,No,Month-to-month,Yes,Bank transfer (automatic),88.8,4524.98,No
CUST-5068,Female,0,No,No,13,Yes,No,Fiber optic,Yes,Yes,No,Yes,No,No,Two year,Yes,Mailed check,90.39,1168.5,No
CUST-5069,Female,0,Yes,Yes,41,Yes,Yes,DSL,No,No,No,No,No,Yes,One year,Yes,Credit card (automatic),53.23,2180.72,No
CUST-5070,Male,1,No,Yes,11,Yes,No,Fiber optic,Yes,Yes,Yes,Yes,No,No,One year,Yes,Electronic check,100.18,1094.33,No
CUST-5071,Female,0,Yes,No,37,Yes,No,Fiber optic,No,Yes,Yes,No,No,No,Two year,Yes,Mailed check,76.67,2834.76,Yes
CUST-5072,Female,0,Yes,No,60,Yes,No,DSL,No,No,No,No,Yes,No,Month-to-month,No,Electronic check,65.92,3962.44,Yes
CUST-5073,Female,0,No,No,32,Yes,No,Fiber optic,No,Yes,No,No,Yes,No,Two year,Yes,Bank transfer (automatic),95.25,3045.46,No
CUST-5074,Female,0,Yes,No,45,Yes,No,DSL,No,No,No,Yes,No,Yes,Month-to-month,No,Bank transfer (automatic),62.66,2819.98,No
CUST-5075,Female,0,No,No,18,Yes,Yes,Fiber optic,No,Yes,No,No,No,Yes,Month-to-month,Yes,Electronic check,74.53,1347.32,Yes
CUST-5076,Male,0,No,No,20,Yes,Yes,No,No internet service,No internet service,No internet service,No internet service,No internet service,No internet service,Month-to-month,No,Mailed check,21.53,430.92,No
CUST-5077,Male,0,Yes,Yes,44,Yes,Yes,No,No internet service,No internet service,No internet service,No internet service,No internet service,No internet service,Month-to-month,No,Mailed check,18.5,804.95,No
CUST-5078,Female,0,Yes,Yes,36,Yes,No,Fiber optic,Yes,Yes,Yes,No,No,Yes,Month-to-month,Yes,Bank transfer (automatic),68.22,2450.22,No
CUST-5079,Male,0,No,No,69,Yes,Yes,Fiber optic,No,No,Yes,Yes,No,Yes,Two year,No,Bank transfer (automatic),93.09,6431.1,No
CUST-5080,Female,0,Yes,No,37,Yes,No,Fiber optic,No,Yes,No,Yes,Yes,Yes,One year,No,Electronic check,100.11,3710.11,No
CUST-5081,Male,0,No,No,33,Yes,Yes,Fiber optic,Yes,No,No,No,No,Yes,Month-to-month,No,Credit card (automatic),79.86,2640.59,Yes
CUST-5082,Female,0,No,Yes,19,Yes,Yes,DSL,No,No,No,No,Yes,Yes,One year,Yes,Credit card (automatic),63.15,1200.8,No
CUST-5083,Female,0,Yes,No,51,Yes,No,DSL,Yes,No,Yes,No,Yes,No,Two year,Yes,Bank transfer (automatic),64.18,3270.25,No
CUST-5084,Male,0,Yes,No,32,Yes,No,Fiber optic,No,No,Yes,Yes,No,No,Month-to-month,Yes,Bank transfer (automatic),81.14,2600.37,Yes
CUST-5085,Male,0,Yes,No,22,Yes,Yes,DSL,Yes,No,Yes,No,No,No,One year,Yes,Electronic check,52.1,1149.47,No
CUST-5086,Male,0,No,Yes,1,Yes,No,No,No internet service,No internet service,No internet service,No internet service,No internet service,No internet service,Two year,No,Electronic check,22.48,25.34,No
CUST-5087,Female,1,Yes,No,54,Yes,Yes,Fiber optic,No,Yes,No,No,No,No,One year,Yes,Bank transfer (automatic),77.62,4191.55,No
CUST-5088,Female,0,Yes,No,20,Yes,Yes,DSL,Yes,Yes,No,No,No,Yes,One year,No,Electronic check,53.98,1074.79,No
CUST-5089,Male,0,No,No,58,No,No phone service,DSL,Yes,No,No,No,No,No,Two year,No,Electronic check,41.19,2387.73,No
CUST-5090,Female,0,No,Yes,35,Yes,Yes,Fiber optic,Yes,No,Yes,No,No,No,One year,Yes,Bank transfer (automatic),68.71,2405.09,No
CUST-5091,Male,0,Yes,No,70,Yes,No,No,No internet service,No internet service,No internet service,No internet service,No internet service,No internet service,Two year,No,Electronic check,18.5,1289.32,No
CUST-5092,Male,0,Yes,Yes,70,Yes,Yes,DSL,No,Yes,Yes,No,No,Yes,Month-to-month,No,Electronic check,47.99,3353.9,No
CUST-5093,Female,0,No,Yes,61,Yes,No,Fiber optic,No,Yes,No,No,Yes,Yes,Two year,Yes,Electronic check,85.6,5227.44,No
CUST-5094,Male,0,No,No,63,Yes,No,Fiber optic,No,No,No,Yes,No,Yes,One year,Yes,Mailed check,91.7,5773.5,No
CUST-5095,Male,1,No,Yes,61,Yes,Yes,Fiber optic,Yes,No,No,Yes,No,Yes,Month-to-month,Yes,Bank transfer (automatic),89.9,5493.37,Yes
CUST-5096,Male,0,No,No,57,Yes,Yes,Fiber optic,No,Yes,Yes,No,Yes,No,Two year,Yes,Electronic check,92.19,5253.56,Yes
CUST-5097,Male,0,No,No,3,Yes,Yes,DSL,No,No,No,No,No,Yes,Two year,Yes,Mailed check,52.52,159.74,No
CUST-5098,Male,1,No,Yes,45,Yes,No,Fiber optic,No,No,No,Yes,Yes,Yes,Month-to-month,No,Electronic check,94.97,4273.73,No
CUST-5099,Male,0,No,No,15,Yes,No,DSL,No,No,No,No,No,Yes,Two year,Yes,Electronic check,54.29,814.21,No
CUST-5100,Female,0,No,No,17,Yes,No,DSL,Yes,No,No,No,Yes,No,Month-to-month,No,Electronic check,63.02,1079.14,Yes
CUST-5101,Male,0,No,Yes,15,Yes,Yes,DSL,No,No,No,No,Yes,No,Month-to-month,Yes,Electronic check,69.63,1036.31,No
CUST-5102,Female,0,Yes,No,5,Yes,Yes,DSL,No,No,No,No,No,No,Month-to-month,Yes,Electronic check,42.45,209.16,No
CUST-5103,Male,0,Yes,No,46,Yes,Yes,Fiber optic,No,No,No,No,No,No,Two year,Yes,Credit card (automatic),77.89,3578.66,No
CUST-5104,Male,0,No,No,11,Yes,Yes,DSL,No,Yes,Yes,No,Yes,Yes,One year,No,Credit card (automatic),65.4,715.92,No
CUST-5105,Female,0,Yes,Yes,64,Yes,Yes,Fiber optic,No,No,Yes,No,No,No,Month-to-month,Yes,Bank transfer (automatic),82.68,5299.77,Yes
CUST-5106,Female,0,No,No,14,Yes,No,Fiber optic,No,No,No,No,No,Yes,One year,No,Electronic check,75.81,1052.74,Yes
CUST-5107,Male,0,Yes,Yes,39,Yes,No,No,No internet service,No internet service,No internet service,No internet service,No internet service,No internet service,Month-to-month,Yes,Bank transfer (automatic),24.62,955.85,No
CUST-5108,Female,0,No,No,67,Yes,No,Fiber optic,No,Yes,No,No,Yes,Yes,One year,Yes,Bank transfer (automatic),81.66,5475.97,No
CUST-5109,Female,0,Yes,No,55,Yes,Yes,No,No internet service,No internet service,No internet service,No internet service,No internet service,No internet service,Month-to-month,No,Electronic check,20.07,1098.63,Yes
CUST-5110,Female,1,No,No,42,Yes,Yes,DSL,Yes,No,No,No,No,No,Month-to-month,No,Electronic check,46.08,1942.02,No
CUST-5111,Female,0,No,No,5,Yes,Yes,Fiber optic,No,Yes,No,No,Yes,Yes,Two year,No,Mailed check,88.23,437.75,Yes
CUST-5112,Male,0,Yes,No,52,Yes,Yes,DSL,Yes,Yes,No,No,Yes,Yes,One year,No,Electronic check,64.55,3348.86,No
CUST-5113,Male,0,No,No,22,Yes,No,Fiber optic,Yes,No,No,Yes,No,No,One year,Yes,Mailed check,86.11,1894.8,No
CUST-5114,Female,0,Yes,No,44,Yes,Yes,DSL,No,Yes,No,No,No,Yes,One year,Yes,Electronic check,53.08,2335.75,No
CUST-5115,Male,0,Yes,No,59,Yes,No,Fiber optic,No,No,Yes,No,No,Yes,Month-to-month,Yes,Mailed check,79.5,4681.28,Yes
CUST-5116,Female,0,Yes,Yes,25,Yes,No,DSL,Yes,Yes,Yes,Yes,No,Yes,One year,Yes,Bank transfer (automatic),60.15,1508.11,No
CUST-5117,Male,1,Yes,Yes,21,Yes,Yes,DSL,Yes,Yes,Yes,No,Yes,No,Month-to-month,Yes,Mailed check,66.18,1382.61,No
CUST-5118,Male,1,No,No,64,Yes,No,Fiber optic,Yes,Yes,No,No,No,Yes,Month-to-month,Yes,Electronic check,65.66,4196.51,No
CUST-5119,Female,1,Yes,No,68,Yes,No,No,No internet service,No internet service,No internet service,No internet service,No internet service,No internet service,One year,Yes,Credit card (automatic),24.78,1686.29,No
CUST-5120,Male,1,No,Yes,47,Yes,Yes,DSL,No,No,Yes,No,No,Yes,One year,No,Mailed check,50.38,2375.68,No
CUST-5121,Female,0,Yes,Yes,35,Yes,No,No,No internet service,No internet service,No internet service,No internet service,No internet service,No internet service,Two year,Yes,Mailed check,19.51,673.26,No
CUST-5122,Female,0,No,Yes,7,Yes,Yes,DSL,No,No,Yes,Yes,Yes,Yes,One year,Yes,Mailed check,88.19,623.78,No
CUST-5123,Female,1,Yes,No,56,Yes,No,Fiber optic,No,Yes,Yes,Yes,No,Yes,Two year,Yes,Electronic check,91.56,5132.44,No
CUST-5124,Female,0,No,No,52,Yes,Yes,No,No internet service,No internet service,No internet service,No internet service,No internet service,No internet service,One year,No,Bank transfer (automatic),33.78,1749.79,No
CUST-5125,Female,1,No,No,46,Yes,Yes,DSL,Yes,Yes,Yes,No,No,Yes,Month-to-month,Yes,Electronic check,44.54,2046.3,Yes
CUST-5126,Female,0,No,No,9,Yes,No,DSL,No,Yes,No,No,No,Yes,Month-to-month,Yes,Bank transfer (automatic),45.07,413.75,Yes
CUST-5127,Female,0,Yes,No,58,Yes,No,DSL,No,No,Yes,Yes,Yes,Yes,One year,Yes,Mailed check,84.14,4873.05,No
CUST-5128,Male,0,No,No,23,Yes,Yes,DSL,Yes,Yes,No,No,Yes,Yes,One year,Yes,Credit card (automatic),63.71,1457.56,No
CUST-5129,Male,1,Yes,Yes,3,Yes,Yes,Fiber optic,Yes,Yes,No,Yes,No,Yes,Month-to-month,Yes,Credit card (automatic),95.68,291.74,Yes
CUST-5130,Male,0,Yes,Yes,61,Yes,Yes,Fiber optic,Yes,No,No,Yes,No,Yes,Month-to-month,Yes,Mailed check,84.99,5183.81,No
CUST-5131,Male,0,Yes,No,9,Yes,Yes,No,No internet service,No internet service,No internet service,No internet service,No internet service,No internet service,Month-to-month,Yes,Electronic check,26.0,229.68,No
CUST-5132,Female,0,Yes,No,53,Yes,No,DSL,No,Yes,No,Yes,No,No,Month-to-month,Yes,Mailed check,64.68,3421.48,Yes
CUST-5133,Female,0,Yes,No,68,Yes,No,Fiber optic,Yes,No,No,No,No,No,Month-to-month,Yes,Electronic check,75.14,5113.96,Yes
CUST-5134,Female,0,No,No,49,Yes,No,Fiber optic,Yes,No,No,Yes,Yes,No,Month-to-month,Yes,Mailed check,98.77,4838.52,No
CUST-5135,Male,0,Yes,No,70,Yes,No,No,No internet service,No internet service,No internet service,No internet service,No internet service,No internet service,Two year,Yes,Mailed check,25.83,1802.89,No
CUST-5136,Female,0,Yes,Yes,48,Yes,No,DSL,No,No,Yes,Yes,No,Yes,Two year,Yes,Mailed check,67.3,3239.27,No
CUST-5137,Male,0,Yes,Yes,7,Yes,No,No,No internet service,No internet service,No internet service,No internet service,No internet service,No internet service,Two year,Yes,Mailed check,22.95,161.87,No
CUST-5138,Female,0,No,No,31,No,No phone service,Fiber optic,No,No,Yes,No,Yes,No,One year,No,Bank transfer (automatic),83.08,2572.54,No
CUST-5139,Female,0,No,No,56,Yes,No,Fiber optic,No,No,No,Yes,No,No,One year,No,Electronic check,88.93,4984.47,Yes
CUST-5140,Male,0,Yes,No,61,Yes,Yes,DSL,No,No,No,No,Yes,Yes,Two year,Yes,Electronic check,64.76,3950.29,No
CUST-5141,Male,0,No,No,5,Yes,No,Fiber optic,Yes,No,No,No,No,No,Month-to-month,Yes,Electronic check,68.43,332.34,Yes
CUST-5142,Male,1,No,No,30,Yes,No,Fiber optic,No,No,Yes,No,No,No,Month-to-month,No,Bank transfer (automatic),78.53,2362.71,No
CUST-5143,Female,0,Yes,No,22,Yes,No,Fiber optic,No,Yes,Yes,Yes,Yes,No,Month-to-month,No,Credit card (automatic),109.66,2403.85,Yes
CUST-5144,Female,0,No,Yes,17,Yes,No,Fiber optic,No,Yes,No,No,Yes,Yes,One year,Yes,Bank transfer (automatic),82.75,1416.54,No
CUST-5145,Female,0,No,Yes,10,Yes,Yes,DSL,No,No,No,No,No,No,Month-to-month,Yes,Credit card (automatic),49.84,495.39,Yes
CUST-5146,Male,0,No,Yes,71,Yes,No,DSL,No,Yes,Yes,Yes,Yes,Yes,Month-to-month,No,Electronic check,84.37,5990.77,No
CUST-5147,Male,0,Yes,No,68,Yes,No,Fiber optic,No,Yes,Yes,No,No,Yes,One year,Yes,Mailed check,83.65,5698.19,No
CUST-5148,Female,0,Yes,Yes,42,Yes,Yes,DSL,No,No,No,No,Yes,No,One year,Yes,Credit card (automatic),69.11,2898.0,No
CUST-5149,Female,0,Yes,No,27,Yes,Yes,Fiber optic,Yes,Yes,Yes,No,Yes,No,Month-to-month,No,Electronic check,84.98,2293.71,Yes
CUST-5150,Male,0,No,No,7,Yes,Yes,Fiber optic,No,No,Yes,Yes,Yes,No,One year,Yes,Credit card (automatic),100.41,707.97,No
CUST-5151,Male,0,No,No,23,No,No phone service,DSL,Yes,No,Yes,No,No,No,Two year,Yes,Bank transfer (automatic),51.38,1181.08,No
CUST-5152,Female,0,Yes,Yes,8,Yes,No,Fiber optic,No,No,No,No,No,No,Month-to-month,Yes,Credit card (automatic),78.56,625.16,Yes
CUST-5153,Male,0,Yes,Yes,8,Yes,No,Fiber optic,No,No,No,No,No,Yes,Month-to-month,No,Mailed check,74.99,592.33,Yes
CUST-5154,Male,0,No,No,5,Yes,No,Fiber optic,No,Yes,No,No,No,No,Month-to-month,Yes,Mailed check,72.69,363.71,No
CUST-5155,Male,0,No,Yes,71,Yes,Yes,Fiber optic,No,Yes,No,Yes,No,No,Two year,No,Electronic check,94.02,6676.45,No
CUST-5156,Female,1,No,Yes,2,Yes,No,DSL,Yes,No,Yes,Yes,Yes,No,Two year,Yes,Electronic check,85.3,165.26,No
CUST-5157,Female,0,No,Yes,51,Yes,No,No,No internet service,No internet service,No internet service,No internet service,No internet service,No internet service,Month-to-month,No,Credit card (automatic),18.5,940.18,No
CUST-5158,Female,0,No,Yes,66,No,No phone service,DSL,No,No,Yes,Yes,No,No,Month-to-month,Yes,Mailed check,65.0,4285.97,No
CUST-5159,Female,0,Yes,Yes,12,Yes,Yes,Fiber optic,No,No,No,Yes,No,Yes,Month-to-month,No,Bank transfer (automatic),93.32,1118.39,Yes
CUST-5160,Female,1,Yes,No,47,Yes,Yes,DSL,No,No,No,Yes,Yes,No,Month-to-month,Yes,Bank transfer (automatic),78.08,3675.72,No
CUST-5161,Male,0,Yes,No,55,Yes,No,DSL,No,No,No,Yes,No,Yes,Month-to-month,Yes,Mailed check,69.53,3820.8,No
CUST-5162,Female,0,No,No,26,No,No phone service,Fiber optic,No,No,No,No,No,No,Month-to-month,No,Credit card (automatic),72.75,1886.95,No
CUST-5163,Male,0,Yes,Yes,45,Yes,Yes,DSL,No,Yes,No,No,No,No,Month-to-month,No,Credit card (automatic),54.98,2480.9,No
CUST-5164,Female,1,No,No,62,Yes,Yes,No,No internet service,No internet service,No internet service,No internet service,No internet service,No internet service,Month-to-month,Yes,Bank transfer (automatic),18.5,1153.22,Yes
CUST-5165,Male,0,Yes,No,70,Yes,Yes,DSL,Yes,No,Yes,No,No,No,Month-to-month,No,Credit card (automatic),61.72,4326.27,No
CUST-5166,Male,1,Yes,Yes,2,Yes,Yes,DSL,No,Yes,No,Yes,No,No,Two year,No,Electronic check,64.73,134.32,No
CUST-5167,Male,0,No,No,26,Yes,No,DSL,No,No,No,No,No,Yes,Month-to-month,Yes,Electronic check,53.22,1391.49,Yes
CUST-5168,Male,0,Yes,Yes,14,Yes,No,DSL,No,No,No,No,No,Yes,Month-to-month,No,Electronic check,56.47,794.84,Yes
CUST-5169,Male,0,Yes,No,57,Yes,No,Fiber optic,No,No,Yes,No,No,Yes,Two year,Yes,Credit card (automatic),74.63,4247.3,No
CUST-5170,Male,0,No,No,32,Yes,No,Fiber optic,No,Yes,No,Yes,Yes,Yes,Month-to-month,Yes,Bank transfer (automatic),106.74,3406.34,No
CUST-5171,Female,1,Yes,No,62,Yes,No,DSL,Yes,No,No,Yes,No,Yes,Month-to-month,Yes,Credit card (automatic),65.64,4063.32,Yes
CUST-5172,Male,0,No,Yes,30,Yes,No,DSL,No,Yes,No,No,No,Yes,Month-to-month,No,Electronic check,60.79,1820.99,No
CUST-5173,Female,0,No,No,13,Yes,Yes,DSL,Yes,No,No,No,Yes,No,Month-to-month,Yes,Electronic check,73.57,947.47,No
CUST-5174,Female,0,No,Yes,40,Yes,No,DSL,Yes,No,Yes,No,Yes,No,One year,No,Mailed check,61.69,2472.74,No
CUST-5175,Female,0,No,No,31,Yes,Yes,Fiber optic,No,No,No,No,No,Yes,Month-to-month,No,Electronic check,70.01,2173.14,Yes
CUST-5176,Female,0,Yes,No,37,Yes,No,Fiber optic,No,Yes,No,No,No,No,Month-to-month,Yes,Credit card (automatic),77.89,2886.29,No
CUST-5177,Female,0,No,Yes,45,Yes,No,Fiber optic,Yes,No,No,No,No,No,Two year,Yes,Mailed check,75.82,3403.82,No
CUST-5178,Male,0,Yes,No,59,Yes,Yes,No,No internet service,No internet service,No internet service,No internet service,No internet service,No internet service,Month-to-month,Yes,Bank transfer (automatic),28.24,1662.74,No
CUST-5179,Male,0,Yes,No,28,Yes,Yes,No,No internet service,No internet service,No internet service,No internet service,No internet service,No internet service,One year,Yes,Mailed check,22.24,621.91,No
CUST-5180,Male,0,Yes,No,61,Yes,Yes,Fiber optic,No,Yes,Yes,No,No,No,Two year,No,Mailed check,75.25,4592.3,No
CUST-5181,Female,0,Yes,Yes,19,No,No phone service,DSL,No,Yes,No,No,No,No,Two year,No,Bank transfer (automatic),45.46,869.8,No
CUST-5182,Female,0,No,No,43,No,No phone service,No,No internet service,No internet service,No internet service,No internet service,No internet service,No internet service,Month-to-month,No,Electronic check,18.5,805.04,No
CUST-5183,Male,0,Yes,No,59,Yes,Yes,Fiber optic,Yes,Yes,Yes,No,No,No,Two year,Yes,Credit card (automatic),71.69,4221.35,Yes
CUST-5184,Male,0,No,No,16,Yes,No,DSL,Yes,Yes,Yes,No,No,No,One year,No,Mailed check,48.31,775.79,No
CUST-5185,Female,0,Yes,No,69,Yes,No,Fiber optic,No,Yes,Yes,No,No,Yes,One year,No,Mailed check,73.31,5051.09,No
CUST-5186,Male,0,Yes,No,44,Yes,No,No,No internet service,No internet service,No internet service,No internet service,No internet service,No internet service,One year,No,Bank transfer (automatic),18.5,810.0,No
CUST-5187,Female,0,No,No,66,Yes,No,Fiber optic,No,Yes,No,No,Yes,No,Month-to-month,Yes,Bank transfer (automatic),90.24,5961.28,Yes
CUST-5188,Female,1,Yes,Yes,10,Yes,Yes,DSL,Yes,No,Yes,No,Yes,No,Month-to-month,Yes,Credit card (automatic),67.96,689.48,Yes
CUST-5189,Female,0,No,No,47,Yes,Yes,No,No internet service,No internet service,No internet service,No internet service,No internet service,No internet service,One year,No,Credit card (automatic),25.03,1176.94,No
CUST-5190,Female,1,Yes,No,19,Yes,No,No,No internet service,No internet service,No internet service,No internet service,No internet service,No internet service,Month-to-month,No,Electronic check,24.01,453.25,No
CUST-5191,Female,0,Yes,No,51,Yes,No,DSL,Yes,No,Yes,No,Yes,Yes,One year,No,Electronic check,57.97,2950.75,No
CUST-5192,Male,1,No,No,13,Yes,No,No,No internet service,No internet service,No internet service,No internet service,No internet service,No internet service,Month-to-month,Yes,Electronic check,18.5,246.15,No
CUST-5193,Female,0,No,Yes,63,Yes,Yes,No,No internet service,No internet service,No internet service,No internet service,No internet service,No internet service,Two year,Yes,Mailed check,18.5,1173.57,No
CUST-5194,Female,0,Yes,No,16,Yes,No,DSL,No,No,No,No,No,No,Month-to-month,No,Mailed check,44.49,718.81,No
CUST-5195,Male,0,Yes,No,53,Yes,No,Fiber optic,No,Yes,No,Yes,Yes,Yes,Month-to-month,Yes,Bank transfer (automatic),107.23,5683.38,No
CUST-5196,Male,0,Yes,Yes,35,Yes,No,DSL,No,No,No,Yes,No,Yes,One year,Yes,Credit card (automatic),64.91,2273.63,No
CUST-5197,Male,1,No,No,59,Yes,No,Fiber optic,No,No,No,Yes,No,No,Month-to-month,Yes,Credit card (automatic),90.66,5355.67,No
CUST-5198,Male,0,No,No,39,Yes,No,No,No internet service,No internet service,No internet service,No internet service,No internet service,No internet service,Two year,Yes,Mailed check,26.49,1041.69,No
CUST-5199,Female,0,No,Yes,67,Yes,Yes,Fiber optic,No,No,No,No,No,Yes,One year,Yes,Mailed check,73.33,4921.89,No
CUST-5200,Female,1,Yes,Yes,61,Yes,No,DSL,Yes,No,Yes,Yes,Yes,No,Month-to-month,Yes,Bank transfer (automatic),74.45,4545.25,No
CUST-5201,Male,0,No,No,50,No,No phone service,No,No internet service,No internet service,No internet service,No internet service,No internet service,No internet service,Month-to-month,No,Mailed check,19.05,946.33,No
CUST-5202,Male,0,No,No,53,Yes,Yes,No,No internet service,No internet service,No internet service,No internet service,No internet service,No internet service,Month-to-month,Yes,Electronic check,18.5,976.76,Yes
CUST-5203,Female,0,No,Yes,46,Yes,No,DSL,Yes,No,No,No,No,Yes,One year,No,Electronic check,49.27,2261.74,No
CUST-5204,Male,1,No,No,52,Yes,No,No,No internet service,No internet service,No internet service,No internet service,No internet service,No internet service,Two year,No,Credit card (automatic),18.5,955.47,No
CUST-5205,Male,0,No,No,29,Yes,No,DSL,Yes,Yes,No,No,Yes,No,Month-to-month,Yes,Bank transfer (automatic),65.21,1886.11,No
CUST-5206,Female,0,Yes,No,5,Yes,Yes,DSL,Yes,No,Yes,Yes,Yes,Yes,Month-to-month,Yes,Bank transfer (automatic),85.63,435.55,Yes
CUST-5207,Female,0,No,No,67,Yes,Yes,Fiber optic,No,No,Yes,No,Yes,No,Month-to-month,No,Credit card (automatic),92.74,6218.99,Yes
CUST-5208,Male,0,No,No,40,Yes,No,Fiber optic,Yes,Yes,Yes,No,No,Yes,Month-to-month,Yes,Electronic check,76.62,3055.67,Yes
CUST-5209,Male,0,Yes,No,72,Yes,Yes,Fiber optic,Yes,Yes,No,Yes,Yes,No,Two year,Yes,Mailed check,107.59,7739.43,No
CUST-5210,Male,1,Yes,Yes,2,Yes,Yes,DSL,Yes,No,Yes,Yes,No,No,Month-to-month,No,Electronic check,61.36,132.42,No
CUST-5211,Female,1,No,No,68,Yes,Yes,DSL,Yes,Yes,Yes,Yes,No,No,Month-to-month,Yes,Bank transfer (automatic),54.77,3718.88,No
CUST-5212,Female,0,Yes,No,62,Yes,No,No,No internet service,No internet service,No internet service,No internet service,No internet service,No internet service,One year,No,Electronic check,18.5,1149.69,No
CUST-5213,Male,0,No,Yes,58,Yes,Yes,DSL,No,Yes,No,Yes,No,Yes,One year,Yes,Bank transfer (automatic),68.08,3942.75,No
CUST-5214,Female,0,Yes,No,69,Yes,No,DSL,No,Yes,No,No,No,Yes,Month-to-month,Yes,Mailed check,54.94,3785.53,Yes
CUST-5215,Female,0,Yes,Yes,58,Yes,Yes,Fiber optic,No,No,Yes,No,No,No,Month-to-month,Yes,Mailed check,81.66,4736.25,Yes
CUST-5216,Male,0,Yes,No,35,Yes,No,Fiber optic,Yes,No,No,Yes,No,No,One year,No,Credit card (automatic),83.55,2924.0,No
CUST-5217,Male,1,Yes,No,14,Yes,Yes,DSL,No,Yes,No,Yes,Yes,No,One year,Yes,Mailed check,86.05,1207.62,No
CUST-5218,Female,1,Yes,No,15,Yes,No,DSL,Yes,No,Yes,No,No,No,Month-to-month,No,Electronic check,43.64,647.96,No
CUST-5219,Male,0,No,Yes,6,Yes,No,No,No internet service,No internet service,No internet service,No internet service,No internet service,No internet service,Month-to-month,No,Credit card (automatic),22.14,128.09,No
CUST-5220,Male,0,No,Yes,16,Yes,Yes,No,No internet service,No internet service,No internet service,No internet service,No internet service,No internet service,Two year,Yes,Bank transfer (automatic),22.91,369.04,No
CUST-5221,Female,0,No,No,46,Yes,No,DSL,No,No,No,Yes,No,Yes,Month-to-month,No,Mailed check,61.64,2827.39,Yes
CUST-5222,Female,0,Yes,No,63,Yes,No,Fiber optic,Yes,Yes,Yes,Yes,Yes,Yes,Month-to-month,No,Mailed check,109.05,6878.34,Yes
CUST-5223,Female,0,No,No,12,Yes,Yes,DSL,Yes,Yes,No,Yes,Yes,Yes,One year,Yes,Mailed check,69.07,822.42,No
CUST-5224,Female,1,No,Yes,41,Yes,No,Fiber optic,No,No,Yes,No,Yes,Yes,One year,Yes,Mailed check,85.04,3485.41,No
CUST-5225,Female,1,No,Yes,19,Yes,No,DSL,No,No,Yes,No,No,Yes,One year,Yes,Electronic check,46.1,868.07,Yes
CUST-5226,Male,0,No,No,2,Yes,Yes,Fiber optic,Yes,No,Yes,No,No,Yes,One year,Yes,Credit card (automatic),78.31,160.32,No
CUST-5227,Female,1,Yes,No,20,Yes,Yes,Fiber optic,No,No,No,Yes,Yes,No,Two year,No,Mailed check,108.14,2159.34,No
CUST-5228,Male,0,Yes,Yes,9,Yes,No,Fiber optic,No,No,No,No,No,Yes,Month-to-month,No,Mailed check,76.1,676.37,Yes
CUST-5229,Male,0,Yes,No,21,Yes,No,Fiber optic,Yes,No,Yes,No,Yes,Yes,One year,Yes,Bank transfer (automatic),91.05,1913.9,No
CUST-5230,Female,0,Yes,No,8,Yes,No,Fiber optic,Yes,No,Yes,No,No,Yes,One year,No,Electronic check,81.39,660.73,Yes
CUST-5231,Female,0,No,Yes,39,Yes,No,Fiber optic,Yes,No,Yes,No,Yes,Yes,One year,No,Electronic check,88.17,3446.05,Yes
CUST-5232,Male,1,Yes,No,37,Yes,Yes,DSL,Yes,Yes,No,No,Yes,Yes,Two year,Yes,Mailed check,62.78,2326.92,No
CUST-5233,Female,0,No,No,29,Yes,Yes,DSL,Yes,No,No,Yes,Yes,No,One year,No,Electronic check,79.24,2288.21,No
CUST-5234,Male,0,No,No,35,Yes,No,Fiber optic,No,Yes,No,No,No,Yes,Month-to-month,Yes,Bank transfer (automatic),70.06,2459.3,No
CUST-5235,Male,0,No,No,38,Yes,No,Fiber optic,No,No,No,No,Yes,No,Two year,Yes,Credit card (automatic),93.11,3546.11,No
CUST-5236,Male,0,No,No,35,No,No phone service,Fiber optic,No,Yes,No,Yes,No,No,Month-to-month,No,Credit card (automatic),83.84,2925.16,Yes
CUST-5237,Female,0,Yes,Yes,68,Yes,Yes,Fiber optic,No,No,No,Yes,Yes,Yes,Month-to-month,Yes,Bank transfer (automatic),104.11,7071.93,No
CUST-5238,Female,0,No,No,3,Yes,No,Fiber optic,Yes,No,Yes,No,No,Yes,One year,Yes,Credit card (automatic),79.55,237.68,No
CUST-5239,Male,0,Yes,No,12,Yes,No,No,No internet service,No internet service,No internet service,No internet service,No internet service,No internet service,Month-to-month,Yes,Electronic check,18.72,222.68,Yes
CUST-5240,Female,0,No,No,32,Yes,No,Fiber optic,No,Yes,Yes,No,Yes,Yes,One year,No,Mailed check,84.77,2708.53,Yes
CUST-5241,Male,0,No,Yes,47,Yes,Yes,DSL,No,No,Yes,Yes,Yes,No,Month-to-month,Yes,Electronic check,81.68,3832.92,Yes
CUST-5242,Female,0,No,No,63,Yes,Yes,DSL,No,Yes,No,No,No,Yes,Two year,Yes,Electronic check,53.63,3379.67,No
CUST-5243,Male,0,Yes,No,26,Yes,No,Fiber optic,No,No,No,No,No,Yes,One year,No,Bank transfer (automatic),77.36,2016.79,No
CUST-5244,Male,0,No,No,43,Yes,No,DSL,No,No,No,No,Yes,Yes,Month-to-month,No,Electronic check,67.58,2914.68,Yes
CUST-5245,Female,1,Yes,No,44,Yes,Yes,DSL,No,No,No,No,Yes,Yes,Month-to-month,Yes,Electronic check,61.48,2701.14,Yes
CUST-5246,Male,0,Yes,No,38,No,No phone service,DSL,No,Yes,No,No,No,Yes,Month-to-month,Yes,Mailed check,60.96,2320.54,No
CUST-5247,Male,0,No,Yes,29,Yes,No,DSL,No,No,Yes,No,Yes,No,Two year,Yes,Electronic check,70.16,2040.4,No
CUST-5248,Female,0,Yes,No,55,Yes,Yes,Fiber optic,No,No,Yes,No,No,No,Month-to-month,Yes,Electronic check,71.63,3939.21,Yes
CUST-5249,Female,0,No,No,52,Yes,Yes,DSL,Yes,Yes,Yes,Yes,No,Yes,Month-to-month,No,Electronic check,66.12,3446.66,No
CUST-5250,Male,0,Yes,No,19,Yes,Yes,Fiber optic,No,No,Yes,Yes,Yes,No,Month-to-month,Yes,Electronic check,106.11,2006.55,No
CUST-5251,Male,0,No,No,35,Yes,Yes,DSL,No,No,No,Yes,No,No,Two year,Yes,Credit card (automatic),65.81,2311.36,No
CUST-5252,Male,0,Yes,No,48,Yes,No,Fiber optic,Yes,No,No,No,Yes,No,Month-to-month,No,Electronic check,92.17,4432.01,Yes
CUST-5253,Female,0,No,No,60,Yes,No,Fiber optic,No,No,Yes,Yes,Yes,No,One year,No,Electronic check,105.0,6292.74,No
CUST-5254,Male,0,No,Yes,31,No,No phone service,Fiber optic,No,No,No,No,Yes,No,Month-to-month,No,Electronic check,92.97,2880.86,Yes
CUST-5255,Female,0,No,No,3,Yes,Yes,Fiber optic,No,No,No,No,No,Yes,Month-to-month,No,Electronic check,79.37,238.43,Yes
CUST-5256,Female,0,Yes,No,35,Yes,No,DSL,Yes,No,No,No,Yes,No,Month-to-month,No,Electronic check,67.01,2343.39,Yes
CUST-5257,Male,0,No,Yes,52,Yes,No,Fiber optic,No,Yes,Yes,No,Yes,No,One year,Yes,Bank transfer (automatic),86.91,4527.23,Yes
CUST-5258,Male,0,Yes,Yes,71,Yes,Yes,DSL,Yes,Yes,No,No,Yes,No,Two year,Yes,Credit card (automatic),70.87,5036.03,No
CUST-5259,Male,0,Yes,Yes,51,Yes,No,DSL,Yes,No,Yes,No,No,Yes,Month-to-month,No,Bank transfer (automatic),49.75,2529.72,Yes
CUST-5260,Male,0,Yes,No,56,Yes,No,No,No internet service,No internet service,No internet service,No internet service,No internet service,No internet service,One year,Yes,Credit card (automatic),21.03,1186.21,No
CUST-5261,Female,0,No,No,21,Yes,No,No,No internet service,No internet service,No internet service,No internet service,No internet service,No internet service,Month-to-month,No,Credit card (automatic),18.5,379.42,No
CUST-5262,Male,0,Yes,Yes,1,Yes,No,No,No internet service,No internet service,No internet service,No internet service,No internet service,No internet service,Month-to-month,Yes,Electronic check,26.48,28.39,Yes
CUST-5263,Male,0,No,Yes,53,Yes,Yes,No,No internet service,No internet service,No internet service,No internet service,No internet service,No internet service,Month-to-month,Yes,Bank transfer (automatic),18.5,980.95,No
CUST-5264,Female,0,No,No,6,Yes,Yes,Fiber optic,No,Yes,No,No,Yes,Yes,Month-to-month,No,Bank transfer (automatic),89.46,528.21,Yes
CUST-5265,Male,0,Yes,No,62,Yes,No,Fiber optic,Yes,Yes,Yes,Yes,Yes,No,Month-to-month,Yes,Electronic check,117.57,7293.26,No
CUST-5266,Female,0,No,Yes,47,Yes,No,DSL,Yes,Yes,No,No,No,Yes,Two year,No,Credit card (automatic),41.01,1936.72,No
CUST-5267,Male,0,Yes,No,50,Yes,Yes,No,No internet service,No internet service,No internet service,No internet service,No internet service,No internet service,Month-to-month,Yes,Credit card (automatic),18.5,924.17,No
CUST-5268,Female,0,No,No,31,Yes,Yes,Fiber optic,No,No,No,No,Yes,No,Two year,Yes,Bank transfer (automatic),95.43,2958.61,No
CUST-5269,Female,0,Yes,No,64,Yes,No,DSL,No,No,Yes,No,No,Yes,Month-to-month,Yes,Electronic check,50.59,3235.44,Yes
CUST-5270,Female,0,No,No,29,Yes,Yes,Fiber optic,No,Yes,No,No,No,Yes,Month-to-month,Yes,Mailed check,77.89,2266.31,Yes
CUST-5271,Female,0,Yes,No,15,Yes,Yes,DSL,No,Yes,Yes,No,No,Yes,Month-to-month,Yes,Bank transfer (automatic),43.42,659.86,Yes
CUST-5272,Male,0,Yes,Yes,58,Yes,Yes,No,No internet service,No internet service,No internet service,No internet service,No internet service,No internet service,Two year,Yes,Electronic check,19.06,1103.42,No
CUST-5273,Male,0,Yes,Yes,23,No,No phone service,Fiber optic,No,No,No,Yes,Yes,Yes,One year,Yes,Electronic check,104.4,2409.02,No
CUST-5274,Female,0,Yes,No,38,Yes,Yes,DSL,No,No,No,No,Yes,No,One year,Yes,Electronic check,65.07,2466.75,No
CUST-5275,Female,0,Yes,No,41,Yes,Yes,DSL,No,Yes,Yes,No,Yes,No,Month-to-month,No,Bank transfer (automatic),65.43,2681.79,Yes
CUST-5276,Male,0,Yes,No,15,Yes,No,No,No internet service,No internet service,No internet service,No internet service,No internet service,No internet service,Month-to-month,No,Bank transfer (automatic),18.5,272.54,No
CUST-5277,Male,0,No,No,3,Yes,Yes,Fiber optic,Yes,No,No,No,No,No,Two year,No,Bank transfer (automatic),74.31,217.41,Yes
CUST-5278,Male,0,No,Yes,1,Yes,No,DSL,No,No,No,No,No,No,Two year,No,Electronic check,57.48,64.62,Yes
CUST-5279,Male,0,No,No,11,Yes,No,Fiber optic,No,No,No,Yes,No,Yes,One year,Yes,Credit card (automatic),88.63,979.21,No
CUST-5280,Male,0,No,No,60,Yes,No,DSL,No,No,No,Yes,Yes,No,One year,No,Mailed check,75.38,4514.14,No
CUST-5281,Female,1,No,No,65,No,No phone service,DSL,No,Yes,Yes,Yes,No,No,One year,Yes,Mailed check,62.03,4037.1,No
CUST-5282,Male,0,No,No,4,Yes,No,Fiber optic,No,No,No,Yes,No,No,One year,Yes,Mailed check,95.96,385.3,No
CUST-5283,Male,0,No,No,25,Yes,No,Fiber optic,No,No,No,Yes,Yes,No,One year,Yes,Mailed check,92.38,2315.24,No
CUST-5284,Female,1,Yes,No,72,Yes,Yes,DSL,Yes,Yes,Yes,No,Yes,Yes,Two year,No,Credit card (automatic),68.19,4911.55,No
CUST-5285,Female,0,No,No,43,Yes,Yes,Fiber optic,No,No,Yes,No,Yes,No,One year,No,Bank transfer (automatic),91.88,3948.39,No
CUST-5286,Female,0,Yes,No,40,Yes,Yes,DSL,No,Yes,No,No,No,No,One year,Yes,Mailed check,45.98,1839.1,No
CUST-5287,Female,0,No,Yes,44,Yes,Yes,No,No internet service,No internet service,No internet service,No internet service,No internet service,No internet service,Month-to-month,Yes,Bank transfer (automatic),35.09,1536.79,No
CUST-5288,Male,0,No,No,72,No,No phone service,DSL,Yes,Yes,No,No,No,Yes,Two year,Yes,Electronic check,54.75,3938.21,No
CUST-5289,Female,0,Yes,No,59,Yes,No,DSL,No,No,Yes,Yes,No,Yes,Month-to-month,No,Electronic check,65.93,3880.32,No
CUST-5290,Female,0,No,No,23,Yes,No,DSL,No,No,Yes,No,Yes,No,Two year,Yes,Mailed check,70.86,1627.9,No
CUST-5291,Male,0,Yes,No,62,Yes,Yes,DSL,No,No,Yes,No,No,No,One year,Yes,Electronic check,53.03,3279.68,No
CUST-5292,Female,0,Yes,No,23,No,No phone service,DSL,No,Yes,Yes,No,No,Yes,Month-to-month,Yes,Electronic check,51.93,1197.6,Yes
CUST-5293,Female,0,Yes,No,58,No,No phone service,DSL,Yes,No,No,No,No,No,Month-to-month,Yes,Mailed check,51.0,2966.25,Yes
CUST-5294,Male,1,No,No,55,Yes,No,Fiber optic,Yes,No,Yes,No,Yes,Yes,Two year,Yes,Bank transfer (automatic),87.37,4810.16,No
CUST-5295,Male,1,No,Yes,33,Yes,No,DSL,No,No,No,Yes,No,Yes,Month-to-month,Yes,Mailed check,70.24,2312.07,No
CUST-5296,Male,1,No,No,63,Yes,Yes,DSL,No,Yes,No,No,No,No,Two year,Yes,Mailed check,49.47,3116.75,No
CUST-5297,Male,0,Yes,No,60,Yes,No,No,No internet service,No internet service,No internet service,No internet service,No internet service,No internet service,One year,Yes,Mailed check,25.81,1552.84,No
CUST-5298,Male,1,No,No,61,Yes,No,DSL,Yes,No,Yes,Yes,Yes,No,Month-to-month,Yes,Electronic check,85.69,5233.2,Yes
CUST-5299,Female,0,No,No,61,Yes,Yes,Fiber optic,No,No,No,No,Yes,No,Month-to-month,Yes,Credit card (automatic),94.82,5779.68,Yes
CUST-5300,Male,0,Yes,No,69,Yes,No,DSL,No,No,Yes,Yes,No,Yes,Month-to-month,Yes,Electronic check,62.92,4341.02,No
CUST-5301,Female,0,No,No,21,Yes,No,DSL,No,No,No,No,No,No,Month-to-month,Yes,Mailed check,45.75,952.84,No
CUST-5302,Female,1,Yes,No,3,Yes,No,Fiber optic,Yes,No,No,No,No,No,Two year,No,Electronic check,74.82,228.99,No
CUST-5303,Female,0,Yes,Yes,48,Yes,No,DSL,No,Yes,No,Yes,Yes,Yes,One year,No,Credit card (automatic),80.02,3839.65,No
CUST-5304,Female,0,Yes,No,10,Yes,No,No,No internet service,No internet service,No internet service,No internet service,No internet service,No internet service,Month-to-month,Yes,Mailed check,18.5,175.83,No
CUST-5305,Male,0,No,No,42,No,No phone service,DSL,No,No,No,Yes,Yes,Yes,Month-to-month,Yes,Electronic check,85.11,3575.21,Yes
CUST-5306,Male,0,Yes,No,66,Yes,Yes,Fiber optic,Yes,Yes,No,Yes,Yes,No,Month-to-month,Yes,Electronic check,109.6,7239.43,No
CUST-5307,Female,0,Yes,Yes,46,Yes,No,Fiber optic,No,No,Yes,Yes,Yes,Yes,Two year,No,Credit card (automatic),108.81,4996.15,No
CUST-5308,Female,0,Yes,No,9,Yes,No,DSL,Yes,Yes,No,No,Yes,Yes,One year,No,Mailed check,72.18,647.69,Yes
CUST-5309,Female,0,Yes,No,49,Yes,No,Fiber optic,No,No,No,Yes,No,Yes,Month-to-month,Yes,Bank transfer (automatic),91.19,4467.95,No
CUST-5310,Male,0,Yes,No,4,Yes,No,Fiber optic,No,No,No,Yes,No,No,One year,No,Bank transfer (automatic),84.63,348.51,No
CUST-5311,Female,0,Yes,No,60,No,No phone service,Fiber optic,Yes,Yes,No,No,No,No,Two year,Yes,Mailed check,81.99,4913.77,Yes
CUST-5312,Male,0,No,Yes,29,Yes,No,Fiber optic,Yes,No,Yes,Yes,Yes,No,One year,No,Credit card (automatic),107.42,3121.56,No
CUST-5313,Female,0,Yes,No,47,Yes,Yes,DSL,No,Yes,No,No,Yes,Yes,Month-to-month,Yes,Electronic check,70.61,3311.59,No
CUST-5314,Female,0,No,No,63,Yes,No,Fiber optic,Yes,No,No,No,Yes,No,Two year,Yes,Credit card (automatic),92.32,5825.44,No
CUST-5315,Male,0,No,No,31,Yes,No,DSL,No,No,Yes,No,No,No,One year,Yes,Bank transfer (automatic),47.11,1456.54,No
CUST-5316,Female,0,Yes,Yes,51,Yes,Yes,DSL,No,Yes,Yes,No,Yes,Yes,Month-to-month,Yes,Credit card (automatic),59.07,3005.48,Yes
CUST-5317,Male,0,Yes,No,41,Yes,No,DSL,Yes,Yes,Yes,No,No,Yes,Two year,Yes,Electronic check,54.85,2246.49,No
CUST-5318,Male,0,No,No,36,Yes,No,No,No internet service,No internet service,No internet service,No internet service,No internet service,No internet service,Two year,No,Electronic check,18.5,656.3,No
CUST-5319,Female,0,Yes,No,40,Yes,Yes,Fiber optic,No,No,No,No,No,Yes,One year,Yes,Electronic check,80.28,3203.38,No
CUST-5320,Female,0,Yes,No,60,Yes,No,DSL,No,No,Yes,No,No,Yes,Month-to-month,Yes,Bank transfer (automatic),40.03,2401.72,No
CUST-5321,Female,1,Yes,No,15,Yes,No,DSL,No,Yes,Yes,No,No,No,Month-to-month,Yes,Electronic check,53.35,809.06,Yes
CUST-5322,Female,0,No,No,30,Yes,No,DSL,No,Yes,Yes,No,Yes,No,Two year,No,Credit card (automatic),67.93,2036.8,No
CUST-5323,Male,0,No,Yes,30,Yes,Yes,DSL,Yes,No,No,Yes,No,No,Month-to-month,Yes,Bank transfer (automatic),73.09,2195.9,No
CUST-5324,Female,0,No,Yes,27,Yes,No,DSL,No,No,Yes,No,No,No,One year,No,Credit card (automatic),48.01,1300.41,No
CUST-5325,Female,1,No,No,40,Yes,No,DSL,No,Yes,Yes,No,No,No,Month-to-month,Yes,Bank transfer (automatic),49.88,1985.93,No
CUST-5326,Male,0,Yes,Yes,45,Yes,No,DSL,No,No,Yes,No,No,No,Month-to-month,Yes,Bank transfer (automatic),57.97,2605.09,Yes
CUST-5327,Female,0,Yes,No,47,Yes,No,Fiber optic,Yes,Yes,Yes,No,Yes,No,Two year,Yes,Electronic check,96.98,4568.0,Yes
CUST-5328,Male,0,Yes,Yes,56,Yes,No,No,No internet service,No internet service,No internet service,No internet service,No internet service,No internet service,Month-to-month,Yes,Credit card (automatic),18.5,1026.14,No
CUST-5329,Female,0,Yes,Yes,54,Yes,Yes,DSL,Yes,Yes,No,No,Yes,Yes,Two year,No,Bank transfer (automatic),59.93,3235.62,No
CUST-5330,Male,0,Yes,Yes,9,No,No phone service,Fiber optic,No,Yes,No,No,No,Yes,Two year,Yes,Mailed check,75.67,687.78,No
CUST-5331,Male,0,Yes,No,65,Yes,No,DSL,Yes,No,Yes,No,No,Yes,Two year,Yes,Credit card (automatic),55.15,3580.52,No
CUST-5332,Male,0,Yes,No,70,Yes,Yes,Fiber optic,No,No,No,No,Yes,Yes,Two year,Yes,Credit card (automatic),93.51,6555.63,No
CUST-5333,Female,0,Yes,No,1,Yes,Yes,DSL,Yes,No,Yes,No,No,No,Month-to-month,No,Electronic check,49.48,49.48,Yes
CUST-5334,Male,0,Yes,No,13,Yes,Yes,Fiber optic,No,No,No,Yes,No,Yes,Two year,No,Credit card (automatic),101.01,1321.41,No
CUST-5335,Male,0,No,No,38,Yes,No,No,No internet service,No internet service,No internet service,No internet service,No internet service,No internet service,Month-to-month,No,Mailed check,18.58,706.61,No
CUST-5336,Female,0,No,No,45,Yes,Yes,Fiber optic,No,Yes,No,Yes,No,No,One year,Yes,Mailed check,92.15,4144.7,No
CUST-5337,Female,1,No,No,40,Yes,Yes,Fiber optic,Yes,Yes,Yes,No,No,Yes,Two year,No,Electronic check,69.28,2775.4,No
CUST-5338,Male,0,Yes,No,15,Yes,Yes,Fiber optic,No,No,No,Yes,No,No,Two year,No,Credit card (automatic),86.74,1310.27,No
CUST-5339,Male,0,Yes,No,50,Yes,No,DSL,Yes,No,Yes,No,No,No,Month-to-month,Yes,Mailed check,50.19,2507.02,No
CUST-5340,Male,0,Yes,No,2,Yes,No,Fiber optic,No,No,No,Yes,Yes,No,Month-to-month,Yes,Credit card (automatic),107.77,222.84,No
CUST-5341,Male,0,Yes,No,53,Yes,Yes,DSL,Yes,Yes,No,Yes,No,Yes,One year,No,Credit card (automatic),54.25,2878.44,No
CUST-5342,Female,1,Yes,No,26,Yes,No,DSL,No,No,No,Yes,Yes,No,Month-to-month,No,Credit card (automatic),76.15,1977.47,No
CUST-5343,Female,0,No,No,66,Yes,Yes,Fiber optic,No,Yes,Yes,Yes,No,No,One year,Yes,Credit card (automatic),79.17,5216.33,No
CUST-5344,Female,0,No,Yes,33,Yes,Yes,Fiber optic,No,Yes,No,No,Yes,No,Two year,Yes,Credit card (automatic),81.81,2695.96,No
CUST-5345,Male,1,Yes,No,59,Yes,Yes,DSL,No,Yes,No,Yes,No,No,Two year,Yes,Electronic check,72.76,4299.47,No
CUST-5346,Female,0,Yes,Yes,26,Yes,Yes,Fiber optic,No,Yes,No,Yes,No,No,Month-to-month,No,Electronic check,86.74,2247.14,Yes
CUST-5347,Female,1,Yes,No,21,Yes,No,Fiber optic,Yes,No,No,No,No,No,One year,No,Bank transfer (automatic),86.29,1813.53,No
CUST-5348,Female,0,Yes,No,49,Yes,Yes,DSL,No,No,No,Yes,Yes,Yes,Month-to-month,Yes,Electronic check,73.75,3613.99,Yes
CUST-5349,Female,1,Yes,No,71,Yes,No,DSL,Yes,No,Yes,Yes,No,No,Two year,No,Credit card (automatic),69.13,4911.46,No
CUST-5350,Female,0,Yes,Yes,71,Yes,No,No,No internet service,No internet service,No internet service,No internet service,No internet service,No internet service,Month-to-month,No,Credit card (automatic),21.28,1519.66,No
CUST-5351,Female,0,Yes,Yes,66,No,No phone service,No,No internet service,No internet service,No internet service,No internet service,No internet service,No internet service,Two year,Yes,Electronic check,20.27,1342.86,No
CUST-5352,Male,1,Yes,Yes,37,Yes,Yes,DSL,Yes,No,No,Yes,Yes,Yes,Month-to-month,Yes,Electronic check,73.07,2703.8,No
CUST-5353,Female,0,Yes,No,14,No,No phone service,DSL,Yes,No,No,No,Yes,No,Month-to-month,Yes,Bank transfer (automatic),63.08,889.73,Yes
CUST-5354,Female,0,Yes,No,72,Yes,Yes,DSL,Yes,No,Yes,No,No,No,Two year,Yes,Bank transfer (automatic),50.04,3606.91,No
CUST-5355,Female,0,Yes,No,7,Yes,No,DSL,Yes,No,Yes,No,Yes,Yes,Month-to-month,No,Mailed check,63.38,451.57,No
CUST-5356,Male,0,No,No,38,Yes,Yes,DSL,No,Yes,No,No,Yes,Yes,Month-to-month,Yes,Mailed check,67.23,2559.23,No
CUST-5357,Female,0,Yes,No,45,Yes,Yes,No,No internet service,No internet service,No internet service,No internet service,No internet service,No internet service,One year,No,Electronic check,18.5,837.56,No
CUST-5358,Female,1,No,No,22,Yes,Yes,No,No internet service,No internet service,No internet service,No internet service,No internet service,No internet service,Month-to-month,Yes,Bank transfer (automatic),18.5,398.68,No
CUST-5359,Male,0,No,Yes,44,Yes,No,Fiber optic,No,No,No,Yes,No,No,Month-to-month,Yes,Bank transfer (automatic),89.99,3949.64,No
CUST-5360,Male,0,No,Yes,35,Yes,No,DSL,Yes,Yes,No,No,No,Yes,Month-to-month,Yes,Electronic check,54.75,1925.36,Yes
CUST-5361,Female,0,No,No,60,Yes,Yes,DSL,Yes,Yes,No,No,No,No,Month-to-month,Yes,Electronic check,60.27,3611.24,No
CUST-5362,Female,0,No,No,3,Yes,Yes,Fiber optic,No,Yes,No,No,Yes,Yes,One year,Yes,Mailed check,86.46,252.68,Yes
CUST-5363,Female,0,No,No,67,Yes,Yes,Fiber optic,Yes,Yes,No,Yes,No,No,Month-to-month,Yes,Mailed check,78.82,5274.11,Yes
CUST-5364,Male,0,Yes,No,72,Yes,Yes,DSL,No,No,No,Yes,Yes,No,Month-to-month,Yes,Credit card (automatic),84.14,6062.84,No
CUST-5365,Female,0,Yes,No,55,Yes,No,Fiber optic,Yes,No,No,No,No,No,One year,Yes,Mailed check,81.59,4478.38,No
CUST-5366,Male,0,No,No,9,Yes,No,Fiber optic,No,Yes,No,Yes,No,No,Two year,No,Credit card (automatic),83.87,758.05,No
CUST-5367,Male,0,No,Yes,69,Yes,Yes,Fiber optic,Yes,No,Yes,No,No,No,Month-to-month,Yes,Electronic check,81.5,5624.93,Yes
CUST-5368,Male,0,No,No,28,Yes,Yes,Fiber optic,No,No,Yes,Yes,Yes,Yes,Two year,No,Bank transfer (automatic),108.12,3020.31,Yes
CUST-5369,Male,0,No,No,15,Yes,Yes,Fiber optic,No,No,No,Yes,Yes,Yes,Month-to-month,Yes,Bank transfer (automatic),99.13,1479.66,No
CUST-5370,Male,0,No,Yes,31,No,No phone service,DSL,No,No,No,Yes,No,No,Two year,Yes,Bank transfer (automatic),51.74,1596.59,No
CUST-5371,Male,0,No,No,59,Yes,Yes,Fiber optic,Yes,No,No,Yes,Yes,Yes,Month-to-month,No,Mailed check,101.6,5989.59,No
CUST-5372,Male,0,No,No,54,Yes,No,DSL,Yes,Yes,Yes,Yes,No,Yes,Two year,Yes,Electronic check,70.48,3808.76,No
CUST-5373,Male,1,No,No,68,Yes,Yes,DSL,Yes,Yes,No,No,No,No,Two year,No,Bank transfer (automatic),47.33,3212.58,No
CUST-5374,Female,0,No,No,47,Yes,Yes,DSL,Yes,No,Yes,No,Yes,No,Month-to-month,Yes,Bank transfer (automatic),65.45,3079.35,No
CUST-5375,Male,0,No,No,42,Yes,Yes,DSL,Yes,No,Yes,No,Yes,No,Month-to-month,Yes,Electronic check,56.56,2384.95,Yes
CUST-5376,Male,0,No,No,23,Yes,No,No,No internet service,No internet service,No internet service,No internet service,No internet service,No internet service,Month-to-month,No,Electronic check,24.21,564.07,Yes
CUST-5377,Female,0,No,No,65,Yes,No,DSL,Yes,No,No,No,No,No,Month-to-month,No,Credit card (automatic),48.26,3142.86,No
CUST-5378,Male,1,Yes,Yes,54,Yes,Yes,No,No internet service,No internet service,No internet service,No internet service,No internet service,No internet service,One year,No,Credit card (automatic),24.86,1351.42,No
CUST-5379,Female,0,Yes,No,11,Yes,Yes,DSL,Yes,Yes,No,No,Yes,No,Month-to-month,Yes,Electronic check,59.33,654.88,No
CUST-5380,Male,0,No,No,63,Yes,Yes,DSL,Yes,Yes,No,No,No,Yes,One year,Yes,Credit card (automatic),41.34,2609.8,No
CUST-5381,Male,0,No,Yes,22,Yes,No,Fiber optic,No,No,No,Yes,No,Yes,Month-to-month,Yes,Bank transfer (automatic),94.48,2084.04,No
CUST-5382,Female,0,Yes,No,54,Yes,No,DSL,No,No,No,No,Yes,No,Month-to-month,No,Mailed check,68.87,3728.47,Yes
CUST-5383,Female,0,Yes,No,36,Yes,No,Fiber optic,No,No,Yes,No,No,Yes,Month-to-month,No,Electronic check,71.88,2590.62,No
CUST-5384,Female,0,No,No,58,Yes,No,DSL,No,No,No,No,No,Yes,Month-to-month,Yes,Bank transfer (automatic),62.18,3601.9,No
CUST-5385,Female,1,No,No,20,Yes,No,Fiber optic,No,No,Yes,Yes,Yes,Yes,Month-to-month,Yes,Credit card (automatic),106.15,2116.91,Yes
CUST-5386,Female,1,No,No,16,Yes,Yes,DSL,Yes,No,No,No,Yes,Yes,One year,Yes,Electronic check,64.49,1027.97,Yes
CUST-5387,Male,0,No,No,56,Yes,No,Fiber optic,Yes,No,No,No,Yes,Yes,Two year,No,Mailed check,92.29,5173.48,No
CUST-5388,Male,0,Yes,No,50,Yes,No,DSL,No,Yes,Yes,Yes,No,No,Month-to-month,No,Credit card (automatic),67.47,3376.63,No
CUST-5389,Male,0,Yes,No,66,Yes,No,Fiber optic,Yes,No,No,No,No,No,Month-to-month,Yes,Credit card (automatic),80.6,5313.99,No
CUST-5390,Male,1,Yes,No,13,No,No phone service,Fiber optic,No,No,No,No,No,No,Month-to-month,Yes,Electronic check,72.0,943.2,Yes
CUST-5391,Female,1,No,No,15,Yes,Yes,DSL,Yes,No,No,No,No,Yes,Two year,Yes,Credit card (automatic),50.63,769.08,No
CUST-5392,Female,0,Yes,Yes,27,Yes,Yes,DSL,No,Yes,Yes,No,Yes,No,One year,Yes,Electronic check,64.38,1743.4,No
CUST-5393,Male,0,No,No,8,Yes,Yes,Fiber optic,No,Yes,Yes,No,Yes,No,One year,Yes,Mailed check,90.94,718.76,Yes
CUST-5394,Female,0,No,No,70,Yes,Yes,No,No internet service,No internet service,No internet service,No internet service,No internet service,No internet service,Month-to-month,Yes,Credit card (automatic),28.2,1976.55,No
CUST-5395,Female,0,No,No,50,Yes,No,DSL,Yes,No,Yes,No,No,No,Month-to-month,Yes,Mailed check,49.13,2465.25,No
CUST-5396,Male,0,No,No,67,Yes,Yes,Fiber optic,No,Yes,Yes,No,No,No,Month-to-month,No,Electronic check,74.12,4962.3,Yes
CUST-5397,Male,0,Yes,No,26,Yes,No,Fiber optic,No,No,No,No,No,No,One year,Yes,Bank transfer (automatic),75.04,1952.75,Yes
CUST-5398,Male,0,No,No,36,Yes,No,Fiber optic,Yes,Yes,No,No,Yes,No,Two year,No,Electronic check,89.4,3212.94,No
CUST-5399,Male,0,Yes,No,21,Yes,Yes,No,No internet service,No internet service,No internet service,No internet service,No internet service,No internet service,Month-to-month,Yes,Mailed check,19.11,408.92,No
CUST-5400,Male,0,Yes,No,52,Yes,Yes,Fiber optic,No,Yes,No,No,Yes,No,One year,Yes,Mailed check,91.9,4786.2,No
CUST-5401,Female,0,Yes,No,11,Yes,No,Fiber optic,No,No,No,Yes,No,Yes,Month-to-month,Yes,Credit card (automatic),90.4,991.69,Yes
CUST-5402,Male,0,Yes,No,8,Yes,No,Fiber optic,Yes,No,No,No,No,No,One year,Yes,Bank transfer (automatic),76.11,605.87,No
CUST-5403,Male,0,No,No,57,Yes,Yes,DSL,Yes,No,Yes,No,Yes,No,One year,Yes,Electronic check,68.09,3871.13,No
CUST-5404,Female,0,No,No,46,Yes,Yes,Fiber optic,Yes,No,No,Yes,No,Yes,Month-to-month,No,Credit card (automatic),94.38,4337.83,No
CUST-5405,Female,0,Yes,Yes,2,Yes,No,No,No internet service,No internet service,No internet service,No internet service,No internet service,No internet service,One year,No,Electronic check,25.0,55.63,No
CUST-5406,Female,0,Yes,Yes,64,Yes,No,Fiber optic,No,No,No,No,Yes,Yes,Month-to-month,Yes,Mailed check,94.83,6059.69,No
CUST-5407,Male,0,No,Yes,52,Yes,No,DSL,No,No,No,No,No,No,One year,Yes,Bank transfer (automatic),52.89,2744.33,No
CUST-5408,Male,0,No,No,65,Yes,No,DSL,No,Yes,Yes,No,No,Yes,Month-to-month,No,Mailed check,44.24,2880.21,No
CUST-5409,Female,0,Yes,No,11,Yes,No,Fiber optic,Yes,Yes,Yes,No,Yes,Yes,Month-to-month,Yes,Bank transfer (automatic),86.69,956.55,Yes
CUST-5410,Male,0,No,No,6,Yes,Yes,Fiber optic,No,No,No,No,No,No,Month-to-month,Yes,Bank transfer (automatic),72.92,447.25,Yes
CUST-5411,Male,0,No,Yes,64,Yes,No,DSL,No,No,No,Yes,No,No,Two year,Yes,Bank transfer (automatic),64.3,4113.01,No
CUST-5412,Female,0,No,No,55,No,No phone service,DSL,No,No,Yes,Yes,No,No,Month-to-month,Yes,Mailed check,61.55,3377.92,No
CUST-5413,Female,0,Yes,No,44,Yes,No,Fiber optic,Yes,No,Yes,Yes,No,No,Month-to-month,Yes,Electronic check,85.95,3785.09,Yes
CUST-5414,Male,0,No,No,14,Yes,Yes,Fiber optic,No,No,No,No,Yes,No,Month-to-month,Yes,Credit card (automatic),83.13,1155.4,No
CUST-5415,Male,0,No,No,5,Yes,No,Fiber optic,No,No,Yes,No,Yes,No,Month-to-month,Yes,Electronic check,88.26,433.64,Yes
CUST-5416,Male,0,No,Yes,25,Yes,Yes,No,No internet service,No internet service,No internet service,No internet service,No internet service,No internet service,One year,Yes,Mailed check,20.5,513.86,No
CUST-5417,Male,0,No,No,50,Yes,Yes,DSL,No,No,No,No,No,Yes,Two year,Yes,Electronic check,48.65,2431.94,No
CUST-5418,Male,0,No,Yes,71,Yes,No,Fiber optic,No,No,No,Yes,Yes,Yes,Two year,Yes,Electronic check,103.44,7339.51,Yes
CUST-5419,Male,0,Yes,No,2,Yes,Yes,Fiber optic,No,Yes,No,No,No,Yes,Two year,No,Electronic check,76.11,151.78,No
CUST-5420,Male,1,No,No,10,Yes,Yes,No,No internet service,No internet service,No internet service,No internet service,No internet service,No internet service,Month-to-month,No,Electronic check,22.83,235.67,Yes
CUST-5421,Female,0,No,No,2,Yes,No,DSL,Yes,Yes,No,No,Yes,No,Month-to-month,No,Credit card (automatic),66.12,136.74,No
CUST-5422,Female,0,No,No,60,Yes,Yes,DSL,Yes,Yes,Yes,No,No,Yes,Month-to-month,No,Credit card (automatic),51.81,3107.7,No
CUST-5423,Female,0,Yes,Yes,45,Yes,No,Fiber optic,No,No,Yes,Yes,No,Yes,Two year,No,Bank transfer (automatic),93.64,4210.03,No
CUST-5424,Male,1,Yes,No,8,Yes,Yes,No,No internet service,No internet service,No internet service,No internet service,No internet service,No internet service,Month-to-month,No,Mailed check,18.5,149.64,No
CUST-5425,Male,0,No,No,58,Yes,Yes,Fiber optic,No,Yes,Yes,No,No,No,One year,No,Electronic check,80.52,4660.22,No
CUST-5426,Male,0,No,Yes,7,Yes,Yes,Fiber optic,No,No,No,No,No,No,One year,No,Credit card (automatic),72.43,511.67,Yes
CUST-5427,Male,1,Yes,No,72,Yes,No,DSL,No,No,Yes,Yes,No,Yes,Month-to-month,Yes,Electronic check,63.26,4560.77,Yes
CUST-5428,Male,0,No,No,21,Yes,No,Fiber optic,No,No,No,Yes,No,Yes,One year,Yes,Electronic check,78.71,1645.34,No
CUST-5429,Female,0,Yes,No,47,Yes,No,Fiber optic,No,Yes,No,No,No,No,Month-to-month,Yes,Mailed check,72.32,3397.09,Yes
CUST-5430,Female,0,No,No,1,Yes,No,Fiber optic,No,No,No,No,No,No,Month-to-month,No,Mailed check,68.38,68.38,Yes
CUST-5431,Female,0,No,Yes,12,Yes,Yes,Fiber optic,No,No,No,No,Yes,Yes,Month-to-month,Yes,Electronic check,95.85,1159.18,Yes
CUST-5432,Male,0,Yes,No,48,Yes,No,DSL,No,No,No,No,No,Yes,Month-to-month,No,Electronic check,54.29,2612.44,Yes
CUST-5433,Female,0,No,No,4,Yes,Yes,Fiber optic,Yes,No,No,Yes,No,No,Month-to-month,No,Credit card (automatic),86.96,338.24,No
CUST-5434,Male,0,No,No,34,Yes,Yes,Fiber optic,No,No,No,Yes,Yes,Yes,Two year,Yes,Bank transfer (automatic),102.75,3502.91,No
CUST-5435,Male,0,Yes,No,32,Yes,No,No,No internet service,No internet service,No internet service,No internet service,No internet service,No internet service,Two year,No,Bank transfer (automatic),18.5,584.84,No
CUST-5436,Male,0,No,No,3,Yes,Yes,Fiber optic,No,Yes,No,No,Yes,No,Two year,No,Electronic check,85.8,249.08,No
CUST-5437,Female,0,Yes,Yes,68,Yes,No,Fiber optic,Yes,Yes,No,No,No,No,Month-to-month,No,Mailed check,77.6,5267.45,No
CUST-5438,Female,0,No,No,57,Yes,Yes,No,No internet service,No internet service,No internet service,No internet service,No internet service,No internet service,Month-to-month,No,Bank transfer (automatic),26.13,1495.22,No
CUST-5439,Male,0,Yes,No,24,Yes,No,DSL,Yes,Yes,No,No,Yes,No,Month-to-month,Yes,Credit card (automatic),64.42,1554.59,Yes
CUST-5440,Female,0,Yes,No,33,Yes,Yes,DSL,No,Yes,Yes,Yes,No,No,One year,Yes,Credit card (automatic),65.35,2148.46,No
CUST-5441,Female,0,Yes,No,3,Yes,No,Fiber optic,No,Yes,No,No,No,No,Month-to-month,Yes,Electronic check,75.49,236.14,Yes
CUST-5442,Male,0,Yes,Yes,4,Yes,Yes,DSL,No,No,No,Yes,No,No,Month-to-month,No,Electronic check,62.33,245.64,Yes
CUST-5443,Male,0,No,Yes,30,Yes,No,DSL,Yes,Yes,No,Yes,Yes,Yes,Month-to-month,No,Bank transfer (automatic),81.28,2441.98,No
CUST-5444,Male,0,Yes,Yes,70,Yes,No,No,No internet service,No internet service,No internet service,No internet service,No internet service,No internet service,One year,Yes,Credit card (automatic),18.5,1304.73,No
CUST-5445,Female,0,Yes,No,49,Yes,No,Fiber optic,Yes,No,No,Yes,Yes,Yes,Month-to-month,No,Mailed check,108.09,5286.58,Yes
CUST-5446,Male,1,No,No,30,Yes,No,DSL,No,Yes,No,No,No,No,Two year,Yes,Bank transfer (automatic),49.68,1491.34,No
CUST-5447,Female,0,No,No,72,No,No phone service,DSL,No,No,No,No,No,No,One year,No,Electronic check,42.6,3070.32,No
CUST-5448,Male,0,No,Yes,16,Yes,No,DSL,Yes,No,Yes,No,Yes,No,Month-to-month,No,Credit card (automatic),67.43,1076.31,No
CUST-5449,Female,0,No,Yes,53,Yes,No,Fiber optic,No,No,No,Yes,Yes,Yes,Month-to-month,Yes,Bank transfer (automatic),105.61,5589.53,No
CUST-5450,Male,0,No,No,6,Yes,No,DSL,Yes,No,No,Yes,Yes,Yes,Month-to-month,Yes,Mailed check,77.64,468.26,No
CUST-5451,Female,0,Yes,No,24,No,No phone service,Fiber optic,Yes,Yes,Yes,No,No,Yes,Month-to-month,Yes,Mailed check,74.77,1785.42,Yes
CUST-5452,Female,0,Yes,No,28,Yes,Yes,Fiber optic,No,No,No,No,Yes,No,Month-to-month,No,Bank transfer (automatic),85.26,2395.75,Yes
CUST-5453,Female,0,No,No,21,No,No phone service,DSL,Yes,No,Yes,No,No,No,One year,Yes,Electronic check,44.63,936.47,No
CUST-5454,Female,1,Yes,No,8,Yes,No,DSL,No,No,No,No,Yes,No,One year,Yes,Mailed check,63.02,512.37,Yes
CUST-5455,Male,0,Yes,Yes,36,Yes,No,Fiber optic,No,No,No,No,Yes,No,Month-to-month,No,Electronic check,91.49,3300.37,No
CUST-5456,Female,0,Yes,Yes,9,Yes,No,DSL,No,Yes,Yes,Yes,No,Yes,One year,Yes,Credit card (automatic),67.02,593.25,Yes
CUST-5457,Male,1,Yes,Yes,40,Yes,Yes,Fiber optic,No,Yes,No,No,No,Yes,Two year,No,Electronic check,69.24,2768.78,No
CUST-5458,Male,0,No,Yes,51,Yes,No,No,No internet service,No internet service,No internet service,No internet service,No internet service,No internet service,One year,Yes,Electronic check,19.93,1024.19,No
CUST-5459,Female,0,No,Yes,1,Yes,Yes,DSL,Yes,No,No,No,Yes,No,Two year,Yes,Mailed check,59.5,59.5,Yes
CUST-5460,Male,0,No,No,63,Yes,No,DSL,Yes,No,Yes,Yes,No,No,Month-to-month,No,Mailed check,65.35,4113.51,No
CUST-5461,Female,0,No,No,68,Yes,Yes,Fiber optic,Yes,Yes,No,No,No,Yes,Month-to-month,No,Electronic check,74.03,5037.75,Yes
CUST-5462,Female,0,Yes,No,26,Yes,No,DSL,No,No,No,Yes,No,No,Month-to-month,Yes,Credit card (automatic),65.77,1714.12,No
CUST-5463,Male,0,Yes,No,40,No,No phone service,DSL,No,Yes,No,No,No,No,Two year,Yes,Electronic check,46.38,1858.06,No
CUST-5464,Female,0,No,No,3,Yes,No,DSL,No,Yes,No,No,Yes,No,Month-to-month,Yes,Mailed check,71.33,211.26,No
CUST-5465,Male,1,Yes,Yes,9,Yes,Yes,No,No internet service,No internet service,No internet service,No internet service,No internet service,No internet service,Two year,No,Mailed check,29.65,258.12,Yes
CUST-5466,Male,1,Yes,No,32,Yes,No,No,No internet service,No internet service,No internet service,No internet service,No internet service,No internet service,Month-to-month,Yes,Electronic check,18.73,607.82,No
CUST-5467,Male,1,No,No,67,Yes,Yes,DSL,Yes,No,Yes,No,No,Yes,Month-to-month,Yes,Electronic check,46.32,3099.78,Yes
CUST-5468,Female,0,No,No,4,Yes,No,Fiber optic,No,No,No,Yes,Yes,No,Month-to-month,No,Credit card (automatic),99.44,403.67,Yes
CUST-5469,Female,0,Yes,No,6,Yes,No,DSL,No,Yes,Yes,No,Yes,Yes,Month-to-month,Yes,Mailed check,58.53,348.21,Yes
CUST-5470,Female,0,No,Yes,26,No,No phone service,Fiber optic,Yes,No,Yes,No,Yes,No,Month-to-month,No,Credit card (automatic),94.99,2469.63,Yes
CUST-5471,Female,0,No,No,2,Yes,Yes,DSL,No,No,No,No,No,No,One year,No,Electronic check,47.44,92.35,No
CUST-5472,Male,1,Yes,Yes,66,Yes,No,DSL,Yes,Yes,Yes,No,No,Yes,Month-to-month,Yes,Bank transfer (automatic),43.22,2844.15,No
CUST-5473,Male,0,No,No,3,Yes,No,Fiber optic,No,No,No,Yes,Yes,Yes,One year,Yes,Bank transfer (automatic),99.14,294.01,Yes
CUST-5474,Female,1,Yes,No,35,Yes,Yes,DSL,No,Yes,No,No,No,No,One year,No,Mailed check,43.71,1538.96,No
CUST-5475,Male,0,No,Yes,59,No,No phone service,DSL,No,No,No,No,No,No,Two year,No,Bank transfer (automatic),56.34,3316.27,No
CUST-5476,Male,1,No,Yes,38,Yes,No,Fiber optic,No,No,No,No,No,No,Month-to-month,Yes,Credit card (automatic),82.1,3120.92,No
CUST-5477,Male,1,No,Yes,33,Yes,No,Fiber optic,Yes,No,Yes,No,No,Yes,Month-to-month,No,Electronic check,73.84,2446.09,No
CUST-5478,Female,0,Yes,Yes,15,Yes,Yes,Fiber optic,Yes,Yes,No,Yes,Yes,No,Month-to-month,No,Mailed check,103.19,1538.26,No
CUST-5479,Female,0,Yes,No,14,Yes,Yes,No,No internet service,No internet service,No internet service,No internet service,No internet service,No internet service,Month-to-month,No,Credit card (automatic),18.5,250.38,No
CUST-5480,Male,0,Yes,No,66,Yes,No,Fiber optic,No,Yes,No,Yes,Yes,No,Month-to-month,Yes,Electronic check,97.78,6461.66,No
CUST-5481,Male,0,No,Yes,45,Yes,Yes,DSL,Yes,Yes,Yes,No,Yes,Yes,One year,Yes,Mailed check,60.43,2724.06,No
CUST-5482,Female,0,Yes,No,48,Yes,Yes,DSL,No,Yes,Yes,Yes,No,No,One year,No,Mailed check,67.9,3260.11,No
CUST-5483,Female,0,Yes,No,44,No,No phone service,DSL,No,Yes,No,No,Yes,No,Two year,No,Bank transfer (automatic),76.87,3383.01,Yes
CUST-5484,Male,1,Yes,Yes,37,Yes,Yes,DSL,No,No,No,No,No,No,Two year,No,Bank transfer (automatic),53.67,1995.29,No
CUST-5485,Female,0,Yes,Yes,29,Yes,No,Fiber optic,No,Yes,Yes,No,No,Yes,Month-to-month,Yes,Bank transfer (automatic),74.14,2140.48,Yes
CUST-5486,Male,0,Yes,No,34,Yes,No,DSL,No,No,Yes,No,No,Yes,Two year,Yes,Credit card (automatic),50.7,1719.21,No
CUST-5487,Male,0,No,Yes,59,Yes,Yes,Fiber optic,Yes,No,No,No,Yes,Yes,Month-to-month,Yes,Electronic check,90.51,5336.43,No
CUST-5488,Female,0,Yes,No,43,Yes,No,DSL,No,No,No,Yes,No,No,Two year,No,Credit card (automatic),63.27,2713.0,No
CUST-5489,Female,0,Yes,Yes,33,Yes,No,DSL,No,No,No,No,Yes,Yes,Month-to-month,No,Mailed check,64.13,2113.43,No
CUST-5490,Male,0,No,No,19,Yes,No,Fiber optic,No,Yes,No,No,No,Yes,Two year,No,Bank transfer (automatic),66.3,1257.11,No
CUST-5491,Female,0,No,No,8,Yes,No,DSL,Yes,Yes,No,Yes,Yes,Yes,Month-to-month,Yes,Electronic check,76.23,619.02,No
CUST-5492,Female,0,Yes,No,31,Yes,No,DSL,No,No,No,Yes,No,Yes,One year,Yes,Electronic check,62.88,1948.12,No
CUST-5493,Female,0,Yes,No,11,Yes,Yes,No,No internet service,No internet service,No internet service,No internet service,No internet service,No internet service,Month-to-month,No,Bank transfer (automatic),18.5,212.2,Yes
CUST-5494,Female,0,No,No,8,No,No phone service,Fiber optic,Yes,Yes,Yes,Yes,No,No,Month-to-month,No,Electronic check,90.95,733.8,Yes
CUST-5495,Female,0,Yes,Yes,25,Yes,Yes,Fiber optic,Yes,No,No,No,Yes,No,Month-to-month,Yes,Mailed check,92.61,2319.99,No
CUST-5496,Male,0,No,No,20,Yes,Yes,Fiber optic,No,Yes,No,No,No,No,One year,Yes,Electronic check,81.41,1624.81,Yes
CUST-5497,Male,0,Yes,No,38,Yes,No,Fiber optic,No,No,No,Yes,No,Yes,Month-to-month,Yes,Bank transfer (automatic),87.82,3335.7,Yes
CUST-5498,Male,1,Yes,No,7,Yes,No,DSL,No,Yes,Yes,Yes,No,No,Month-to-month,Yes,Bank transfer (automatic),55.45,379.04,Yes
CUST-5499,Male,0,Yes,No,39,Yes,Yes,DSL,No,No,No,No,No,No,Month-to-month,No,Credit card (automatic),57.92,2256.43,No
CUST-5500,Female,0,No,Yes,72,Yes,No,Fiber optic,Yes,No,No,No,Yes,Yes,One year,No,Credit card (automatic),85.0,6127.41,Yes
CUST-5501,Female,0,No,No,20,Yes,No,DSL,No,Yes,No,Yes,No,No,Month-to-month,No,Bank transfer (automatic),75.19,1509.43,Yes
CUST-5502,Male,0,Yes,No,11,Yes,Yes,DSL,No,Yes,Yes,No,No,Yes,One year,Yes,Electronic check,57.6,639.77,Yes
CUST-5503,Male,1,No,No,16,Yes,No,DSL,Yes,Yes,No,Yes,Yes,No,Two year,No,Mailed check,78.23,1246.11,No
CUST-5504,Male,0,Yes,No,42,Yes,Yes,DSL,No,Yes,Yes,No,No,Yes,Two year,No,Mailed check,48.4,2027.0,No
CUST-5505,Male,0,Yes,Yes,52,Yes,No,No,No internet service,No internet service,No internet service,No internet service,No internet service,No internet service,Month-to-month,No,Electronic check,18.5,965.27,No
CUST-5506,Female,0,No,No,37,Yes,No,DSL,No,No,No,Yes,No,No,Month-to-month,Yes,Credit card (automatic),53.4,1978.83,No
CUST-5507,Male,0,Yes,No,52,Yes,No,DSL,Yes,No,No,Yes,Yes,No,Month-to-month,Yes,Credit card (automatic),82.56,4287.03,Yes
CUST-5508,Female,0,No,No,9,Yes,Yes,Fiber optic,No,Yes,No,Yes,No,No,Two year,No,Electronic check,89.1,806.29,Yes
CUST-5509,Female,0,No,No,35,Yes,No,Fiber optic,Yes,Yes,No,No,Yes,No,Month-to-month,Yes,Credit card (automatic),95.56,3342.12,No
CUST-5510,Male,0,No,No,67,Yes,Yes,Fiber optic,No,No,Yes,No,No,Yes,Month-to-month,No,Credit card (automatic),81.29,5454.17,No
CUST-5511,Male,0,No,Yes,7,Yes,Yes,DSL,Yes,Yes,Yes,No,Yes,No,Month-to-month,No,Credit card (automatic),55.97,389.08,No
CUST-5512,Male,0,Yes,No,2,Yes,Yes,Fiber optic,Yes,No,No,Yes,No,Yes,Two year,Yes,Electronic check,90.2,175.0,Yes
CUST-5513,Female,0,Yes,No,25,Yes,Yes,Fiber optic,No,No,No,No,Yes,No,Two year,Yes,Electronic check,100.61,2509.17,No
CUST-5514,Female,0,Yes,No,41,Yes,No,DSL,Yes,No,Yes,Yes,No,Yes,One year,Yes,Mailed check,59.88,2463.04,No
CUST-5515,Male,0,Yes,No,52,Yes,Yes,DSL,Yes,No,No,No,Yes,No,Two year,No,Electronic check,70.7,3683.6,No
CUST-5516,Female,0,No,No,65,Yes,No,No,No internet service,No internet service,No internet service,No internet service,No internet service,No internet service,One year,No,Mailed check,21.69,1408.37,No
CUST-5517,Female,0,Yes,Yes,38,Yes,Yes,DSL,No,No,No,No,No,No,Month-to-month,Yes,Electronic check,51.39,1947.63,Yes
CUST-5518,Male,0,No,Yes,67,Yes,Yes,DSL,No,Yes,Yes,Yes,No,Yes,One year,Yes,Credit card (automatic),64.58,4322.55,No
CUST-5519,Male,0,Yes,No,42,Yes,No,DSL,Yes,No,Yes,No,No,No,Month-to-month,Yes,Electronic check,43.58,1828.06,Yes
CUST-5520,Female,0,No,No,71,Yes,Yes,DSL,Yes,Yes,No,No,No,No,Month-to-month,Yes,Mailed check,41.84,2961.53,No
CUST-5521,Female,0,No,No,54,Yes,Yes,DSL,Yes,No,No,Yes,Yes,Yes,One year,Yes,Credit card (automatic),76.68,4132.07,No
CUST-5522,Female,1,No,No,67,Yes,Yes,DSL,Yes,Yes,Yes,No,No,Yes,Month-to-month,Yes,Credit card (automatic),44.25,2973.3,No
CUST-5523,Female,0,Yes,No,64,Yes,No,DSL,No,No,Yes,Yes,Yes,No,Month-to-month,Yes,Bank transfer (automatic),82.46,5282.76,No
CUST-5524,Female,0,No,No,4,Yes,No,DSL,No,No,Yes,Yes,No,Yes,One year,No,Bank transfer (automatic),75.38,307.8,No
CUST-5525,Male,0,Yes,No,31,Yes,Yes,DSL,No,Yes,Yes,No,No,Yes,One year,Yes,Mailed check,57.46,1780.83,No
CUST-5526,Female,1,Yes,No,13,Yes,No,Fiber optic,Yes,No,Yes,No,No,No,Two year,No,Mailed check,72.41,938.63,No
CUST-5527,Female,0,Yes,Yes,27,No,No phone service,Fiber optic,Yes,No,No,No,No,Yes,Month-to-month,Yes,Electronic check,80.74,2171.82,No
CUST-5528,Female,1,No,No,59,Yes,No,DSL,No,Yes,No,No,No,No,Month-to-month,Yes,Electronic check,54.16,3196.6,No
CUST-5529,Male,1,Yes,No,65,Yes,No,No,No internet service,No internet service,No internet service,No internet service,No internet service,No internet service,Month-to-month,Yes,Credit card (automatic),21.05,1373.12,No
CUST-5530,Male,0,No,No,64,Yes,Yes,Fiber optic,No,Yes,Yes,Yes,No,Yes,Month-to-month,No,Mailed check,98.41,6292.16,Yes
CUST-5531,Male,1,No,Yes,25,Yes,No,Fiber optic,Yes,Yes,No,No,Yes,Yes,Month-to-month,Yes,Electronic check,80.82,2018.28,Yes
CUST-5532,Male,0,Yes,No,37,Yes,Yes,DSL,No,No,Yes,No,Yes,No,Month-to-month,No,Bank transfer (automatic),61.58,2287.01,Yes
CUST-5533,Male,1,No,No,71,Yes,Yes,Fiber optic,No,No,Yes,No,Yes,No,Month-to-month,Yes,Bank transfer (automatic),93.93,6675.91,Yes
CUST-5534,Female,0,No,Yes,14,Yes,Yes,No,No internet service,No internet service,No internet service,No internet service,No internet service,No internet service,Month-to-month,No,Electronic check,21.54,307.53,No
CUST-5535,Female,0,Yes,No,24,Yes,No,DSL,No,No,No,Yes,No,No,Month-to-month,Yes,Mailed check,61.64,1470.15,No
CUST-5536,Male,0,No,No,67,Yes,No,Fiber optic,No,No,No,No,Yes,Yes,One year,No,Bank transfer (automatic),83.1,5561.01,No
CUST-5537,Female,0,Yes,No,48,Yes,No,Fiber optic,No,No,No,No,No,Yes,One year,No,Bank transfer (automatic),67.45,3233.72,No
CUST-5538,Male,0,No,Yes,65,Yes,No,DSL,No,No,Yes,No,No,No,Month-to-month,No,Mailed check,49.25,3197.32,No
CUST-5539,Male,0,Yes,Yes,38,Yes,No,Fiber optic,Yes,No,No,Yes,No,Yes,One year,No,Mailed check,93.5,3545.58,No
CUST-5540,Male,0,Yes,No,70,Yes,No,DSL,No,Yes,No,Yes,Yes,Yes,Month-to-month,Yes,Electronic check,86.48,6049.39,No
CUST-5541,Female,0,No,No,59,Yes,Yes,DSL,No,Yes,Yes,Yes,No,No,Two year,No,Electronic check,59.73,3522.63,No
CUST-5542,Male,0,Yes,Yes,12,Yes,Yes,DSL,No,No,No,No,No,Yes,Month-to-month,Yes,Mailed check,48.56,573.71,Yes
CUST-5543,Male,0,Yes,Yes,54,Yes,Yes,Fiber optic,No,No,No,No,No,Yes,Two year,Yes,Electronic check,70.25,3791.56,No
CUST-5544,Male,0,Yes,No,51,Yes,Yes,Fiber optic,No,Yes,No,No,No,Yes,Month-to-month,Yes,Credit card (automatic),77.16,3935.09,Yes
CUST-5545,Female,0,Yes,Yes,38,Yes,No,No,No internet service,No internet service,No internet service,No internet service,No internet service,No internet service,Two year,No,Bank transfer (automatic),22.91,861.4,No
CUST-5546,Male,0,No,No,46,Yes,No,Fiber optic,No,Yes,No,No,No,Yes,Two year,Yes,Bank transfer (automatic),70.56,3249.24,No
CUST-5547,Female,0,No,No,10,Yes,No,DSL,No,Yes,No,Yes,No,Yes,Month-to-month,Yes,Mailed check,58.27,574.3,Yes
CUST-5548,Female,0,No,No,9,Yes,Yes,DSL,No,Yes,No,No,No,Yes,Month-to-month,Yes,Electronic check,58.78,531.98,Yes
CUST-5549,Female,1,No,No,52,Yes,No,No,No internet service,No internet service,No internet service,No internet service,No internet service,No internet service,Month-to-month,No,Electronic check,20.19,1059.76,Yes
CUST-5550,Female,0,Yes,No,51,Yes,Yes,Fiber optic,Yes,No,No,No,No,No,Month-to-month,No,Electronic check,75.47,3840.18,Yes
CUST-5551,Male,1,Yes,Yes,22,No,No phone service,Fiber optic,No,No,No,No,No,No,Month-to-month,Yes,Bank transfer (automatic),69.03,1514.1,No
CUST-5552,Male,0,No,No,72,Yes,No,DSL,Yes,No,No,Yes,Yes,No,Month-to-month,Yes,Bank transfer (automatic),79.16,5692.11,No
CUST-5553,Female,0,No,No,68,Yes,Yes,Fiber optic,Yes,No,No,Yes,Yes,No,Month-to-month,No,Credit card (automatic),101.48,6898.02,No
CUST-5554,Male,0,Yes,No,5,Yes,No,DSL,Yes,Yes,Yes,Yes,Yes,Yes,Month-to-month,Yes,Bank transfer (automatic),77.03,391.86,Yes
CUST-5555,Female,0,Yes,No,29,Yes,No,DSL,No,No,No,No,No,No,One year,Yes,Credit card (automatic),45.19,1319.1,No
CUST-5556,Female,0,No,No,6,Yes,No,Fiber optic,No,Yes,No,No,Yes,Yes,Month-to-month,Yes,Credit card (automatic),95.7,580.99,Yes
CUST-5557,Female,0,No,Yes,69,Yes,Yes,Fiber optic,No,No,Yes,No,Yes,Yes,Month-to-month,No,Credit card (automatic),86.44,5968.18,Yes
CUST-5558,Female,0,No,No,58,Yes,Yes,DSL,No,No,No,No,Yes,Yes,Month-to-month,Yes,Bank transfer (automatic),69.27,4022.0,No
CUST-5559,Female,0,Yes,No,43,Yes,Yes,Fiber optic,No,Yes,No,Yes,Yes,No,Month-to-month,Yes,Electronic check,98.88,4244.25,Yes
CUST-5560,Female,0,No,No,69,Yes,Yes,Fiber optic,Yes,No,No,No,No,Yes,Month-to-month,Yes,Electronic check,81.96,5650.21,Yes
CUST-5561,Male,0,Yes,Yes,72,Yes,No,DSL,No,Yes,No,No,No,Yes,Month-to-month,No,Credit card (automatic),50.76,3652.0,Yes
CUST-5562,Female,0,Yes,Yes,37,Yes,No,No,No internet service,No internet service,No internet service,No internet service,No internet service,No internet service,Month-to-month,No,Electronic check,23.3,853.1,No
CUST-5563,Male,0,No,Yes,58,No,No phone service,DSL,No,No,Yes,No,No,Yes,Month-to-month,Yes,Electronic check,41.54,2415.75,No
CUST-5564,Male,0,Yes,No,37,Yes,Yes,Fiber optic,No,No,No,No,Yes,Yes,Two year,No,Mailed check,93.15,3441.66,No
CUST-5565,Female,0,Yes,No,26,Yes,No,Fiber optic,Yes,No,Yes,No,Yes,Yes,Two year,Yes,Bank transfer (automatic),100.91,2614.71,Yes
CUST-5566,Male,0,No,No,42,Yes,No,DSL,Yes,No,Yes,No,No,Yes,Two year,Yes,Credit card (automatic),50.83,2126.32,No
CUST-5567,Male,1,No,No,16,Yes,Yes,Fiber optic,No,No,No,Yes,No,Yes,Month-to-month,Yes,Mailed check,102.76,1653.55,Yes
CUST-5568,Male,0,No,Yes,22,Yes,No,DSL,No,Yes,No,No,No,No,Month-to-month,No,Electronic check,40.97,909.58,Yes
CUST-5569,Female,0,Yes,No,23,Yes,No,DSL,No,No,No,No,No,Yes,One year,Yes,Bank transfer (automatic),45.14,1047.39,No
CUST-5570,Female,0,Yes,No,47,Yes,No,Fiber optic,Yes,Yes,No,Yes,No,No,Two year,Yes,Mailed check,92.1,4337.83,No
CUST-5571,Female,0,No,No,67,Yes,No,DSL,No,Yes,Yes,Yes,No,Yes,Month-to-month,No,Electronic check,60.15,4036.04,Yes
CUST-5572,Male,0,No,No,3,Yes,Yes,DSL,No,No,No,No,No,No,Two year,No,Credit card (automatic),60.78,177.86,No
CUST-5573,Female,0,No,No,12,Yes,Yes,Fiber optic,No,Yes,No,No,No,Yes,One year,Yes,Bank transfer (automatic),69.66,832.42,Yes
CUST-5574,Female,0,Yes,No,23,Yes,No,Fiber optic,Yes,No,No,No,Yes,No,Two year,Yes,Electronic check,93.72,2153.6,No
CUST-5575,Male,0,Yes,Yes,11,No,No phone service,Fiber optic,No,Yes,No,Yes,No,No,Month-to-month,No,Electronic check,86.49,957.09,No
CUST-5576,Male,0,No,No,52,Yes,Yes,Fiber optic,No,Yes,No,No,No,Yes,Month-to-month,Yes,Electronic check,65.18,3397.9,No
CUST-5577,Male,0,No,Yes,50,No,No phone service,Fiber optic,No,Yes,Yes,Yes,No,Yes,Month-to-month,Yes,Credit card (automatic),89.26,4461.81,No
CUST-5578,Female,0,Yes,No,57,Yes,Yes,Fiber optic,No,No,No,No,No,No,One year,Yes,Mailed check,73.24,4170.71,No
CUST-5579,Female,0,Yes,Yes,64,Yes,No,DSL,Yes,Yes,No,No,No,Yes,One year,Yes,Electronic check,51.99,3322.22,No
CUST-5580,Female,0,No,No,46,No,No phone service,Fiber optic,No,No,Yes,No,No,Yes,Two year,Yes,Electronic check,79.2,3638.33,No
CUST-5581,Male,0,Yes,No,29,Yes,No,DSL,No,Yes,No,No,Yes,No,Two year,No,Mailed check,61.35,1769.29,No
CUST-5582,Female,0,Yes,No,70,Yes,No,No,No internet service,No internet service,No internet service,No internet service,No internet service,No internet service,Month-to-month,Yes,Electronic check,24.29,1694.98,Yes
CUST-5583,Female,0,Yes,No,46,Yes,Yes,Fiber optic,No,No,No,Yes,No,Yes,Month-to-month,No,Bank transfer (automatic),90.22,4146.02,No
CUST-5584,Female,1,No,Yes,16,Yes,Yes,No,No internet service,No internet service,No internet service,No internet service,No internet service,No internet service,Month-to-month,No,Mailed check,18.5,301.51,No
CUST-5585,Female,0,Yes,No,51,Yes,No,Fiber optic,No,No,Yes,No,Yes,Yes,Two year,Yes,Credit card (automatic),86.54,4414.51,No
CUST-5586,Male,0,No,No,11,Yes,No,Fiber optic,No,No,Yes,Yes,Yes,Yes,Month-to-month,Yes,Bank transfer (automatic),105.12,1152.94,Yes
CUST-5587,Male,0,Yes,No,11,Yes,No,Fiber optic,No,Yes,No,No,No,No,One year,Yes,Electronic check,77.24,851.58,Yes
CUST-5588,Female,0,No,No,63,Yes,No,Fiber optic,No,Yes,Yes,No,Yes,Yes,Month-to-month,Yes,Electronic check,89.4,5637.97,No
CUST-5589,Female,0,Yes,No,53,Yes,No,Fiber optic,No,Yes,No,No,No,No,One year,Yes,Mailed check,73.82,3914.66,No
CUST-5590,Female,0,No,No,58,Yes,No,DSL,No,No,Yes,Yes,Yes,Yes,Month-to-month,Yes,Bank transfer (automatic),76.11,4405.78,No
CUST-5591,Male,0,No,Yes,19,Yes,Yes,No,No internet service,No internet service,No internet service,No internet service,No internet service,No internet service,One year,Yes,Bank transfer (automatic),20.31,380.71,No
CUST-5592,Female,0,No,Yes,32,Yes,No,Fiber optic,No,Yes,No,No,Yes,No,Two year,Yes,Credit card (automatic),91.13,2911.88,No
CUST-5593,Male,0,No,Yes,50,Yes,No,Fiber optic,No,No,No,Yes,No,Yes,Month-to-month,No,Electronic check,99.67,4980.76,No
CUST-5594,Male,0,No,No,72,Yes,Yes,DSL,No,No,Yes,Yes,No,No,Month-to-month,Yes,Electronic check,60.17,4322.73,No
CUST-5595,Female,0,No,No,55,Yes,No,DSL,Yes,No,Yes,No,Yes,No,Two year,Yes,Bank transfer (automatic),71.4,3931.89,No
CUST-5596,Female,0,No,No,41,Yes,Yes,Fiber optic,No,Yes,Yes,No,No,No,Month-to-month,Yes,Bank transfer (automatic),78.65,3224.06,No
CUST-5597,Male,0,No,No,70,Yes,No,DSL,No,Yes,No,No,No,No,Month-to-month,Yes,Credit card (automatic),49.32,3460.33,Yes
CUST-5598,Male,0,Yes,No,21,Yes,Yes,Fiber optic,No,Yes,Yes,No,No,No,Month-to-month,No,Electronic check,84.41,1772.96,Yes
CUST-5599,Male,0,No,No,26,Yes,No,Fiber optic,Yes,No,Yes,No,Yes,No,Two year,Yes,Credit card (automatic),89.43,2334.94,No
CUST-5600,Male,0,Yes,Yes,1,Yes,No,DSL,No,No,Yes,Yes,Yes,No,One year,Yes,Electronic check,81.26,85.27,No
CUST-5601,Female,0,Yes,Yes,27,Yes,Yes,Fiber optic,Yes,Yes,No,No,No,Yes,Month-to-month,No,Electronic check,73.11,1981.71,Yes
CUST-5602,Female,0,Yes,No,50,Yes,No,Fiber optic,No,Yes,No,No,No,Yes,Month-to-month,Yes,Electronic check,78.31,3924.97,Yes
CUST-5603,Male,0,Yes,No,66,Yes,Yes,Fiber optic,No,Yes,No,Yes,No,Yes,Two year,Yes,Electronic check,89.98,5938.12,Yes
CUST-5604,Female,0,No,No,65,Yes,No,Fiber optic,No,No,No,No,Yes,Yes,Month-to-month,Yes,Credit card (automatic),85.47,5558.21,Yes
CUST-5605,Female,0,No,No,10,Yes,No,DSL,Yes,Yes,No,No,No,No,Month-to-month,Yes,Electronic check,51.98,528.08,Yes
CUST-5606,Female,0,No,No,37,Yes,No,DSL,No,Yes,No,Yes,No,No,Month-to-month,No,Mailed check,72.93,2699.92,No
CUST-5607,Male,0,No,No,69,No,No phone service,Fiber optic,No,No,No,No,Yes,No,Month-to-month,Yes,Electronic check,86.96,5991.3,Yes
CUST-5608,Female,0,No,No,41,Yes,No,DSL,No,Yes,No,No,Yes,No,Month-to-month,No,Electronic check,69.34,2846.88,No
CUST-5609,Male,0,No,No,46,No,No phone service,Fiber optic,Yes,No,No,No,Yes,No,One year,Yes,Credit card (automatic),86.98,4009.79,Yes
CUST-5610,Male,0,Yes,Yes,45,Yes,No,Fiber optic,No,No,No,No,No,No,Two year,Yes,Credit card (automatic),76.97,3469.27,No
CUST-5611,Male,0,No,Yes,27,Yes,Yes,No,No internet service,No internet service,No internet service,No internet service,No internet service,No internet service,Month-to-month,No,Mailed check,22.7,618.73,No
CUST-5612,Male,1,No,Yes,65,Yes,Yes,No,No internet service,No internet service,No internet service,No internet service,No internet service,No internet service,Month-to-month,Yes,Mailed check,26.21,1695.24,No
CUST-5613,Male,0,No,No,8,Yes,No,Fiber optic,Yes,Yes,No,No,No,Yes,Month-to-month,Yes,Credit card (automatic),70.94,572.27,Yes
CUST-5614,Male,1,No,No,67,Yes,No,DSL,No,No,No,No,No,No,Month-to-month,No,Credit card (automatic),48.94,3269.63,No
CUST-5615,Male,1,No,Yes,49,No,No phone service,Fiber optic,Yes,No,No,Yes,No,No,Two year,Yes,Bank transfer (automatic),87.25,4283.86,No
CUST-5616,Female,0,Yes,No,14,No,No phone service,DSL,No,No,No,No,Yes,No,Month-to-month,Yes,Mailed check,68.57,968.27,No
CUST-5617,Female,1,Yes,Yes,62,Yes,No,DSL,Yes,Yes,Yes,Yes,No,No,Month-to-month,Yes,Bank transfer (automatic),68.22,4239.25,No
CUST-5618,Male,0,No,No,43,Yes,Yes,Fiber optic,Yes,Yes,Yes,No,Yes,Yes,Month-to-month,Yes,Mailed check,90.96,3907.34,Yes
CUST-5619,Female,0,No,No,27,Yes,Yes,Fiber optic,No,No,Yes,Yes,No,No,Month-to-month,No,Mailed check,89.62,2420.55,Yes
CUST-5620,Female,0,No,No,27,Yes,No,DSL,Yes,No,Yes,No,Yes,No,Month-to-month,No,Mailed check,69.42,1875.92,Yes
CUST-5621,Female,0,Yes,No,68,Yes,Yes,DSL,No,No,Yes,Yes,No,No,Month-to-month,No,Credit card (automatic),58.73,3994.77,No
CUST-5622,Male,0,Yes,Yes,48,Yes,No,Fiber optic,No,No,No,No,Yes,Yes,One year,No,Electronic check,90.7,4351.84,Yes
CUST-5623,Female,0,No,No,67,Yes,No,No,No internet service,No internet service,No internet service,No internet service,No internet service,No internet service,Month-to-month,Yes,Electronic check,25.13,1693.45,Yes
CUST-5624,Female,0,Yes,Yes,25,Yes,No,DSL,Yes,No,No,No,No,No,Two year,No,Electronic check,43.2,1087.73,No
CUST-5625,Female,0,No,Yes,64,Yes,Yes,DSL,No,No,No,Yes,No,Yes,Month-to-month,No,Bank transfer (automatic),62.94,4030.37,No
CUST-5626,Male,0,Yes,Yes,24,Yes,No,No,No internet service,No internet service,No internet service,No internet service,No internet service,No internet service,One year,Yes,Bank transfer (automatic),18.5,446.95,No
CUST-5627,Female,1,Yes,No,9,Yes,Yes,DSL,Yes,Yes,No,No,No,Yes,Month-to-month,Yes,Electronic check,48.0,436.28,Yes
CUST-5628,Female,0,No,No,8,Yes,Yes,Fiber optic,No,No,Yes,Yes,No,No,Month-to-month,No,Bank transfer (automatic),98.88,793.11,Yes
CUST-5629,Female,0,Yes,No,59,No,No phone service,Fiber optic,No,No,No,No,No,No,Month-to-month,No,Bank transfer (automatic),64.44,3806.11,Yes
CUST-5630,Male,0,No,No,17,Yes,No,DSL,No,No,No,Yes,No,No,Month-to-month,No,Electronic check,62.74,1072.91,No
CUST-5631,Male,0,No,Yes,43,No,No phone service,Fiber optic,No,No,No,No,No,Yes,Month-to-month,Yes,Electronic check,77.71,3351.09,Yes
CUST-5632,Female,0,Yes,No,68,Yes,Yes,Fiber optic,Yes,No,No,Yes,Yes,No,Month-to-month,No,Credit card (automatic),109.04,7421.7,No
CUST-5633,Female,0,No,No,4,Yes,Yes,DSL,No,Yes,Yes,Yes,No,Yes,Month-to-month,Yes,Bank transfer (automatic),70.31,273.83,Yes
CUST-5634,Male,0,No,No,8,Yes,Yes,DSL,Yes,Yes,No,No,No,No,One year,No,Bank transfer (automatic),42.85,343.73,Yes
CUST-5635,Female,0,Yes,No,42,Yes,No,Fiber optic,No,No,Yes,No,No,No,Month-to-month,No,Credit card (automatic),80.99,3404.22,No
CUST-5636,Male,1,Yes,Yes,49,Yes,No,DSL,Yes,Yes,No,No,No,No,Month-to-month,Yes,Electronic check,55.53,2716.28,No
CUST-5637,Female,0,Yes,Yes,6,Yes,No,Fiber optic,Yes,Yes,No,No,No,Yes,Month-to-month,Yes,Mailed check,71.11,426.17,Yes
CUST-5638,Female,0,No,No,42,Yes,No,No,No internet service,No internet service,No internet service,No internet service,No internet service,No internet service,One year,Yes,Mailed check,18.5,785.65,No
CUST-5639,Female,0,No,Yes,72,Yes,Yes,No,No internet service,No internet service,No internet service,No internet service,No internet service,No internet service,Two year,Yes,Electronic check,18.5,1327.18,No
CUST-5640,Female,0,No,Yes,32,Yes,Yes,DSL,Yes,Yes,No,Yes,Yes,Yes,Month-to-month,Yes,Credit card (automatic),68.83,2198.91,No
CUST-5641,Male,0,No,No,15,No,No phone service,DSL,Yes,Yes,No,No,Yes,Yes,Month-to-month,Yes,Electronic check,74.95,1132.42,Yes
CUST-5642,Female,0,No,No,69,Yes,Yes,DSL,No,Yes,No,Yes,Yes,Yes,Month-to-month,No,Electronic check,80.29,5531.9,No
CUST-5643,Male,0,No,No,27,Yes,No,No,No internet service,No internet service,No internet service,No internet service,No internet service,No internet service,One year,Yes,Electronic check,18.5,507.1,No
CUST-5644,Female,0,No,No,66,No,No phone service,DSL,Yes,No,Yes,No,No,No,Month-to-month,Yes,Credit card (automatic),38.66,2547.64,Yes
CUST-5645,Female,0,Yes,No,59,No,No phone service,Fiber optic,No,No,Yes,Yes,Yes,Yes,One year,No,Bank transfer (automatic),100.01,5900.56,No
CUST-5646,Female,0,No,Yes,28,Yes,Yes,Fiber optic,Yes,No,No,Yes,Yes,Yes,Two year,No,Bank transfer (automatic),102.68,2877.9,No
CUST-5647,Male,0,No,No,24,Yes,No,Fiber optic,Yes,No,No,Yes,Yes,Yes,One year,Yes,Electronic check,108.53,2607.65,No
CUST-5648,Female,0,No,No,51,Yes,Yes,DSL,Yes,Yes,No,Yes,No,No,One year,Yes,Electronic check,70.13,3586.23,No
CUST-5649,Male,0,No,Yes,21,Yes,No,DSL,No,Yes,Yes,Yes,Yes,Yes,One year,Yes,Credit card (automatic),81.37,1699.47,No
CUST-5650,Male,0,Yes,Yes,31,Yes,No,Fiber optic,Yes,No,No,No,No,Yes,Month-to-month,No,Bank transfer (automatic),75.3,2338.38,Yes
CUST-5651,Female,0,No,No,50,Yes,Yes,Fiber optic,No,Yes,No,No,Yes,No,Month-to-month,No,Electronic check,91.4,4576.91,Yes
CUST-5652,Male,0,Yes,No,40,Yes,No,Fiber optic,Yes,Yes,No,Yes,No,Yes,One year,No,Bank transfer (automatic),96.17,3848.57,No
CUST-5653,Female,0,No,Yes,68,Yes,Yes,DSL,No,No,No,Yes,Yes,No,Month-to-month,No,Mailed check,80.36,5473.99,No
CUST-5654,Male,0,Yes,No,16,Yes,Yes,DSL,No,No,No,No,Yes,Yes,One year,No,Electronic check,67.41,1076.91,Yes
CUST-5655,Male,0,No,No,63,Yes,Yes,Fiber optic,Yes,No,No,No,No,No,Month-to-month,Yes,Bank transfer (automatic),69.22,4365.86,Yes
CUST-5656,Female,1,No,No,56,Yes,No,No,No internet service,No internet service,No internet service,No internet service,No internet service,No internet service,Month-to-month,No,Electronic check,20.94,1176.37,No
CUST-5657,Female,0,No,No,24,Yes,Yes,DSL,Yes,Yes,Yes,No,No,No,Two year,No,Credit card (automatic),47.44,1129.19,No
CUST-5658,Male,0,Yes,No,28,Yes,Yes,DSL,No,No,Yes,No,Yes,Yes,Month-to-month,Yes,Bank transfer (automatic),66.88,1873.7,No
CUST-5659,Female,0,No,No,31,Yes,No,Fiber optic,Yes,No,No,Yes,No,No,Two year,Yes,Credit card (automatic),88.19,2729.11,No
CUST-5660,Female,0,No,No,15,Yes,Yes,Fiber optic,No,No,Yes,No,Yes,Yes,Two year,Yes,Mailed check,91.83,1378.02,Yes
CUST-5661,Female,0,No,Yes,42,Yes,Yes,DSL,No,Yes,No,No,Yes,No,Two year,Yes,Mailed check,61.05,2571.78,No
CUST-5662,Male,0,Yes,Yes,50,Yes,No,Fiber optic,No,No,No,No,Yes,Yes,Month-to-month,Yes,Bank transfer (automatic),84.91,4248.1,Yes
CUST-5663,Female,0,No,No,5,Yes,Yes,No,No internet service,No internet service,No internet service,No internet service,No internet service,No internet service,Two year,Yes,Mailed check,18.5,94.38,No
CUST-5664,Female,0,Yes,No,48,Yes,Yes,Fiber optic,No,No,Yes,Yes,No,No,Month-to-month,No,Bank transfer (automatic),86.12,4137.21,No
CUST-5665,Female,0,No,No,13,Yes,No,Fiber optic,No,No,Yes,No,Yes,Yes,Month-to-month,No,Mailed check,91.48,1189.81,No
CUST-5666,Male,0,Yes,No,32,Yes,Yes,Fiber optic,Yes,Yes,Yes,No,No,No,Month-to-month,No,Mailed check,78.79,2520.24,Yes
CUST-5667,Female,0,No,Yes,67,Yes,Yes,DSL,Yes,No,No,No,No,Yes,Month-to-month,Yes,Credit card (automatic),50.67,3392.38,No
CUST-5668,Female,0,No,Yes,30,Yes,Yes,DSL,Yes,Yes,No,No,No,No,Month-to-month,Yes,Mailed check,50.57,1521.1,No
CUST-5669,Female,0,Yes,No,6,Yes,No,Fiber optic,No,Yes,No,No,Yes,No,Month-to-month,Yes,Credit card (automatic),90.57,548.93,Yes
CUST-5670,Male,0,No,No,25,Yes,Yes,Fiber optic,No,Yes,Yes,No,Yes,Yes,Two year,Yes,Credit card (automatic),95.41,2383.71,Yes
CUST-5671,Female,0,No,No,28,Yes,Yes,No,No internet service,No internet service,No internet service,No internet service,No internet service,No internet service,Two year,Yes,Bank transfer (automatic),18.5,508.87,No
CUST-5672,Female,0,Yes,No,62,Yes,Yes,DSL,No,No,Yes,No,No,Yes,One year,Yes,Credit card (automatic),51.2,3175.26,No
CUST-5673,Male,0,No,No,22,Yes,Yes,DSL,No,No,Yes,No,Yes,No,Month-to-month,Yes,Mailed check,65.83,1449.73,No
CUST-5674,Male,0,Yes,Yes,68,Yes,No,No,No internet service,No internet service,No internet service,No internet service,No internet service,No internet service,Month-to-month,No,Credit card (automatic),24.4,1658.78,No
CUST-5675,Female,0,Yes,No,15,Yes,Yes,DSL,No,No,No,Yes,Yes,Yes,Month-to-month,Yes,Electronic check,76.02,1137.5,Yes
CUST-5676,Male,1,Yes,No,26,Yes,No,DSL,No,No,No,Yes,Yes,Yes,One year,Yes,Electronic check,87.91,2293.58,No
CUST-5677,Female,0,No,No,63,Yes,No,Fiber optic,No,No,Yes,No,Yes,Yes,Two year,Yes,Bank transfer (automatic),89.46,5635.6,Yes
CUST-5678,Female,0,Yes,Yes,18,Yes,Yes,No,No internet service,No internet service,No internet service,No internet service,No internet service,No internet service,Two year,Yes,Electronic check,18.5,338.98,No
CUST-5679,Female,0,No,No,63,Yes,Yes,Fiber optic,Yes,No,No,Yes,Yes,No,Two year,Yes,Bank transfer (automatic),102.41,6454.58,No
CUST-5680,Male,0,No,No,62,Yes,Yes,Fiber optic,No,No,No,No,No,No,Month-to-month,Yes,Electronic check,78.53,4874.6,No
CUST-5681,Male,0,Yes,Yes,68,Yes,Yes,Fiber optic,Yes,No,Yes,No,No,No,Month-to-month,No,Credit card (automatic),74.01,5040.23,Yes
CUST-5682,Female,0,No,No,48,Yes,No,No,No internet service,No internet service,No internet service,No internet service,No internet service,No internet service,Month-to-month,No,Mailed check,18.5,882.87,No
CUST-5683,Male,0,Yes,No,50,Yes,No,Fiber optic,Yes,No,No,Yes,Yes,Yes,Month-to-month,No,Electronic check,111.86,5599.57,No
CUST-5684,Female,0,No,Yes,63,Yes,Yes,DSL,No,Yes,Yes,Yes,No,No,Two year,No,Mailed check,67.8,4275.82,No
CUST-5685,Male,0,Yes,No,69,Yes,No,Fiber optic,Yes,No,No,Yes,No,No,Two year,Yes,Credit card (automatic),88.84,6131.18,Yes
CUST-5686,Male,0,Yes,No,6,Yes,No,Fiber optic,No,No,No,No,No,No,Month-to-month,No,Credit card (automatic),76.2,458.1,Yes
CUST-5687,Male,0,No,No,58,Yes,Yes,Fiber optic,No,Yes,No,No,No,Yes,Two year,No,Mailed check,79.5,4607.23,No
CUST-5688,Female,0,No,No,51,Yes,No,Fiber optic,Yes,No,No,Yes,Yes,Yes,Month-to-month,No,Electronic check,110.9,5656.71,No
CUST-5689,Female,0,Yes,No,12,Yes,No,Fiber optic,Yes,Yes,Yes,No,Yes,No,One year,No,Credit card (automatic),87.13,1043.25,No
CUST-5690,Male,1,No,Yes,47,Yes,Yes,Fiber optic,No,Yes,No,No,Yes,No,Month-to-month,No,Credit card (automatic),93.75,4414.03,No
CUST-5691,Male,0,Yes,Yes,9,Yes,No,Fiber optic,No,No,No,No,No,No,Month-to-month,Yes,Electronic check,84.5,762.14,Yes
CUST-5692,Male,0,No,Yes,7,Yes,No,DSL,No,Yes,No,No,No,No,One year,Yes,Electronic check,46.91,324.35,No
CUST-5693,Female,1,No,No,29,Yes,Yes,DSL,Yes,No,No,No,No,No,Month-to-month,Yes,Bank transfer (automatic),52.01,1501.18,No
CUST-5694,Male,0,Yes,No,51,Yes,No,DSL,No,No,No,Yes,No,No,Month-to-month,Yes,Mailed check,67.37,3439.75,No
CUST-5695,Female,0,Yes,Yes,55,No,No phone service,Fiber optic,No,No,No,Yes,Yes,No,One year,Yes,Bank transfer (automatic),104.23,5735.94,No
CUST-5696,Female,0,Yes,No,59,Yes,Yes,Fiber optic,Yes,No,Yes,Yes,No,Yes,Month-to-month,Yes,Electronic check,85.6,5047.6,Yes
CUST-5697,Female,0,Yes,No,56,No,No phone service,Fiber optic,No,Yes,No,Yes,Yes,No,Two year,No,Electronic check,100.59,5626.28,No
CUST-5698,Male,0,Yes,Yes,22,Yes,Yes,Fiber optic,Yes,No,Yes,Yes,No,Yes,Two year,No,Bank transfer (automatic),88.97,1961.66,No
CUST-5699,Female,0,No,No,18,Yes,No,Fiber optic,Yes,No,No,No,Yes,No,Month-to-month,No,Electronic check,85.91,1541.79,Yes
CUST-5700,Male,0,No,No,58,Yes,Yes,No,No internet service,No internet service,No internet service,No internet service,No internet service,No internet service,Month-to-month,Yes,Mailed check,18.5,1080.24,No
CUST-5701,Male,0,Yes,No,40,Yes,No,DSL,Yes,No,No,No,Yes,Yes,Month-to-month,Yes,Bank transfer (automatic),58.81,2356.92,No
CUST-5702,Female,0,No,No,31,Yes,Yes,Fiber optic,No,No,Yes,No,Yes,Yes,Month-to-month,No,Electronic check,87.39,2716.94,Yes
CUST-5703,Female,0,No,No,56,Yes,No,Fiber optic,No,No,Yes,Yes,Yes,No,Month-to-month,No,Mailed check,104.1,5839.29,No
CUST-5704,Male,0,No,No,35,Yes,No,DSL,Yes,Yes,Yes,Yes,No,Yes,Month-to-month,Yes,Bank transfer (automatic),62.07,2169.27,No
CUST-5705,Male,0,No,No,26,Yes,No,DSL,Yes,No,No,No,No,No,Two year,No,Electronic check,45.49,1182.82,No
CUST-5706,Female,0,No,No,68,Yes,Yes,DSL,No,No,No,No,No,No,Month-to-month,Yes,Bank transfer (automatic),54.96,3735.36,No
CUST-5707,Male,0,Yes,No,34,Yes,Yes,Fiber optic,No,No,No,No,No,Yes,Month-to-month,No,Mailed check,69.52,2355.23,No
CUST-5708,Female,0,Yes,Yes,16,Yes,Yes,Fiber optic,Yes,No,Yes,No,Yes,No,One year,Yes,Electronic check,90.1,1439.7,No
CUST-5709,Female,0,Yes,No,42,Yes,No,Fiber optic,Yes,Yes,No,No,Yes,Yes,One year,No,Bank transfer (automatic),95.96,4029.2,Yes
CUST-5710,Male,0,Yes,No,5,Yes,Yes,DSL,Yes,No,No,No,No,No,Two year,No,Electronic check,50.68,246.87,Yes
CUST-5711,Male,1,Yes,Yes,61,Yes,No,DSL,No,No,Yes,No,Yes,Yes,One year,Yes,Electronic check,76.25,4658.92,No
CUST-5712,Male,0,No,No,44,Yes,Yes,No,No internet service,No internet service,No internet service,No internet service,No internet service,No internet service,Month-to-month,Yes,Electronic check,22.47,984.53,No
CUST-5713,Female,0,Yes,Yes,35,Yes,No,DSL,No,Yes,Yes,Yes,No,Yes,Two year,No,Mailed check,63.79,2237.82,No
CUST-5714,Female,0,No,No,1,Yes,No,Fiber optic,Yes,No,Yes,No,Yes,No,Month-to-month,Yes,Bank transfer (automatic),87.62,87.62,Yes
CUST-5715,Male,0,Yes,Yes,43,Yes,Yes,DSL,Yes,Yes,No,No,No,No,Two year,Yes,Electronic check,53.49,2290.67,No
CUST-5716,Female,0,No,Yes,32,Yes,No,DSL,Yes,No,No,No,No,Yes,Month-to-month,Yes,Credit card (automatic),53.03,1706.87,No
CUST-5717,Female,0,No,No,63,No,No phone service,No,No internet service,No internet service,No internet service,No internet service,No internet service,No internet service,Month-to-month,No,Electronic check,22.53,1411.85,No
CUST-5718,Male,0,Yes,No,33,Yes,Yes,No,No internet service,No internet service,No internet service,No internet service,No internet service,No internet service,One year,Yes,Electronic check,18.5,615.82,No
CUST-5719,Female,0,Yes,Yes,66,Yes,No,DSL,No,Yes,No,Yes,No,Yes,Month-to-month,No,Electronic check,63.54,4195.73,No
CUST-5720,Male,0,No,No,30,Yes,No,DSL,Yes,Yes,Yes,Yes,Yes,Yes,Month-to-month,Yes,Electronic check,73.02,2189.66,No
CUST-5721,Male,0,Yes,Yes,10,Yes,No,DSL,Yes,No,Yes,No,No,No,One year,Yes,Credit card (automatic),49.51,485.84,No
CUST-5722,Male,0,Yes,No,23,Yes,No,DSL,Yes,Yes,No,No,No,No,Month-to-month,Yes,Bank transfer (automatic),51.77,1187.28,No
CUST-5723,Male,0,Yes,No,39,Yes,No,Fiber optic,No,No,No,Yes,No,No,Month-to-month,Yes,Credit card (automatic),86.64,3386.96,No
CUST-5724,Male,0,No,Yes,45,Yes,No,Fiber optic,No,No,No,No,No,Yes,Month-to-month,Yes,Mailed check,73.09,3297.15,Yes
CUST-5725,Male,1,No,No,29,Yes,Yes,Fiber optic,No,Yes,No,Yes,Yes,No,Two year,No,Mailed check,103.47,3002.62,No
CUST-5726,Female,0,No,Yes,30,Yes,No,Fiber optic,Yes,Yes,No,No,No,No,Month-to-month,No,Credit card (automatic),76.69,2302.19,No
CUST-5727,Female,0,No,Yes,34,Yes,Yes,DSL,Yes,No,No,No,Yes,Yes,One year,Yes,Electronic check,59.16,2009.95,Yes
CUST-5728,Female,0,No,No,52,Yes,No,Fiber optic,No,Yes,Yes,Yes,No,No,Month-to-month,No,Electronic check,87.14,4536.79,Yes
CUST-5729,Male,0,No,No,22,Yes,No,Fiber optic,No,No,No,No,No,No,Month-to-month,Yes,Electronic check,68.54,1515.54,No
CUST-5730,Male,0,No,No,5,Yes,No,Fiber optic,Yes,Yes,Yes,No,Yes,No,Month-to-month,No,Electronic check,88.52,447.15,Yes
CUST-5731,Male,0,Yes,No,11,Yes,No,No,No internet service,No internet service,No internet service,No internet service,No internet service,No internet service,One year,Yes,Bank transfer (automatic),21.59,238.0,No
CUST-5732,Female,0,Yes,No,32,Yes,No,Fiber optic,No,Yes,Yes,Yes,Yes,No,Month-to-month,Yes,Electronic check,107.56,3444.61,No
CUST-5733,Female,0,No,No,24,Yes,Yes,Fiber optic,No,No,Yes,No,No,No,Month-to-month,No,Credit card (automatic),78.04,1867.35,No
CUST-5734,Male,0,No,No,11,Yes,Yes,No,No internet service,No internet service,No internet service,No internet service,No internet service,No internet service,Month-to-month,Yes,Electronic check,18.5,213.32,No
CUST-5735,Male,0,Yes,No,11,No,No phone service,Fiber optic,Yes,No,Yes,Yes,Yes,No,Two year,No,Mailed check,110.1,1219.82,Yes
CUST-5736,Female,0,Yes,No,17,Yes,No,Fiber optic,Yes,No,No,No,Yes,No,Two year,Yes,Credit card (automatic),99.26,1696.55,No
CUST-5737,Male,0,No,No,32,Yes,Yes,DSL,Yes,No,No,Yes,Yes,Yes,Month-to-month,No,Bank transfer (automatic),78.76,2513.66,No
CUST-5738,Male,0,No,No,27,No,No phone service,No,No internet service,No internet service,No internet service,No internet service,No internet service,No internet service,Month-to-month,No,Bank transfer (automatic),20.46,555.48,No
CUST-5739,Female,0,Yes,No,32,No,No phone service,DSL,No,Yes,Yes,Yes,No,No,One year,Yes,Electronic check,63.71,2041.85,No
CUST-5740,Female,0,No,No,61,Yes,No,Fiber optic,No,No,No,Yes,Yes,No,Two year,No,Mailed check,103.18,6291.08,No
CUST-5741,Male,0,No,No,25,Yes,Yes,Fiber optic,Yes,No,No,Yes,No,Yes,Month-to-month,Yes,Credit card (automatic),86.74,2175.8,No
CUST-5742,Male,1,No,No,64,Yes,Yes,Fiber optic,Yes,Yes,No,No,Yes,No,One year,Yes,Bank transfer (automatic),92.51,5926.29,Yes
CUST-5743,Female,0,Yes,No,64,Yes,No,Fiber optic,Yes,No,No,No,No,Yes,Two year,No,Mailed check,80.73,5171.11,No
CUST-5744,Male,0,Yes,No,28,Yes,No,Fiber optic,Yes,No,No,No,Yes,No,Month-to-month,Yes,Electronic check,83.45,2327.18,No
CUST-5745,Male,0,Yes,No,40,Yes,Yes,DSL,No,Yes,No,No,Yes,Yes,Month-to-month,Yes,Electronic check,67.92,2726.61,No
CUST-5746,Male,0,Yes,No,14,Yes,Yes,Fiber optic,Yes,Yes,No,No,No,Yes,Month-to-month,No,Credit card (automatic),70.82,995.85,No
CUST-5747,Male,0,No,No,42,Yes,Yes,Fiber optic,No,No,Yes,No,No,No,Two year,Yes,Bank transfer (automatic),76.91,3239.61,No
CUST-5748,Male,0,Yes,No,39,Yes,Yes,Fiber optic,No,No,Yes,No,Yes,No,One year,No,Bank transfer (automatic),91.71,3568.43,No
CUST-5749,Female,1,No,No,2,Yes,Yes,DSL,Yes,Yes,No,No,Yes,No,Month-to-month,No,Bank transfer (automatic),67.42,138.73,No
CUST-5750,Male,0,Yes,No,1,Yes,No,Fiber optic,No,No,No,No,No,No,Month-to-month,No,Credit card (automatic),76.46,81.36,Yes
CUST-5751,Male,0,Yes,Yes,32,Yes,No,Fiber optic,Yes,No,No,No,No,No,One year,Yes,Bank transfer (automatic),73.47,2342.33,No
CUST-5752,Female,0,No,Yes,64,Yes,Yes,DSL,No,Yes,Yes,Yes,No,Yes,Month-to-month,Yes,Mailed check,64.15,4096.89,Yes
CUST-5753,Female,0,No,No,31,Yes,Yes,Fiber optic,Yes,Yes,No,Yes,Yes,No,Month-to-month,Yes,Electronic check,111.79,3470.74,Yes
CUST-5754,Female,0,Yes,No,58,Yes,No,DSL,Yes,Yes,Yes,No,Yes,No,Month-to-month,Yes,Bank transfer (automatic),65.56,3808.43,No
CUST-5755,Female,0,No,No,14,Yes,No,Fiber optic,Yes,No,No,No,Yes,No,Month-to-month,Yes,Electronic check,93.04,1310.76,Yes
CUST-5756,Male,0,No,Yes,69,Yes,Yes,Fiber optic,No,No,No,Yes,Yes,Yes,Month-to-month,Yes,Credit card (automatic),103.6,7153.84,Yes
CUST-5757,Female,1,No,No,16,Yes,Yes,Fiber optic,No,No,Yes,No,No,Yes,One year,Yes,Electronic check,74.84,1192.25,No
CUST-5758,Male,0,No,No,69,Yes,Yes,Fiber optic,No,Yes,No,No,Yes,Yes,One year,No,Electronic check,95.22,6579.55,Yes
CUST-5759,Female,0,Yes,No,54,Yes,Yes,DSL,No,Yes,No,No,Yes,Yes,One year,No,Electronic check,60.36,3254.78,No
CUST-5760,Male,1,No,No,13,Yes,No,Fiber optic,No,No,No,Yes,No,Yes,Two year,No,Electronic check,90.07,1175.45,No
CUST-5761,Female,0,No,No,31,Yes,No,DSL,No,No,No,No,Yes,Yes,Month-to-month,No,Mailed check,64.16,1989.55,No
CUST-5762,Female,1,Yes,No,69,Yes,No,Fiber optic,No,No,No,No,Yes,No,Month-to-month,Yes,Electronic check,96.02,6617.83,Yes
CUST-5763,Male,1,Yes,Yes,21,Yes,No,DSL,Yes,No,No,No,Yes,Yes,Month-to-month,Yes,Electronic check,73.28,1547.42,No
CUST-5764,Female,1,No,No,30,Yes,Yes,Fiber optic,Yes,No,Yes,No,No,Yes,Month-to-month,Yes,Mailed check,78.62,2360.36,Yes
CUST-5765,Female,0,Yes,No,23,Yes,No,Fiber optic,No,No,No,No,No,No,Two year,Yes,Credit card (automatic),82.17,1881.75,No
CUST-5766,Female,0,Yes,No,38,Yes,Yes,Fiber optic,No,No,No,Yes,No,Yes,Month-to-month,Yes,Electronic check,85.0,3227.67,No
CUST-5767,Male,0,No,Yes,29,Yes,Yes,Fiber optic,Yes,No,No,No,Yes,Yes,Month-to-month,No,Electronic check,76.43,2221.77,Yes
CUST-5768,Female,1,Yes,No,32,Yes,No,DSL,Yes,Yes,No,No,No,Yes,Month-to-month,Yes,Bank transfer (automatic),52.11,1669.89,No
CUST-5769,Male,0,Yes,No,62,Yes,Yes,Fiber optic,No,Yes,Yes,No,No,No,Month-to-month,Yes,Credit card (automatic),78.97,4890.61,Yes
CUST-5770,Male,0,No,No,45,Yes,Yes,Fiber optic,No,No,Yes,No,Yes,Yes,Month-to-month,No,Electronic check,88.19,3969.94,Yes
CUST-5771,Male,0,No,No,49,Yes,No,DSL,Yes,No,Yes,No,No,No,Month-to-month,No,Mailed check,47.1,2304.08,Yes
CUST-5772,Male,0,Yes,Yes,33,Yes,Yes,DSL,No,No,No,No,No,Yes,Month-to-month,Yes,Credit card (automatic),51.67,1705.66,No
CUST-5773,Female,0,No,No,4,Yes,No,Fiber optic,Yes,No,Yes,Yes,No,No,Month-to-month,Yes,Mailed check,96.96,384.2,Yes
CUST-5774,Male,0,No,No,18,Yes,Yes,DSL,No,No,No,No,Yes,Yes,Month-to-month,No,Credit card (automatic),66.62,1199.09,Yes
CUST-5775,Female,0,No,No,70,Yes,No,DSL,Yes,Yes,Yes,No,No,No,One year,Yes,Mailed check,54.71,3836.54,No
CUST-5776,Male,0,Yes,No,64,Yes,Yes,DSL,No,Yes,No,Yes,No,Yes,Month-to-month,Yes,Bank transfer (automatic),69.41,4436.48,No
CUST-5777,Male,1,Yes,No,28,No,No phone service,DSL,Yes,Yes,No,Yes,No,Yes,Two year,No,Bank transfer (automatic),67.69,1885.36,No
CUST-5778,Male,0,Yes,No,58,Yes,No,DSL,Yes,Yes,No,No,No,Yes,Month-to-month,No,Electronic check,55.95,3238.2,Yes
CUST-5779,Male,0,No,No,56,Yes,Yes,Fiber optic,No,Yes,No,No,No,Yes,Month-to-month,Yes,Mailed check,71.95,4036.04,Yes
CUST-5780,Male,0,No,Yes,20,Yes,No,DSL,No,No,Yes,No,No,Yes,One year,Yes,Electronic check,47.06,939.5,No
CUST-5781,Male,0,No,No,34,Yes,No,DSL,No,No,No,No,No,Yes,Two year,Yes,Bank transfer (automatic),47.18,1608.92,No
CUST-5782,Female,0,No,Yes,10,Yes,Yes,DSL,No,No,No,No,No,No,Month-to-month,Yes,Credit card (automatic),51.35,504.12,Yes
CUST-5783,Male,1,No,Yes,22,Yes,Yes,Fiber optic,Yes,No,Yes,No,Yes,No,One year,No,Electronic check,96.59,2117.91,No
CUST-5784,Male,0,Yes,No,5,Yes,Yes,Fiber optic,Yes,No,No,No,Yes,Yes,One year,No,Electronic check,93.45,468.63,Yes
CUST-5785,Male,0,No,No,44,Yes,No,Fiber optic,No,Yes,Yes,No,Yes,Yes,One year,No,Mailed check,77.33,3406.93,No
CUST-5786,Female,0,No,No,9,Yes,No,Fiber optic,No,Yes,Yes,No,Yes,Yes,Month-to-month,No,Mailed check,105.13,951.93,Yes
CUST-5787,Female,0,No,Yes,43,Yes,Yes,Fiber optic,No,No,Yes,No,No,No,One year,Yes,Electronic check,77.43,3332.35,Yes
CUST-5788,Male,0,Yes,No,4,Yes,No,DSL,No,Yes,No,Yes,Yes,No,Month-to-month,No,Credit card (automatic),86.38,350.65,No
CUST-5789,Male,0,No,No,42,Yes,No,DSL,No,No,Yes,Yes,No,Yes,Month-to-month,No,Credit card (automatic),67.51,2828.74,No
CUST-5790,Male,0,Yes,Yes,65,Yes,Yes,DSL,Yes,No,No,Yes,No,Yes,One year,No,Credit card (automatic),58.56,3809.56,No
CUST-5791,Female,0,Yes,No,41,Yes,Yes,DSL,No,Yes,No,Yes,No,No,One year,No,Electronic check,68.03,2787.74,No
CUST-5792,Male,0,No,No,64,Yes,No,DSL,No,No,Yes,No,No,Yes,Two year,Yes,Electronic check,44.41,2850.54,No
CUST-5793,Male,0,No,Yes,55,Yes,No,Fiber optic,No,Yes,No,No,Yes,No,Month-to-month,Yes,Bank transfer (automatic),92.07,5066.16,Yes
CUST-5794,Male,0,Yes,No,18,Yes,Yes,DSL,Yes,Yes,No,No,No,No,Month-to-month,Yes,Electronic check,52.79,951.05,Yes
CUST-5795,Male,0,No,No,16,Yes,Yes,No,No internet service,No internet service,No internet service,No internet service,No internet service,No internet service,Month-to-month,Yes,Electronic check,25.35,407.17,Yes
CUST-5796,Male,1,Yes,No,46,Yes,Yes,Fiber optic,Yes,Yes,Yes,No,No,No,Month-to-month,Yes,Bank transfer (automatic),73.4,3383.03,No
CUST-5797,Female,0,Yes,Yes,36,Yes,No,No,No internet service,No internet service,No internet service,No internet service,No internet service,No internet service,Month-to-month,Yes,Bank transfer (automatic),18.5,656.23,No
CUST-5798,Male,0,Yes,No,66,Yes,No,DSL,No,Yes,No,No,Yes,Yes,Month-to-month,No,Mailed check,64.21,4245.07,No
CUST-5799,Female,1,No,No,44,Yes,Yes,Fiber optic,No,No,Yes,No,No,No,Month-to-month,Yes,Electronic check,78.63,3450.3,No
CUST-5800,Male,0,No,No,5,Yes,Yes,Fiber optic,No,Yes,No,Yes,Yes,No,One year,No,Mailed check,105.58,529.55,No
CUST-5801,Male,0,No,Yes,29,Yes,Yes,No,No internet service,No internet service,No internet service,No internet service,No internet service,No internet service,Month-to-month,No,Bank transfer (automatic),20.16,584.69,No
CUST-5802,Female,0,No,No,4,Yes,No,Fiber optic,Yes,No,Yes,No,Yes,No,Month-to-month,No,Electronic check,88.46,351.25,Yes
CUST-5803,Male,0,Yes,No,49,Yes,Yes,Fiber optic,Yes,No,Yes,No,Yes,No,Two year,No,Mailed check,94.28,4612.29,No
CUST-5804,Female,0,Yes,Yes,72,Yes,No,DSL,No,No,No,No,No,Yes,Month-to-month,Yes,Bank transfer (automatic),57.83,4156.24,Yes
CUST-5805,Female,0,No,No,8,Yes,No,DSL,No,Yes,No,No,Yes,No,Month-to-month,Yes,Electronic check,64.55,521.24,Yes
CUST-5806,Male,0,Yes,No,52,Yes,No,DSL,No,No,No,No,No,Yes,Month-to-month,No,Mailed check,54.33,2817.43,No
CUST-5807,Female,0,No,Yes,69,No,No phone service,No,No internet service,No internet service,No internet service,No internet service,No internet service,No internet service,One year,Yes,Mailed check,25.14,1738.41,Yes
CUST-5808,Male,1,No,No,21,Yes,No,DSL,No,No,No,No,Yes,No,Month-to-month,Yes,Credit card (automatic),61.4,1299.21,No
CUST-5809,Female,0,No,No,27,Yes,Yes,DSL,No,No,No,Yes,No,No,Month-to-month,Yes,Mailed check,60.98,1650.1,No
CUST-5810,Male,0,Yes,Yes,38,Yes,No,No,No internet service,No internet service,No internet service,No internet service,No internet service,No internet service,Two year,Yes,Mailed check,25.83,973.04,No
CUST-5811,Female,0,No,No,5,Yes,No,DSL,Yes,Yes,No,No,No,Yes,One year,No,Electronic check,46.64,234.04,No
CUST-5812,Male,0,No,No,61,Yes,No,Fiber optic,No,No,No,Yes,Yes,No,One year,Yes,Credit card (automatic),104.02,6351.91,No
CUST-5813,Female,0,Yes,Yes,8,Yes,Yes,Fiber optic,No,Yes,No,No,Yes,Yes,Month-to-month,Yes,Credit card (automatic),92.27,747.25,Yes
CUST-5814,Female,1,No,No,18,Yes,Yes,DSL,No,No,No,No,No,No,Month-to-month,Yes,Mailed check,45.71,827.33,No
CUST-5815,Female,0,Yes,No,4,Yes,No,DSL,No,No,No,No,Yes,Yes,Two year,No,Credit card (automatic),64.52,254.27,Yes
CUST-5816,Female,0,Yes,No,4,Yes,No,Fiber optic,No,No,No,No,Yes,No,One year,No,Bank transfer (automatic),92.05,363.22,Yes
CUST-5817,Female,0,Yes,No,37,Yes,No,No,No internet service,No internet service,No internet service,No internet service,No internet service,No internet service,Month-to-month,Yes,Credit card (automatic),18.5,690.18,Yes
CUST-5818,Female,0,Yes,No,15,Yes,No,Fiber optic,Yes,No,No,Yes,No,Yes,Two year,Yes,Electronic check,90.76,1366.61,No
CUST-5819,Male,0,No,No,38,Yes,No,DSL,Yes,Yes,Yes,No,No,No,Month-to-month,Yes,Electronic check,43.41,1649.31,Yes
CUST-5820,Male,0,Yes,No,27,Yes,Yes,DSL,No,No,No,Yes,Yes,Yes,Month-to-month,Yes,Mailed check,77.92,2095.58,No
CUST-5821,Male,0,Yes,No,48,Yes,No,DSL,No,No,Yes,Yes,No,No,One year,No,Electronic check,64.44,3096.56,No
CUST-5822,Male,0,Yes,No,46,Yes,No,Fiber optic,Yes,No,No,Yes,Yes,No,Month-to-month,Yes,Credit card (automatic),94.7,4358.01,Yes
CUST-5823,Male,0,Yes,No,46,Yes,No,DSL,No,No,No,Yes,No,No,Month-to-month,No,Credit card (automatic),63.32,2902.96,No
CUST-5824,Female,0,Yes,No,48,Yes,No,DSL,Yes,Yes,No,No,No,Yes,Two year,Yes,Bank transfer (automatic),42.93,2063.49,No
CUST-5825,Male,0,Yes,No,59,No,No phone service,Fiber optic,No,Yes,No,Yes,No,Yes,Month-to-month,Yes,Electronic check,82.91,4884.34,Yes
CUST-5826,Female,0,No,Yes,4,Yes,Yes,Fiber optic,No,Yes,No,No,No,No,Month-to-month,No,Mailed check,74.98,306.44,Yes
CUST-5827,Male,0,No,No,19,Yes,Yes,DSL,Yes,No,No,No,No,Yes,Two year,Yes,Electronic check,55.21,1052.46,No
CUST-5828,Male,0,No,No,57,Yes,No,Fiber optic,No,No,No,No,No,No,Two year,No,Credit card (automatic),78.94,4490.61,No
CUST-5829,Female,0,No,No,19,Yes,Yes,Fiber optic,No,No,No,Yes,Yes,No,Month-to-month,Yes,Bank transfer (automatic),101.67,1932.37,Yes
CUST-5830,Female,0,Yes,No,42,Yes,No,Fiber optic,No,Yes,No,No,Yes,Yes,Month-to-month,No,Electronic check,84.32,3547.55,Yes
CUST-5831,Female,1,No,Yes,5,Yes,No,Fiber optic,Yes,No,No,Yes,No,No,Two year,No,Bank transfer (automatic),89.09,452.05,No
CUST-5832,Female,0,No,No,48,Yes,Yes,Fiber optic,No,No,Yes,No,No,No,Month-to-month,No,Electronic check,78.92,3779.87,No
CUST-5833,Male,1,Yes,No,25,Yes,No,Fiber optic,Yes,Yes,No,Yes,No,Yes,Month-to-month,Yes,Electronic check,92.36,2300.58,Yes
CUST-5834,Female,0,No,No,67,Yes,Yes,Fiber optic,No,Yes,No,Yes,Yes,No,Month-to-month,No,Electronic check,100.01,6706.17,No
CUST-5835,Male,0,Yes,Yes,26,Yes,No,Fiber optic,Yes,Yes,Yes,Yes,No,No,Month-to-month,Yes,Credit card (automatic),87.87,2279.27,No
CUST-5836,Male,1,Yes,No,62,Yes,Yes,Fiber optic,No,Yes,Yes,No,Yes,No,Month-to-month,No,Mailed check,86.21,5346.9,No
CUST-5837,Male,0,No,No,7,Yes,No,Fiber optic,Yes,No,No,No,No,No,Month-to-month,Yes,Electronic check,61.27,431.07,Yes
CUST-5838,Male,0,Yes,Yes,44,Yes,No,Fiber optic,Yes,No,No,No,No,No,Month-to-month,Yes,Electronic check,80.48,3543.72,Yes
CUST-5839,Male,0,Yes,No,27,No,No phone service,DSL,No,No,Yes,No,Yes,No,One year,No,Mailed check,67.81,1827.63,No
CUST-5840,Female,1,Yes,No,42,Yes,No,DSL,Yes,No,No,No,Yes,No,Month-to-month,No,Mailed check,72.58,3039.16,No
CUST-5841,Female,1,Yes,No,56,Yes,No,Fiber optic,No,No,No,Yes,No,No,Month-to-month,No,Electronic check,96.88,5426.03,No
CUST-5842,Male,0,Yes,No,3,Yes,No,DSL,Yes,No,No,Yes,No,Yes,One year,Yes,Mailed check,65.89,197.97,No
CUST-5843,Male,0,No,No,13,Yes,No,DSL,No,No,Yes,No,Yes,No,One year,Yes,Electronic check,70.14,910.48,Yes
CUST-5844,Male,0,No,No,70,Yes,No,Fiber optic,No,Yes,Yes,No,Yes,Yes,Two year,Yes,Credit card (automatic),88.75,6208.09,Yes
CUST-5845,Male,0,No,Yes,59,Yes,Yes,DSL,Yes,Yes,Yes,Yes,Yes,Yes,Month-to-month,Yes,Electronic check,81.64,4823.62,Yes
CUST-5846,Female,1,Yes,Yes,38,Yes,No,Fiber optic,Yes,Yes,No,No,No,No,Month-to-month,Yes,Credit card (automatic),72.38,2747.84,Yes
CUST-5847,Male,0,No,Yes,68,No,No phone service,Fiber optic,No,No,No,No,Yes,No,Month-to-month,No,Mailed check,90.09,6118.66,No
CUST-5848,Female,0,No,Yes,69,Yes,Yes,DSL,No,No,No,No,Yes,No,Two year,Yes,Credit card (automatic),67.98,4695.78,No
CUST-5849,Male,0,Yes,No,1,Yes,No,DSL,No,No,Yes,No,No,No,Month-to-month,Yes,Bank transfer (automatic),53.27,56.0,Yes
CUST-5850,Female,0,No,No,50,Yes,Yes,DSL,No,No,No,No,No,Yes,Two year,No,Credit card (automatic),38.52,1922.18,No
CUST-5851,Male,1,No,Yes,9,Yes,Yes,DSL,No,No,No,Yes,No,Yes,Two year,No,Electronic check,69.3,616.72,No
CUST-5852,Female,0,No,Yes,53,Yes,Yes,DSL,No,Yes,Yes,No,No,Yes,Month-to-month,No,Electronic check,44.0,2330.79,No
CUST-5853,Male,0,Yes,No,10,Yes,Yes,DSL,No,No,Yes,No,Yes,No,Two year,No,Mailed check,62.39,615.22,No
CUST-5854,Female,1,Yes,Yes,29,Yes,No,Fiber optic,Yes,No,No,No,Yes,Yes,Month-to-month,Yes,Electronic check,81.23,2350.13,Yes
CUST-5855,Male,0,No,No,36,Yes,Yes,Fiber optic,No,Yes,No,Yes,No,No,Month-to-month,Yes,Credit card (automatic),86.78,3133.36,Yes
CUST-5856,Male,0,No,Yes,27,Yes,No,Fiber optic,Yes,No,No,No,Yes,Yes,Month-to-month,Yes,Mailed check,96.97,2611.2,No
CUST-5857,Female,0,No,No,18,Yes,Yes,Fiber optic,No,Yes,Yes,No,Yes,No,Month-to-month,Yes,Credit card (automatic),91.89,1649.52,No
CUST-5858,Female,0,No,No,18,Yes,No,DSL,No,No,Yes,No,Yes,Yes,Month-to-month,No,Bank transfer (automatic),65.7,1175.38,Yes
CUST-5859,Female,0,No,No,9,Yes,No,DSL,No,No,No,Yes,Yes,No,Month-to-month,No,Credit card (automatic),89.69,815.45,Yes
CUST-5860,Female,1,Yes,No,67,Yes,Yes,DSL,No,Yes,Yes,Yes,Yes,Yes,One year,No,Mailed check,76.47,5131.99,No
CUST-5861,Female,0,No,No,7,Yes,Yes,No,No internet service,No internet service,No internet service,No internet service,No internet service,No internet service,Month-to-month,Yes,Electronic check,21.2,139.59,Yes
CUST-5862,Male,1,Yes,Yes,58,Yes,Yes,No,No internet service,No internet service,No internet service,No internet service,No internet service,No internet service,Month-to-month,Yes,Electronic check,25.96,1513.64,Yes
CUST-5863,Male,0,No,No,30,Yes,Yes,DSL,Yes,No,Yes,No,Yes,No,Month-to-month,Yes,Bank transfer (automatic),69.58,2080.25,Yes
CUST-5864,Male,0,No,No,61,Yes,Yes,Fiber optic,Yes,Yes,No,No,No,Yes,One year,Yes,Credit card (automatic),78.27,4772.42,Yes
CUST-5865,Female,0,Yes,No,17,Yes,Yes,No,No internet service,No internet service,No internet service,No internet service,No internet service,No internet service,Month-to-month,No,Electronic check,25.65,437.78,Yes
CUST-5866,Male,0,No,No,53,No,No phone service,Fiber optic,No,No,No,No,No,No,Two year,Yes,Bank transfer (automatic),79.51,4213.28,Yes
CUST-5867,Male,0,Yes,No,6,No,No phone service,Fiber optic,No,No,No,No,No,Yes,Two year,No,Mailed check,78.24,462.16,No
CUST-5868,Female,1,Yes,No,39,Yes,Yes,DSL,No,No,No,No,No,No,Two year,Yes,Credit card (automatic),43.97,1720.66,No
CUST-5869,Female,0,Yes,No,25,Yes,No,DSL,No,Yes,Yes,No,No,No,Month-to-month,No,Credit card (automatic),50.36,1262.75,Yes
CUST-5870,Male,0,Yes,No,42,Yes,Yes,Fiber optic,No,No,No,No,No,No,Month-to-month,Yes,Electronic check,80.37,3384.36,Yes
CUST-5871,Male,0,Yes,Yes,42,Yes,No,Fiber optic,No,Yes,Yes,No,No,Yes,Month-to-month,Yes,Bank transfer (automatic),71.59,3003.84,No
CUST-5872,Male,0,Yes,No,59,Yes,No,Fiber optic,Yes,Yes,No,No,Yes,No,Two year,No,Bank transfer (automatic),86.58,5106.83,No
CUST-5873,Male,0,No,No,38,No,No phone service,DSL,Yes,Yes,No,No,No,No,Month-to-month,Yes,Bank transfer (automatic),50.33,1909.54,No
CUST-5874,Male,0,No,Yes,31,Yes,Yes,No,No internet service,No internet service,No internet service,No internet service,No internet service,No internet service,Month-to-month,No,Electronic check,25.38,778.04,Yes
CUST-5875,Female,0,No,Yes,29,Yes,No,Fiber optic,No,No,Yes,No,No,Yes,One year,Yes,Credit card (automatic),70.93,2048.07,No
CUST-5876,Female,0,Yes,Yes,9,Yes,Yes,DSL,Yes,No,Yes,No,Yes,Yes,Month-to-month,No,Electronic check,61.41,557.92,Yes
CUST-5877,Female,0,No,No,1,Yes,Yes,DSL,No,Yes,No,Yes,No,Yes,One year,No,Bank transfer (automatic),55.75,55.75,No
CUST-5878,Male,0,No,No,72,Yes,No,Fiber optic,Yes,No,Yes,Yes,Yes,No,Month-to-month,No,Electronic check,101.02,7273.18,No
CUST-5879,Female,0,Yes,Yes,47,Yes,Yes,DSL,No,No,No,Yes,Yes,Yes,Month-to-month,Yes,Mailed check,83.94,3954.76,No
CUST-5880,Male,0,No,No,10,Yes,Yes,DSL,Yes,No,No,No,No,No,Month-to-month,Yes,Credit card (automatic),45.99,450.25,Yes
CUST-5881,Male,0,Yes,No,16,Yes,Yes,DSL,No,No,No,Yes,Yes,No,Month-to-month,Yes,Electronic check,74.74,1196.19,No
CUST-5882,Female,0,No,No,47,Yes,No,No,No internet service,No internet service,No internet service,No internet service,No internet service,No internet service,Month-to-month,Yes,Credit card (automatic),18.5,869.86,No
CUST-5883,Male,1,Yes,Yes,43,Yes,No,Fiber optic,Yes,Yes,Yes,No,No,Yes,One year,Yes,Mailed check,73.11,3153.7,No
CUST-5884,Male,0,Yes,No,24,Yes,No,DSL,No,No,Yes,No,No,No,Two year,Yes,Electronic check,54.02,1303.17,Yes
CUST-5885,Female,0,No,No,8,Yes,No,Fiber optic,No,Yes,No,No,Yes,Yes,One year,Yes,Electronic check,83.86,662.22,Yes
CUST-5886,Male,1,Yes,No,26,No,No phone service,Fiber optic,No,Yes,No,No,Yes,Yes,Month-to-month,Yes,Mailed check,82.07,2126.96,Yes
CUST-5887,Female,0,Yes,No,7,No,No phone service,DSL,No,No,No,No,Yes,No,Month-to-month,No,Electronic check,70.6,484.88,Yes
CUST-5888,Male,0,No,No,15,Yes,Yes,Fiber optic,No,Yes,Yes,No,Yes,No,Month-to-month,Yes,Credit card (automatic),92.46,1380.84,No
CUST-5889,Female,0,No,No,48,Yes,Yes,Fiber optic,Yes,Yes,No,No,No,No,Two year,No,Electronic check,68.98,3305.29,No
CUST-5890,Male,0,No,Yes,3,Yes,Yes,Fiber optic,Yes,No,Yes,Yes,Yes,No,Month-to-month,Yes,Bank transfer (automatic),110.73,323.99,No
CUST-5891,Male,0,Yes,Yes,16,No,No phone service,Fiber optic,Yes,Yes,Yes,Yes,Yes,Yes,Month-to-month,Yes,Mailed check,95.08,1521.82,Yes
CUST-5892,Female,0,Yes,No,14,Yes,No,Fiber optic,Yes,Yes,No,No,Yes,No,Month-to-month,Yes,Electronic check,94.6,1333.9,Yes
CUST-5893,Male,0,No,Yes,3,Yes,No,DSL,No,No,No,No,No,No,Two year,No,Credit card (automatic),55.62,172.94,No
CUST-5894,Male,0,Yes,Yes,70,Yes,Yes,DSL,Yes,No,No,No,Yes,No,Month-to-month,Yes,Electronic check,72.59,5075.37,No
CUST-5895,Male,0,Yes,No,31,Yes,Yes,Fiber optic,No,Yes,No,No,Yes,No,One year,Yes,Credit card (automatic),84.03,2610.59,No
CUST-5896,Male,0,No,Yes,17,Yes,Yes,No,No internet service,No internet service,No internet service,No internet service,No internet service,No internet service,Month-to-month,Yes,Electronic check,19.84,346.92,No
CUST-5897,Male,0,Yes,No,49,Yes,No,Fiber optic,Yes,No,Yes,No,Yes,Yes,Month-to-month,No,Electronic check,82.59,4053.61,No
CUST-5898,Male,0,Yes,No,3,Yes,No,DSL,Yes,No,No,No,No,No,One year,Yes,Credit card (automatic),57.09,170.64,No
CUST-5899,Female,0,Yes,No,55,Yes,Yes,DSL,Yes,No,No,No,No,No,One year,Yes,Bank transfer (automatic),53.35,2929.64,No
CUST-5900,Male,0,Yes,Yes,72,Yes,Yes,Fiber optic,No,Yes,Yes,No,No,Yes,Two year,No,Bank transfer (automatic),75.43,5435.92,No
CUST-5901,Male,0,Yes,Yes,40,Yes,Yes,DSL,No,Yes,No,Yes,No,No,One year,Yes,Electronic check,61.1,2449.73,No
CUST-5902,Male,0,Yes,Yes,66,Yes,No,DSL,No,No,Yes,No,Yes,No,Month-to-month,Yes,Electronic check,63.91,4214.0,No
CUST-5903,Male,0,Yes,Yes,40,Yes,No,Fiber optic,Yes,Yes,No,No,No,Yes,Month-to-month,Yes,Bank transfer (automatic),75.16,3000.88,No
CUST-5904,Female,1,No,Yes,30,Yes,Yes,No,No internet service,No internet service,No internet service,No internet service,No internet service,No internet service,One year,Yes,Mailed check,26.01,783.74,No
CUST-5905,Male,0,No,No,25,No,No phone service,Fiber optic,No,No,Yes,Yes,Yes,Yes,One year,Yes,Electronic check,108.58,2722.27,No
CUST-5906,Female,1,Yes,No,7,Yes,Yes,DSL,Yes,No,No,No,No,Yes,Two year,Yes,Electronic check,48.33,328.72,Yes
CUST-5907,Male,0,No,No,50,Yes,Yes,DSL,Yes,Yes,No,No,Yes,Yes,Month-to-month,No,Credit card (automatic),61.06,3062.74,Yes
CUST-5908,Female,0,Yes,No,1,Yes,No,Fiber optic,No,No,Yes,Yes,No,No,One year,Yes,Credit card (automatic),92.27,92.27,Yes
CUST-5909,Female,0,Yes,No,44,Yes,No,No,No internet service,No internet service,No internet service,No internet service,No internet service,No internet service,Month-to-month,No,Electronic check,24.24,1063.55,Yes
CUST-5910,Female,0,Yes,No,49,Yes,No,No,No internet service,No internet service,No internet service,No internet service,No internet service,No internet service,Month-to-month,Yes,Credit card (automatic),25.36,1233.7,No
CUST-5911,Female,1,No,Yes,7,Yes,No,Fiber optic,No,Yes,No,Yes,No,Yes,Month-to-month,No,Electronic check,85.68,590.87,Yes
CUST-5912,Female,0,No,No,3,Yes,Yes,Fiber optic,Yes,No,No,No,No,Yes,One year,Yes,Credit card (automatic),73.31,215.39,Yes
CUST-5913,Male,0,No,No,1,Yes,No,DSL,No,Yes,No,No,No,Yes,Two year,No,Electronic check,53.44,54.74,No
CUST-5914,Male,0,Yes,Yes,51,Yes,Yes,DSL,Yes,Yes,Yes,No,No,No,Month-to-month,No,Bank transfer (automatic),46.93,2401.45,No
CUST-5915,Female,1,Yes,No,38,No,No phone service,DSL,Yes,No,No,Yes,No,No,Two year,Yes,Mailed check,66.39,2514.22,No
CUST-5916,Male,0,No,No,43,Yes,Yes,No,No internet service,No internet service,No internet service,No internet service,No internet service,No internet service,Month-to-month,No,Electronic check,20.62,887.58,No
CUST-5917,Male,0,Yes,Yes,55,No,No phone service,DSL,Yes,Yes,No,Yes,Yes,Yes,Month-to-month,Yes,Bank transfer (automatic),76.8,4222.32,No
CUST-5918,Female,0,No,No,57,Yes,No,DSL,No,No,No,No,No,No,One year,Yes,Electronic check,56.91,3253.66,No
CUST-5919,Male,0,No,No,53,No,No phone service,No,No internet service,No internet service,No internet service,No internet service,No internet service,No internet service,Month-to-month,No,Electronic check,19.83,1044.73,No
CUST-5920,Female,0,No,No,33,Yes,No,DSL,Yes,No,Yes,No,No,Yes,Month-to-month,Yes,Mailed check,46.42,1529.25,Yes
CUST-5921,Female,1,No,No,62,Yes,No,DSL,No,Yes,No,No,No,No,Two year,No,Credit card (automatic),54.71,3382.69,Yes
CUST-5922,Female,0,No,No,11,Yes,No,Fiber optic,Yes,No,No,No,Yes,Yes,One year,Yes,Credit card (automatic),98.17,1088.15,Yes
CUST-5923,Female,0,No,No,72,Yes,No,Fiber optic,No,Yes,No,Yes,No,No,Two year,No,Credit card (automatic),90.39,6510.53,No
CUST-5924,Male,0,No,Yes,52,Yes,Yes,Fiber optic,Yes,Yes,Yes,No,Yes,No,Two year,No,Credit card (automatic),85.92,4469.6,No
CUST-5925,Male,0,Yes,No,1,Yes,No,No,No internet service,No internet service,No internet service,No internet service,No internet service,No internet service,Two year,Yes,Mailed check,18.5,18.5,Yes
CUST-5926,Male,0,No,No,14,Yes,No,DSL,No,No,No,Yes,No,No,Month-to-month,Yes,Mailed check,64.64,896.94,No
CUST-5927,Male,1,Yes,Yes,21,Yes,No,No,No internet service,No internet service,No internet service,No internet service,No internet service,No internet service,Two year,Yes,Credit card (automatic),32.29,683.9,No
CUST-5928,Female,0,Yes,No,34,Yes,No,Fiber optic,Yes,No,No,No,No,No,Two year,No,Electronic check,77.61,2639.73,No
CUST-5929,Female,1,Yes,No,14,Yes,No,DSL,No,No,No,Yes,Yes,Yes,Month-to-month,Yes,Credit card (automatic),76.54,1065.54,No
CUST-5930,Male,0,Yes,Yes,40,No,No phone service,Fiber optic,Yes,No,Yes,Yes,Yes,No,Two year,Yes,Mailed check,104.01,4161.4,No
CUST-5931,Male,0,No,No,35,No,No phone service,DSL,Yes,No,Yes,No,Yes,Yes,One year,Yes,Mailed check,60.88,2140.16,Yes
CUST-5932,Female,0,No,Yes,42,Yes,No,DSL,Yes,No,No,No,No,Yes,One year,Yes,Electronic check,51.48,2154.23,Yes
CUST-5933,Male,0,Yes,No,20,Yes,Yes,No,No internet service,No internet service,No internet service,No internet service,No internet service,No internet service,Month-to-month,Yes,Electronic check,18.5,379.4,No
CUST-5934,Male,0,Yes,No,60,Yes,No,DSL,No,Yes,Yes,No,Yes,No,Month-to-month,No,Bank transfer (automatic),66.85,4016.5,Yes
CUST-5935,Male,0,No,Yes,9,Yes,No,DSL,Yes,Yes,No,Yes,No,No,One year,Yes,Mailed check,65.04,578.24,No
CUST-5936,Female,0,No,No,33,Yes,Yes,DSL,Yes,No,No,No,Yes,No,Month-to-month,Yes,Electronic check,72.91,2412.32,Yes
CUST-5937,Female,0,No,No,49,Yes,No,DSL,No,Yes,No,No,No,Yes,Month-to-month,Yes,Electronic check,52.59,2581.79,Yes
CUST-5938,Female,1,Yes,No,68,Yes,Yes,Fiber optic,No,Yes,No,No,No,No,Month-to-month,Yes,Mailed check,79.94,5437.4,No
CUST-5939,Female,0,No,Yes,4,Yes,Yes,No,No internet service,No internet service,No internet service,No internet service,No internet service,No internet service,Two year,Yes,Bank transfer (automatic),23.7,100.29,No
CUST-5940,Male,1,No,Yes,48,Yes,No,Fiber optic,No,No,No,No,Yes,No,Month-to-month,Yes,Mailed check,91.06,4363.7,No
CUST-5941,Male,0,Yes,No,16,Yes,No,DSL,No,Yes,Yes,No,No,Yes,One year,Yes,Electronic check,52.93,851.31,No
CUST-5942,Female,0,Yes,No,47,Yes,Yes,Fiber optic,No,Yes,No,No,No,No,Two year,No,Mailed check,76.12,3580.46,No
CUST-5943,Male,0,Yes,No,26,Yes,No,DSL,No,Yes,No,No,Yes,No,Month-to-month,Yes,Electronic check,59.16,1533.85,Yes
CUST-5944,Female,0,Yes,No,70,Yes,No,DSL,No,Yes,Yes,Yes,Yes,Yes,Month-to-month,No,Electronic check,82.78,5798.41,No
CUST-5945,Female,0,No,No,37,Yes,No,DSL,Yes,No,No,No,Yes,Yes,Month-to-month,Yes,Bank transfer (automatic),63.99,2371.21,No
CUST-5946,Female,0,Yes,Yes,22,Yes,No,Fiber optic,No,Yes,No,No,No,Yes,Two year,No,Bank transfer (automatic),83.27,1826.72,Yes
CUST-5947,Female,0,Yes,Yes,7,Yes,No,Fiber optic,No,No,Yes,No,Yes,No,Month-to-month,Yes,Mailed check,86.01,595.02,No
CUST-5948,Female,0,Yes,No,42,Yes,No,No,No internet service,No internet service,No internet service,No internet service,No internet service,No internet service,One year,Yes,Bank transfer (automatic),18.5,774.25,No
CUST-5949,Female,0,Yes,No,30,Yes,No,Fiber optic,Yes,No,Yes,No,Yes,Yes,One year,No,Bank transfer (automatic),94.07,2820.08,No
CUST-5950,Male,0,No,No,6,Yes,Yes,Fiber optic,No,No,No,No,No,Yes,Month-to-month,Yes,Electronic check,63.08,384.96,Yes
CUST-5951,Male,0,Yes,No,24,Yes,Yes,DSL,Yes,No,No,No,Yes,Yes,One year,No,Electronic check,69.7,1671.52,No
CUST-5952,Male,0,No,No,66,Yes,Yes,No,No internet service,No internet service,No internet service,No internet service,No internet service,No internet service,Month-to-month,No,Electronic check,24.83,1643.51,No
CUST-5953,Female,0,Yes,No,40,Yes,No,No,No internet service,No internet service,No internet service,No internet service,No internet service,No internet service,Month-to-month,Yes,Credit card (automatic),18.5,739.25,No
CUST-5954,Male,0,No,Yes,15,Yes,Yes,No,No internet service,No internet service,No internet service,No internet service,No internet service,No internet service,Month-to-month,Yes,Electronic check,18.68,271.54,Yes
CUST-5955,Female,0,No,No,53,Yes,Yes,DSL,No,No,Yes,No,Yes,No,Month-to-month,No,Credit card (automatic),59.7,3167.15,No
CUST-5956,Male,0,No,No,5,Yes,No,Fiber optic,No,No,No,No,Yes,No,Month-to-month,Yes,Credit card (automatic),86.28,439.31,Yes
CUST-5957,Female,0,No,No,36,Yes,No,Fiber optic,Yes,No,Yes,No,Yes,Yes,Month-to-month,Yes,Bank transfer (automatic),91.1,3279.97,No
CUST-5958,Male,0,No,No,46,Yes,No,DSL,Yes,No,No,Yes,Yes,Yes,Two year,No,Mailed check,82.96,3820.2,No
CUST-5959,Female,0,Yes,No,23,Yes,Yes,No,No internet service,No internet service,No internet service,No internet service,No internet service,No internet service,Month-to-month,Yes,Bank transfer (automatic),18.5,431.08,No
CUST-5960,Female,0,No,No,45,Yes,Yes,DSL,Yes,No,No,Yes,Yes,Yes,One year,Yes,Electronic check,77.75,3498.1,No
CUST-5961,Male,0,No,Yes,10,Yes,Yes,DSL,No,No,No,No,Yes,No,Month-to-month,Yes,Electronic check,66.0,655.0,Yes
CUST-5962,Male,0,No,No,54,Yes,Yes,Fiber optic,Yes,No,Yes,Yes,No,Yes,Month-to-month,Yes,Mailed check,93.79,5071.86,No
CUST-5963,Female,0,Yes,No,70,Yes,Yes,DSL,No,Yes,No,No,Yes,Yes,One year,Yes,Credit card (automatic),65.44,4587.37,No
CUST-5964,Male,0,Yes,Yes,32,Yes,Yes,No,No internet service,No internet service,No internet service,No internet service,No internet service,No internet service,One year,No,Bank transfer (automatic),22.11,714.71,No
CUST-5965,Male,0,No,Yes,43,Yes,Yes,Fiber optic,No,No,No,No,Yes,Yes,Month-to-month,Yes,Bank transfer (automatic),88.96,3831.8,Yes
CUST-5966,Female,0,Yes,No,15,Yes,No,DSL,No,No,No,No,No,Yes,One year,No,Credit card (automatic),40.7,603.16,No
CUST-5967,Female,0,Yes,Yes,66,Yes,Yes,Fiber optic,Yes,Yes,No,No,No,Yes,Month-to-month,No,Bank transfer (automatic),79.31,5232.75,Yes
CUST-5968,Female,0,Yes,No,15,Yes,Yes,DSL,Yes,Yes,No,No,No,Yes,Month-to-month,Yes,Mailed check,38.4,569.83,No
CUST-5969,Male,0,No,No,20,Yes,No,Fiber optic,No,No,No,No,Yes,No,One year,No,Credit card (automatic),85.06,1694.3,No
CUST-5970,Male,0,No,No,50,Yes,No,Fiber optic,No,No,No,Yes,Yes,Yes,Month-to-month,Yes,Electronic check,105.85,5298.13,Yes
CUST-5971,Female,1,No,No,6,Yes,No,Fiber optic,No,No,Yes,Yes,Yes,No,Month-to-month,Yes,Electronic check,101.68,609.71,Yes
CUST-5972,Female,1,Yes,No,17,Yes,No,No,No internet service,No internet service,No internet service,No internet service,No internet service,No internet service,Month-to-month,Yes,Electronic check,20.32,337.25,Yes
CUST-5973,Female,0,Yes,No,26,Yes,No,Fiber optic,Yes,Yes,No,No,No,Yes,Month-to-month,Yes,Bank transfer (automatic),81.79,2124.66,Yes
CUST-5974,Male,0,Yes,No,22,Yes,No,Fiber optic,Yes,Yes,No,No,Yes,No,One year,Yes,Credit card (automatic),82.03,1814.53,Yes
CUST-5975,Male,0,No,No,64,Yes,No,No,No internet service,No internet service,No internet service,No internet service,No internet service,No internet service,Month-to-month,No,Bank transfer (automatic),21.07,1342.73,No
CUST-5976,Male,0,No,Yes,58,Yes,Yes,Fiber optic,No,No,No,Yes,Yes,No,Two year,Yes,Mailed check,96.71,5607.12,No
CUST-5977,Male,0,Yes,Yes,37,Yes,Yes,DSL,No,No,No,No,No,Yes,Month-to-month,No,Bank transfer (automatic),48.61,1800.46,Yes
CUST-5978,Male,1,No,Yes,72,Yes,No,DSL,Yes,No,No,Yes,Yes,No,Month-to-month,Yes,Bank transfer (automatic),76.4,5494.79,Yes
CUST-5979,Male,0,No,No,28,Yes,No,Fiber optic,No,Yes,Yes,No,No,No,One year,Yes,Bank transfer (automatic),67.52,1899.92,No
CUST-5980,Female,0,Yes,No,49,Yes,No,No,No internet service,No internet service,No internet service,No internet service,No internet service,No internet service,Month-to-month,No,Mailed check,26.52,1302.18,No
CUST-5981,Male,0,Yes,No,67,Yes,No,Fiber optic,No,No,Yes,No,Yes,Yes,Two year,No,Mailed check,91.43,6120.4,No
CUST-5982,Female,0,No,No,67,Yes,No,DSL,No,No,Yes,No,No,Yes,One year,No,Electronic check,56.83,3806.54,No
CUST-5983,Female,1,Yes,No,41,Yes,No,Fiber optic,No,No,No,Yes,No,Yes,Month-to-month,No,Bank transfer (automatic),85.95,3521.17,No
CUST-5984,Female,1,No,No,46,Yes,No,Fiber optic,Yes,Yes,Yes,No,No,Yes,Month-to-month,No,Bank transfer (automatic),80.36,3689.01,Yes
CUST-5985,Male,0,Yes,No,55,Yes,Yes,DSL,No,No,Yes,Yes,No,No,Month-to-month,Yes,Mailed check,67.36,3700.49,No
CUST-5986,Female,0,No,No,11,Yes,Yes,No,No internet service,No internet service,No internet service,No internet service,No internet service,No internet service,Two year,Yes,Mailed check,18.5,204.57,No
CUST-5987,Female,0,No,No,26,Yes,No,No,No internet service,No internet service,No internet service,No internet service,No internet service,No internet service,Month-to-month,No,Electronic check,18.5,472.76,No
CUST-5988,Female,0,No,Yes,72,Yes,No,Fiber optic,Yes,Yes,Yes,No,No,No,Month-to-month,Yes,Bank transfer (automatic),69.53,4997.13,No
CUST-5989,Female,0,No,No,13,Yes,Yes,DSL,Yes,No,No,No,No,No,Month-to-month,No,Electronic check,51.32,667.99,No
CUST-5990,Female,0,No,No,36,Yes,No,Fiber optic,No,No,No,Yes,No,No,Month-to-month,No,Bank transfer (automatic),91.16,3280.44,No
CUST-5991,Female,0,No,No,64,Yes,No,DSL,No,No,No,No,No,Yes,Month-to-month,Yes,Credit card (automatic),57.49,3673.13,No
CUST-5992,Male,0,Yes,Yes,51,No,No phone service,Fiber optic,Yes,No,No,No,Yes,No,Two year,Yes,Electronic check,85.25,4352.0,No
CUST-5993,Female,0,Yes,No,22,Yes,Yes,DSL,No,No,No,No,Yes,Yes,One year,Yes,Electronic check,67.38,1474.12,No
CUST-5994,Male,0,No,No,60,Yes,No,Fiber optic,Yes,No,No,No,No,Yes,One year,No,Credit card (automatic),76.08,4560.21,Yes
CUST-5995,Female,1,No,No,2,Yes,No,DSL,Yes,Yes,Yes,Yes,No,No,Two year,Yes,Electronic check,61.12,114.27,No
CUST-5996,Male,1,Yes,Yes,56,Yes,No,Fiber optic,No,No,No,No,No,No,Month-to-month,Yes,Credit card (automatic),78.77,4415.67,No
CUST-5997,Male,1,Yes,No,40,No,No phone service,Fiber optic,Yes,No,Yes,No,No,Yes,Two year,Yes,Credit card (automatic),73.37,2937.45,No
CUST-5998,Female,0,No,No,28,Yes,No,No,No internet service,No internet service,No internet service,No internet service,No internet service,No internet service,Month-to-month,Yes,Mailed check,20.71,573.65,No
CUST-5999,Female,0,Yes,Yes,3,Yes,Yes,DSL,No,No,No,Yes,Yes,No,Month-to-month,No,Bank transfer (automatic),80.64,243.07,No
